HSCode,Description,Partner_Country,Unit,Quantity,Exports_Value_Rs_Thousands,Exports_Value_Rs_Billion
01029000,Other live bovine animal (except cattle and buffalo ),India,PCS,27,550,0.00055
01039100,Live swine weighing <50kg (except pure-bred breeding),India,PCS,719,2994.5,0.002995
02102000,"Meat of bovine animals, salted or smoke edible flours and meals of meat offal.",Hong Kong,Kg,89,94.85175,0.000095
02102000,"Meat of bovine animals, salted or smoke edible flours and meals of meat offal.",United Arab Emirates,Kg,390.200012,717.4158,0.000717
04051000,Butter,India,Kg,3000,1500,0.0015
04059010,Ghee,Australia,Kg,11.2,9.74848,0.00001
04059010,Ghee,Japan,Kg,1092,1073.77475,0.001074
04059010,Ghee,"Korea, Republic of",Kg,5,3,0.000003
04059010,Ghee,Netherlands,Kg,183,231.60189,0.000232
04059010,Ghee,United Arab Emirates,Kg,18.3,50.8273,0.000051
04059010,Ghee,United Kingdom,Kg,223.299999,133.68413,0.000134
04069010,Other cheese,India,Kg,7000,1895,0.001895
04069010,Other cheese,Japan,Kg,1.8,3.0662,0.000003
04090090,Other natural honey,Japan,Kg,375,1084.56463,0.001085
04090090,Other natural honey,Netherlands,Kg,106,967.92837,0.000968
04090090,Other natural honey,Singapore,Kg,0.7,2.1266,0.000002
05010000,"Human hair, unworked, whether or not washed or scoured; waste of human hair.","Korea, Republic of",Kg,39,1012.80444,0.001013
05080000,"Coral; shells of molluscs, crustaceans or echinoderms and cuttlebone, unworked",Australia,Kg,0.3,1.5421,0.000002
06011000,"Bulbs, tubers, tuberous roots, corms, crowns & rhizomes, dormat",Qatar,PCS,336,75.3984,0.000075
07049000,"White and red cabbages, kohlrabi, kalee tc, fresh or chilled.",India,Kg,3914685,62360.222,0.06236
07081000,"Peas (pisum sativum), fresh or chilled",India,Kg,185900,2957.8,0.002958
07092000,"Asparagus, fresh or chilled",United Arab Emirates,Kg,895,67.37779,0.000067
07099900,Other fresh or chilled vegetables,Hong Kong,Kg,395,9.2526,0.000009
07099900,Other fresh or chilled vegetables,India,Kg,1300,39,0.000039
07099900,Other fresh or chilled vegetables,Qatar,Kg,17710.5,1961.28497,0.001961
07099900,Other fresh or chilled vegetables,Saudi Arabia,Kg,680,386.36453,0.000386
07099900,Other fresh or chilled vegetables,United Arab Emirates,Kg,10815.099976,1828.68659,0.001829
07099900,Other fresh or chilled vegetables,United Kingdom,Kg,375,9.1224,0.000009
07134090,"Red lentils (except Unskinned, unsplit)",India,Kg,123030,23462.3015,0.023462
08045000,"Guavas, mangoes and mangosteens, fresh or dried.",United Arab Emirates,Kg,81,33.87196,0.000034
08045020,Mangoes,Qatar,Kg,1759,75.45717,0.000075
08045020,Mangoes,United Arab Emirates,Kg,59.5,17.42636,0.000017
08083000,"Pears, fresh",India,Kg,8800,281.6,0.000282
08083000,"Pears, fresh",Qatar,Kg,306,40.73544,0.000041
08083000,"Pears, fresh",United Arab Emirates,Kg,153,19.40543,0.000019
08109090,"Other fruit, fresh, nes",India,Kg,5000,100,0.0001
09011100,"Coffee, not roasted, not decaffeinated",Georgia,Kg,9,21.20388,0.000021
09011100,"Coffee, not roasted, not decaffeinated",Japan,Kg,3402,6779.03784,0.006779
09011100,"Coffee, not roasted, not decaffeinated",Turkey,Kg,1120,3490.7175,0.003491
09011100,"Coffee, not roasted, not decaffeinated",United Kingdom,Kg,500,1498.49512,0.001498
09011100,"Coffee, not roasted, not decaffeinated",United States,Kg,1448.849976,4561.92995,0.004562
09012100,"Roasted coffee, not decaffeinated",India,Kg,24,137.62559,0.000138
09012100,"Roasted coffee, not decaffeinated",Japan,Kg,6,7.4872,0.000007
09012100,"Roasted coffee, not decaffeinated",United Kingdom,Kg,20,48.4946,0.000048
09019000,"Coffee husks and skins,coffee substitutes containing coffee in any proportion",Germany,Kg,15,3.3616,0.000003
09021000,"Green tea,whether or not flavoured, in immidiate packings of content <=3kg",Australia,Kg,0.4,0.30438,0
09021000,"Green tea,whether or not flavoured, in immidiate packings of content <=3kg",Bangladesh,Kg,3,2,0.000002
09021000,"Green tea,whether or not flavoured, in immidiate packings of content <=3kg",Indonesia,Kg,2.7,3.6,0.000004
09021000,"Green tea,whether or not flavoured, in immidiate packings of content <=3kg",Thailand,Kg,2,2.5,0.000003
09022000,"Green tea,whether or not flavoured, nes",Australia,Kg,1935,762.21556,0.000762
09022000,"Green tea,whether or not flavoured, nes",Belgium,Kg,18,85.13185,0.000085
09022000,"Green tea,whether or not flavoured, nes",Canada,Kg,110,30.56,0.000031
09022000,"Green tea,whether or not flavoured, nes",China,Kg,510,5550.36195,0.00555
09022000,"Green tea,whether or not flavoured, nes",Czech Republic,Kg,586,1886.58709,0.001887
09022000,"Green tea,whether or not flavoured, nes",France,Kg,300,1432.4455,0.001432
09022000,"Green tea,whether or not flavoured, nes",Germany,Kg,1585,8673.22593,0.008673
09022000,"Green tea,whether or not flavoured, nes",Hong Kong,Kg,165,2.31315,0.000002
09022000,"Green tea,whether or not flavoured, nes",India,Kg,1311,524.4,0.000524
09022000,"Green tea,whether or not flavoured, nes",Japan,Kg,2883.27002,6010.04789,0.00601
09022000,"Green tea,whether or not flavoured, nes","Korea, Republic of",Kg,382,231.0908,0.000231
09022000,"Green tea,whether or not flavoured, nes",Netherlands,Kg,3095,1032.09239,0.001032
09022000,"Green tea,whether or not flavoured, nes",Singapore,Kg,68,524.88519,0.000525
09022000,"Green tea,whether or not flavoured, nes",Slovakia,Kg,101,401.592,0.000402
09022000,"Green tea,whether or not flavoured, nes","Taiwan, Province of China",Kg,7,175.0185,0.000175
09022000,"Green tea,whether or not flavoured, nes",United Arab Emirates,Kg,250,74.7121,0.000075
09022000,"Green tea,whether or not flavoured, nes",United Kingdom,Kg,3525,1145.96363,0.001146
09022000,"Green tea,whether or not flavoured, nes",United States,Kg,1424,1685.93743,0.001686
09024000,Other black tea (fermented) and other partly fermented tea,India,Kg,1916883,488135.48606,0.488135
09024000,Other black tea (fermented) and other partly fermented tea,Japan,Kg,19,44.15628,0.000044
09024000,Other black tea (fermented) and other partly fermented tea,New Zealand,Kg,0.5,1.23088,0.000001
09024000,Other black tea (fermented) and other partly fermented tea,Switzerland,Kg,1,2.73942,0.000003
09024000,Other black tea (fermented) and other partly fermented tea,Turkey,Kg,21563,8920.956,0.008921
09041130,Black Pepper (Marich),Germany,Kg,3,2.292,0.000002
09041140,Neither crushed not ground Pepper (Sichuan pepper),Germany,Kg,1497.699951,4187.31,0.004187
09041190,Other Dried pepper neither crushed nor ground,Japan,Kg,250,302.11119,0.000302
09042100,"Dried, neither, crushed or ground piper & capsicum","Korea, Republic of",Kg,0.2,0.15232,0
09061100,Cinnamon (Cunnamomum zeylanicum Blume) - Neither crushed nor ground,India,Kg,207055,24998.42,0.024998
09061100,Cinnamon (Cunnamomum zeylanicum Blume) - Neither crushed nor ground,Japan,Kg,130,191.48492,0.000191
09083110,Big Cardamon (Alaichi) neither crushed nor ground,India,Kg,387850,675208,0.675208
09083110,Big Cardamon (Alaichi) neither crushed nor ground,Japan,Kg,5,11.48025,0.000011
09101110,Fresh Ginger nither crushed nor ground,India,Kg,2361943,151434.679,0.151435
09101200,Other  Ginger crushed or ground,India,Kg,20010,4002.6,0.004003
09103010,Turmeric (Fresh),United Kingdom,Kg,1200,823.93525,0.000824
09109100,Other Spice mixtures (referred to in Note 1(b) to this Chapter),China,Kg,1890,1452.71805,0.001453
09109100,Other Spice mixtures (referred to in Note 1(b) to this Chapter),Japan,Kg,99.34,76.18879,0.000076
09109100,Other Spice mixtures (referred to in Note 1(b) to this Chapter),New Zealand,Kg,20,12.94125,0.000013
09109100,Other Spice mixtures (referred to in Note 1(b) to this Chapter),United Arab Emirates,Kg,4325.680176,1559.20062,0.001559
09109100,Other Spice mixtures (referred to in Note 1(b) to this Chapter),United Kingdom,Kg,184,41.97724,0.000042
09109990,Other spices nes,Australia,Kg,118,18.2784,0.000018
09109990,Other spices nes,Germany,Kg,110,114.9056,0.000115
09109990,Other spices nes,Hong Kong,Kg,18,12.14072,0.000012
09109990,Other spices nes,India,Kg,42645,3296.688,0.003297
09109990,Other spices nes,Japan,Kg,515,752.7525,0.000753
09109990,Other spices nes,Netherlands,Kg,467,279.05943,0.000279
09109990,Other spices nes,United Arab Emirates,Kg,511,113.92636,0.000114
09109990,Other spices nes,United Kingdom,Kg,3878,556.20719,0.000556
11010000,Wheat or meslin flour except maida,Japan,Kg,36000,3517.22375,0.003517
11010000,Wheat or meslin flour except maida,Saudi Arabia,Kg,3,0.6096,0.000001
11029000,"Other cereal flour, nes",United States,Kg,15369.379883,7710.632,0.007711
11042900,"Other worked grains of other cereals, nes",India,Kg,11500,1081,0.001081
12119010,Yarchhagumba,Cambodia,Kg,1.5,346.9725,0.000347
12119010,Yarchhagumba,China,Kg,7.75,2543.3395,0.002543
12119010,Yarchhagumba,Hong Kong,Kg,38.5,27900.65881,0.027901
12119010,Yarchhagumba,Malaysia,Kg,4.3,3218.23169,0.003218
12119010,Yarchhagumba,Poland,Kg,0.5,1788.9375,0.001789
12119010,Yarchhagumba,Singapore,Kg,2.97,3255.25726,0.003255
12119010,Yarchhagumba,United Kingdom,Kg,0.5,379.75,0.00038
12119010,Yarchhagumba,Viet Nam,Kg,10.1,7371.99056,0.007372
12119090,"Other plants or parts, of a kind used in perfumery, pharmacy etc, nes",Bangladesh,Kg,4020,1876.31345,0.001876
12119090,"Other plants or parts, of a kind used in perfumery, pharmacy etc, nes",China,Kg,27320.47998,15217.134,0.015217
12119090,"Other plants or parts, of a kind used in perfumery, pharmacy etc, nes",France,Kg,15,37.81635,0.000038
12119090,"Other plants or parts, of a kind used in perfumery, pharmacy etc, nes",Hong Kong,Kg,528.600006,138.02122,0.000138
12119090,"Other plants or parts, of a kind used in perfumery, pharmacy etc, nes",India,Kg,456991.5,88381.262,0.088381
12119090,"Other plants or parts, of a kind used in perfumery, pharmacy etc, nes","Korea, Republic of",Kg,0.05,4.5,0.000005
12119090,"Other plants or parts, of a kind used in perfumery, pharmacy etc, nes",Malaysia,Kg,10800,1684.588,0.001685
12119090,"Other plants or parts, of a kind used in perfumery, pharmacy etc, nes",United Arab Emirates,Kg,290,17.57994,0.000018
12119090,"Other plants or parts, of a kind used in perfumery, pharmacy etc, nes",United States,Kg,10,121.77792,0.000122
12119090,"Other plants or parts, of a kind used in perfumery, pharmacy etc, nes",Viet Nam,Kg,1,3.88391,0.000004
13019000,"Natural gums, resins, gum-resins,natural oeoresesins and balsams (excl gum arab",France,Kg,300,10319.4,0.010319
13021900,"Other vegetable saps and extracts, nes",China,Kg,12000,54120,0.05412
13021900,"Other vegetable saps and extracts, nes",India,Kg,141250,48644.176,0.048644
13021900,"Other vegetable saps and extracts, nes","Korea, Republic of",Kg,0.2,4,0.000004
13021900,"Other vegetable saps and extracts, nes",Thailand,Kg,0.05,4,0.000004
14019000,"Vegetable materials for plaiting, (excl. bamboos and rattans)",Australia,Kg,8649,4395.4765,0.004395
14049010,Semi processed catechu of acacia (liquid ka tha),India,Kg,203140,45788,0.045788
14049010,Semi processed catechu of acacia (liquid ka tha),Japan,Kg,16500,23438.25,0.023438
14049020,Cetechu of acacia (Kattha),India,Kg,172690,172564.96,0.172565
14049050,Rudrakshya seeds,China,Kg,34521,2392.81418,0.002393
14049050,Rudrakshya seeds,France,Kg,7.5,17.585,0.000018
14049050,Rudrakshya seeds,India,Kg,28000,470.4,0.00047
14049050,Rudrakshya seeds,Japan,Kg,28,12.0708,0.000012
14049050,Rudrakshya seeds,United States,Kg,1.2,58.4288,0.000058
14049060,Peal of edqeworthia crysantha(Mitusmata)(Ar eli ko bokra),Japan,Kg,16500,23760,0.02376
14049070,Shopnut,Bangladesh,Kg,5400,398.96663,0.000399
14049070,Shopnut,India,Kg,40100,3130.304,0.00313
14049080,Broom grass (Amriso),India,Kg,1944000,143611.82,0.143612
14049092,Bodhichitta seeds,China,Kg,1657,607.35799,0.000607
14049092,Bodhichitta seeds,France,Kg,1.7,13.3646,0.000013
14049099,Other vegetable products,India,Kg,2000,640,0.00064
15079000,Soya-bean oil (excl. crude) and fractions,India,Kg,74069148.561768,17993454.74746,17.993455
15119010,Refined bleached deodorized palm oil,India,LTR,1767120.247559,353881.2,0.353881
15119020,Refined bleached deodorized palm olein,India,LTR,2134379.929613,1292938.752,1.292939
15121900,Sunflower-seed and safflower oil (excl. crude) and fractions thereof,India,LTR,5390492.493896,1207547.44605,1.207547
15141100,Crude oil of low erucic acid rape or colza oil,India,LTR,39147.25,8150.7712,0.008151
15141900,Other oil of low erucic acid rape or colza oil and its fractions,India,LTR,233760,52363.488,0.052363
15149110,Crude oil of canola (Rapseed),India,LTR,57690,12922.56,0.012923
15149190,Other crude oil,India,LTR,426840.34906,91914.72,0.091915
15149910,Other of canola (Rapeseed) nes,India,LTR,436745.751801,89349.852,0.08935
15149990,"Other of rape, colza or mustard oil & fractions thereof nes",India,LTR,198825,45726.804,0.045727
15159000,Other fixed vegetable fats and fractions (NON_EDABLE),India,LTR,24040,5173.408,0.005173
15180000,"Animal, vegetable or microbial fats and oils and their fractions, boiled, oxidised, d",India,LTR,1699700,7081.6568,0.007082
15220000,Degras; residues of fatty substances or animal or vegetable waxes,India,Kg,60230,4818.4,0.004818
17029020,"Artificial Honey, Weather or not mixed with natural honey",Netherlands,Kg,27.8,37.75105,0.000038
17029020,"Artificial Honey, Weather or not mixed with natural honey",United Arab Emirates,Kg,18.8,21.5666,0.000022
17029020,"Artificial Honey, Weather or not mixed with natural honey",United Kingdom,Kg,231,44.645,0.000045
17031000,Cane molasses resulting from the extraction  or refining of sugar,Bangladesh,Kg,275000,5801.06993,0.005801
17031000,Cane molasses resulting from the extraction  or refining of sugar,India,Kg,2817110,51506.536,0.051507
17049000,"Sugar confectionery (including white chocolate), not containing cocoa",India,Kg,67628.88063,23418.66492,0.023419
18063200,"Not filled (Chocolate, etc, containing cocoa in blocks, slabs or bars)",Australia,Kg,3.5,5.3851,0.000005
18069090,"Other Chocolate, etc, containing cocoa, not in blocks, slabs or bars, nes.",India,Kg,1687.199951,1022.48,0.001022
18069090,"Other Chocolate, etc, containing cocoa, not in blocks, slabs or bars, nes.",Japan,Kg,4.6,6.23124,0.000006
19021100,Uncooked pasta containing eggs not stuffed,Australia,Kg,54849.218903,30615.48045,0.030615
19021100,Uncooked pasta containing eggs not stuffed,China,Kg,8500,1734,0.001734
19021100,Uncooked pasta containing eggs not stuffed,Qatar,Kg,1253,548.64,0.000549
19023000,"Other pasta, nes",Australia,Kg,101235.529297,41801.03275,0.041801
19023000,"Other pasta, nes",Bhutan,Kg,5181.400017,1868.82783,0.001869
19023000,"Other pasta, nes",Canada,Kg,17900,5893.36655,0.005893
19023000,"Other pasta, nes",China,Kg,3060,915.77431,0.000916
19023000,"Other pasta, nes",Hong Kong,Kg,9823,2001.28155,0.002001
19023000,"Other pasta, nes",India,Kg,937512.499047,216490.71879,0.216491
19023000,"Other pasta, nes",Italy,Kg,9600,3532.02575,0.003532
19023000,"Other pasta, nes",Japan,Kg,85324,22069.2139,0.022069
19023000,"Other pasta, nes",Kuwait,Kg,18845,9531.26981,0.009531
19023000,"Other pasta, nes",New Zealand,Kg,19484.319336,5802.79425,0.005803
19023000,"Other pasta, nes",Qatar,Kg,16299,4496.883,0.004497
19023000,"Other pasta, nes",United Arab Emirates,Kg,27962.699951,7291.42005,0.007291
19023000,"Other pasta, nes",United Kingdom,Kg,16644.44043,4994.4416,0.004994
19023000,"Other pasta, nes",United States,Kg,64992.400391,26159.41607,0.026159
19042000,Prepared foods obtained from unroasted cereal flakes or mixtures of unroasted & r,Australia,Kg,400,24.00202,0.000024
19042000,Prepared foods obtained from unroasted cereal flakes or mixtures of unroasted & r,Hong Kong,Kg,593,51.46427,0.000051
19042000,Prepared foods obtained from unroasted cereal flakes or mixtures of unroasted & r,Netherlands,Kg,3308,560.63069,0.000561
19042000,Prepared foods obtained from unroasted cereal flakes or mixtures of unroasted & r,United Arab Emirates,Kg,1105,77.92409,0.000078
19042000,Prepared foods obtained from unroasted cereal flakes or mixtures of unroasted & r,United Kingdom,Kg,11461,722.4731,0.000722
19049020,Flattened rice(Chiura),Australia,Kg,49180.404297,25616.027,0.025616
19049020,Flattened rice(Chiura),Belgium,Kg,20732,9329.531,0.00933
19049020,Flattened rice(Chiura),Italy,Kg,41473.880859,18788.208,0.018788
19049020,Flattened rice(Chiura),Japan,Kg,52043,6668.58837,0.006669
19049020,Flattened rice(Chiura),Malaysia,Kg,12395,7943.366,0.007943
19049020,Flattened rice(Chiura),United States,Kg,69677.290039,44068.02363,0.044068
19053100,Sweet biscuits,Canada,Kg,680,177.87991,0.000178
19053100,Sweet biscuits,India,Kg,573.450012,268.5888,0.000269
19053100,Sweet biscuits,Japan,Kg,588,275.00181,0.000275
19053200,Waffles and wafers,Australia,Kg,475.200012,699.20331,0.000699
19059020,"Kurkure, Kurmure, Lays, Cheeseballs",Bhutan,Kg,3789.600006,2121.44793,0.002121
19059020,"Kurkure, Kurmure, Lays, Cheeseballs",Canada,Kg,522,240.5676,0.000241
19059020,"Kurkure, Kurmure, Lays, Cheeseballs",India,Kg,29425.479902,16393.49003,0.016393
19059020,"Kurkure, Kurmure, Lays, Cheeseballs",Italy,Kg,3933.599998,2395.65233,0.002396
19059020,"Kurkure, Kurmure, Lays, Cheeseballs",Japan,Kg,1358.640015,911.54062,0.000912
19059020,"Kurkure, Kurmure, Lays, Cheeseballs","Korea, Republic of",Kg,2640,1559.1865,0.001559
19059020,"Kurkure, Kurmure, Lays, Cheeseballs",Qatar,Kg,5752,2384.99175,0.002385
19059020,"Kurkure, Kurmure, Lays, Cheeseballs",Singapore,Kg,482,270.63119,0.000271
19059020,"Kurkure, Kurmure, Lays, Cheeseballs",United Arab Emirates,Kg,5881,1810.2525,0.00181
19059020,"Kurkure, Kurmure, Lays, Cheeseballs",United Kingdom,Kg,8282.110352,3342.94775,0.003343
19059030,Papad,United Kingdom,Kg,40,14.0576,0.000014
19059050,Biscuits not specified elsewhere,Australia,Kg,480,514.61312,0.000515
19059050,Biscuits not specified elsewhere,Canada,Kg,403.200012,253.2222,0.000253
19059050,Biscuits not specified elsewhere,India,Kg,16702.02,5077.64492,0.005078
19059089,Other prepared crisp savoury food products,Australia,Kg,10044,3864.20775,0.003864
19059090,Other bakers' wares nes,Hong Kong,Kg,30,1.5421,0.000002
19059090,Other bakers' wares nes,Japan,Kg,9195,2278.09187,0.002278
19059090,Other bakers' wares nes,United States,Kg,1232.599976,459.30433,0.000459
20019000,"Other vegetables, fruits, etc, preserved by vinegar or acetic acid, nes",Canada,Kg,18331.820312,8827.51,0.008828
20019000,"Other vegetables, fruits, etc, preserved by vinegar or acetic acid, nes",United Arab Emirates,Kg,1049.599976,130.93975,0.000131
20041090,"Other potatoes prepared or preserved otherwise than by vinegar or acetic acid, froz","Korea, Republic of",Kg,6,0.30408,0
20091100,"Frozen orange juice, unfermented, not containing added spirit",India,LTR,1025602.440166,113903.92603,0.113904
20092100,Grapefruit juice of a brix value <=20,India,LTR,65437.199989,4943.73022,0.004944
20094100,Pineapple juice of a brix value <=20,India,LTR,321151.800069,38285.07013,0.038285
20095000,"Tomato juice, unfermented, not containing added spirit",India,LTR,31500,2436.83999,0.002437
20097100,Apple juice of a brix value <=20  .,India,LTR,577041.416008,62882.05322,0.062882
20099000,"Mixtures of juices, unfermented, not containing added spirit.",China,LTR,10200,934.5,0.000935
20099000,"Mixtures of juices, unfermented, not containing added spirit.",India,LTR,4554126.119157,416354.60189,0.416355
21031000,Soya sauce,United States,Kg,744,151.76633,0.000152
21033000,"Mustard flour and meal, prepared mustard",Japan,Kg,149,36.91981,0.000037
21039010,"Sauces and sauce preparations; mixed condiments and seasonings, nes",Canada,Kg,450,427.1463,0.000427
21039010,"Sauces and sauce preparations; mixed condiments and seasonings, nes",Italy,Kg,5100,5767.45388,0.005767
21039010,"Sauces and sauce preparations; mixed condiments and seasonings, nes",Malaysia,Kg,2635.280029,2378.63825,0.002379
21039010,"Sauces and sauce preparations; mixed condiments and seasonings, nes",United States,Kg,2200,2182.53425,0.002183
21039020,Pickle (Achar),Australia,Kg,13002.700195,10693.831,0.010694
21039020,Pickle (Achar),Belgium,Kg,1699.199951,1679.72175,0.00168
21039020,Pickle (Achar),Japan,Kg,16628.400391,12028.31175,0.012028
21039020,Pickle (Achar),"Korea, Republic of",Kg,15242,7651.1695,0.007651
21039020,Pickle (Achar),United Kingdom,Kg,4001,3792.5235,0.003793
21039020,Pickle (Achar),United States,Kg,384,159.642,0.00016
21039090,Other Sauces and preparations,Australia,Kg,21510.880859,8632.30525,0.008632
21039090,Other Sauces and preparations,Japan,Kg,28,4.04524,0.000004
21039090,Other Sauces and preparations,United Kingdom,Kg,350,57.0577,0.000057
21061000,Protein concentrates and textured proteinvsubstences,Japan,Kg,9988,889.71383,0.00089
21061000,Protein concentrates and textured proteinvsubstences,Russian Federation,Kg,360,760.3,0.00076
21069010,"Dalmoth, Namkeen, Bhujiya and Chamena (titbits)",Australia,Kg,34269,14418.52508,0.014419
21069010,"Dalmoth, Namkeen, Bhujiya and Chamena (titbits)",Brunei Darussalam,Kg,55,28.9389,0.000029
21069010,"Dalmoth, Namkeen, Bhujiya and Chamena (titbits)",Hong Kong,Kg,550,49.58831,0.00005
21069010,"Dalmoth, Namkeen, Bhujiya and Chamena (titbits)",Japan,Kg,9924.5,3323.04368,0.003323
21069010,"Dalmoth, Namkeen, Bhujiya and Chamena (titbits)","Korea, Republic of",Kg,56.8,1552.19538,0.001552
21069010,"Dalmoth, Namkeen, Bhujiya and Chamena (titbits)",Malaysia,Kg,1,1.5231,0.000002
21069010,"Dalmoth, Namkeen, Bhujiya and Chamena (titbits)",Maldives,Kg,66,29.15822,0.000029
21069010,"Dalmoth, Namkeen, Bhujiya and Chamena (titbits)",Netherlands,Kg,1410,262.91731,0.000263
21069010,"Dalmoth, Namkeen, Bhujiya and Chamena (titbits)",New Zealand,Kg,135,61.32364,0.000061
21069010,"Dalmoth, Namkeen, Bhujiya and Chamena (titbits)",Qatar,Kg,24,20.39039,0.00002
21069010,"Dalmoth, Namkeen, Bhujiya and Chamena (titbits)",Singapore,Kg,90,16.95044,0.000017
21069010,"Dalmoth, Namkeen, Bhujiya and Chamena (titbits)",Switzerland,Kg,4,5.6488,0.000006
21069010,"Dalmoth, Namkeen, Bhujiya and Chamena (titbits)",Thailand,Kg,12,12.63372,0.000013
21069010,"Dalmoth, Namkeen, Bhujiya and Chamena (titbits)",United Arab Emirates,Kg,1061,214.46499,0.000214
21069010,"Dalmoth, Namkeen, Bhujiya and Chamena (titbits)",United Kingdom,Kg,6087,431.47825,0.000431
21069010,"Dalmoth, Namkeen, Bhujiya and Chamena (titbits)",United States,Kg,2420,899.69669,0.0009
21069091,Food Supplements,Australia,Kg,6,14.86625,0.000015
21069091,Food Supplements,Japan,Kg,34.26,30.60595,0.000031
21069091,Food Supplements,"Korea, Republic of",Kg,19,13.7809,0.000014
21069091,Food Supplements,Malaysia,Kg,3.5,11.50289,0.000012
21069091,Food Supplements,Qatar,Kg,22.5,19.68698,0.00002
21069091,Food Supplements,United Arab Emirates,Kg,8.5,50.86252,0.000051
21069092,Herbal Tea,Czech Republic,Kg,5733.439941,17524.86,0.017525
21069094,Soya chunks (Soyabody  Masyaura),Italy,Kg,11601.5,7722.2725,0.007722
21069094,Soya chunks (Soyabody  Masyaura),"Korea, Republic of",Kg,100,23.88498,0.000024
21069099,Other Food Preparations,Australia,Kg,15226.235029,7913.9575,0.007914
21069099,Other Food Preparations,Bangladesh,Kg,19.26,14.76606,0.000015
21069099,Other Food Preparations,Brunei Darussalam,Kg,259.25,171.74431,0.000172
21069099,Other Food Preparations,China,Kg,3,2.31315,0.000002
21069099,Other Food Preparations,Hong Kong,Kg,575,34.42347,0.000034
21069099,Other Food Preparations,Indonesia,Kg,70,44.09376,0.000044
21069099,Other Food Preparations,Israel,Kg,68,25.83846,0.000026
21069099,Other Food Preparations,Japan,Kg,147834.403982,32451.70711,0.032452
21069099,Other Food Preparations,"Korea, Republic of",Kg,868.65,3952.07467,0.003952
21069099,Other Food Preparations,Malaysia,Kg,1043.170001,576.47754,0.000576
21069099,Other Food Preparations,Maldives,Kg,155.94,101.22109,0.000101
21069099,Other Food Preparations,Netherlands,Kg,32,7.6535,0.000008
21069099,Other Food Preparations,New Zealand,Kg,810.099998,493.90094,0.000494
21069099,Other Food Preparations,Norway,Kg,20.5,8.37375,0.000008
21069099,Other Food Preparations,Philippines,Kg,90.5,55.20892,0.000055
21069099,Other Food Preparations,Qatar,Kg,3504.699987,263.05944,0.000263
21069099,Other Food Preparations,Saudi Arabia,Kg,146.349999,129.17648,0.000129
21069099,Other Food Preparations,Singapore,Kg,201.5,175.02276,0.000175
21069099,Other Food Preparations,Sri Lanka,Kg,32,15.53986,0.000016
21069099,Other Food Preparations,Switzerland,Kg,51.719999,21.76526,0.000022
21069099,Other Food Preparations,Thailand,Kg,18,12.81588,0.000013
21069099,Other Food Preparations,United Arab Emirates,Kg,31166.750058,5174.59133,0.005175
21069099,Other Food Preparations,United Kingdom,Kg,5328,650.59137,0.000651
21069099,Other Food Preparations,United States,Kg,2180,395.77733,0.000396
22021000,"Waters (incl. mineral and aerated), with added sugar, sweetener, etc.",China,LTR,8800,1286.30819,0.001286
22021000,"Waters (incl. mineral and aerated), with added sugar, sweetener, etc.",Japan,LTR,882,46.158,0.000046
22029910,Energy Drink,Japan,LTR,540,167.475,0.000167
22029990,Other drinks (added sugar or other sweetening matter or flavoured),China,LTR,8856,42.56,0.000043
22030010,Beer made from malt ( upto 5% alcohol),United States,LTR,9420,2294.898,0.002295
22030020,Beer made from malt ( more than 5% alcohol),India,LTR,32400,2419.2,0.002419
22083092,Whiskies of an alcoholic strength 25UP (42.8%),"Korea, Republic of",LTR,1395,2101.05,0.002101
22084010,Alcoholic fluids including spirits used as raw materials of Rum and other spirit,United States,LTR,8010,12200.031,0.0122
22084092,Rum and other spirits of an alcoholic strength 25UP (42.8%),"Korea, Republic of",LTR,622.800003,639.45,0.000639
22086092,Vodka of an alcoholic strength 25UP (42.8%),"Korea, Republic of",LTR,1800,1187.55,0.001188
23024010,"Brans, sharps and other residues of other cereals",India,Kg,3211245,157653.98925,0.157654
23024090,"Other-Brans, sharps and other residues except residue of Cashew and Pallets",India,Kg,2468885,139935.25856,0.139935
23033000,Brewing or distilling dregs and waste,India,Kg,444500,577.85,0.000578
23040000,"Oil-cake and other solid residues, of soyabean",India,Kg,816030,72767.1095,0.072767
23064100,Oil-cake of low erucic acid rape or colza  seeds,India,Kg,8122000,361368.4,0.361368
23064900,Other oil-cake & other solid residues rape  or colza seeds,India,Kg,44000,1900.8,0.001901
23091000,"Dog or cat food, put up for retail sale",Canada,Kg,6935,23455.91812,0.023456
23091000,"Dog or cat food, put up for retail sale",Greece,Kg,419,1484.46125,0.001484
23091000,"Dog or cat food, put up for retail sale",Hong Kong,Kg,124.5,390.9963,0.000391
23091000,"Dog or cat food, put up for retail sale",Japan,Kg,3489.800003,3670.42675,0.00367
23091000,"Dog or cat food, put up for retail sale","Korea, Republic of",Kg,700,1687.55325,0.001688
23091000,"Dog or cat food, put up for retail sale",Malaysia,Kg,261,742.44253,0.000742
23091000,"Dog or cat food, put up for retail sale",Netherlands,Kg,311,210.33033,0.00021
23091000,"Dog or cat food, put up for retail sale",Singapore,Kg,685,1774.19967,0.001774
23091000,"Dog or cat food, put up for retail sale","Taiwan, Province of China",Kg,224,576.00058,0.000576
23091000,"Dog or cat food, put up for retail sale",United Arab Emirates,Kg,777,80.903,0.000081
23091000,"Dog or cat food, put up for retail sale",United Kingdom,Kg,8317,6184.19927,0.006184
23091000,"Dog or cat food, put up for retail sale",United States,Kg,250804.829987,491008.27331,0.491008
24039910,"Jarda, Khaini, Snuff, Ghutka and similar preparations containing chewing tobacco",Israel,Kg,240,118.7958,0.000119
24039910,"Jarda, Khaini, Snuff, Ghutka and similar preparations containing chewing tobacco",Japan,Kg,4331,749.569,0.00075
24039910,"Jarda, Khaini, Snuff, Ghutka and similar preparations containing chewing tobacco",Malaysia,Kg,5600,3919.92484,0.00392
24039910,"Jarda, Khaini, Snuff, Ghutka and similar preparations containing chewing tobacco",Netherlands,Kg,700,1017.43441,0.001017
25181000,Dolomite not calcined or sintered,India,Kg,750,3,0.000003
25210000,Limestone flux; limestone and other calcareous stone,India,Kg,935000,3293.6,0.003294
25231000,Cement clinkers,India,TNE,346211.830013,89537.29155,0.089537
25232900,Portland cement (excl white),India,TNE,21628.489996,146620.54044,0.146621
25261000,"Natural steatite, talc, Not crushed, not powdered",India,Kg,514170,7198.38,0.007198
26190000,"Slag, dross, sealings & other waste, from the manufacture of iron or steel",Bhutan,TNE,3500,56960,0.05696
26201900,Ash and residues containing mainly zinc (excl hard zinc spelter),India,Kg,28055,1167.088,0.001167
27060000,"Tar distilled from coal, lignite or peat, and other mineral tars",India,Kg,105090,5044.32,0.005044
27149000,Bitumen and asphalt; natural asphaltites and asphaltic rocks,India,Kg,274,1753.6,0.001754
28051900,Alkali & alkaline -earth metals (excl sodium and calcium),"Korea, Republic of",Kg,0.005,4,0.000004
29232000,Lecithins and other phosphoaminolipids,India,Kg,29930,1532.416,0.001532
30029000,Others,United States,Kg,0.0001,749.21594,0.000749
30039010,Homoeopathic medicaments(pure ayurvedic an yunani),India,Kg,52740,31653.09538,0.031653
30039010,Homoeopathic medicaments(pure ayurvedic an yunani),"Korea, Republic of",Kg,1.3,11.52392,0.000012
30039049,"Chyanwanparsh, Dashamularist, Ashokarista, kalpasundari, arjunarista similar products",India,Kg,17749.400269,46993.04812,0.046993
30041000,"Medicaments of penicillins or streptomycin, for retail sale",Australia,Kg,56.01,171.14978,0.000171
30041000,"Medicaments of penicillins or streptomycin, for retail sale",China,Kg,2.37,5.1952,0.000005
30041000,"Medicaments of penicillins or streptomycin, for retail sale",Finland,Kg,1.5,6.30826,0.000006
30041000,"Medicaments of penicillins or streptomycin, for retail sale",Hong Kong,Kg,6.42,41.12371,0.000041
30041000,"Medicaments of penicillins or streptomycin, for retail sale",India,Kg,0.4,4.2,0.000004
30041000,"Medicaments of penicillins or streptomycin, for retail sale",Japan,Kg,630.918,522.54397,0.000523
30041000,"Medicaments of penicillins or streptomycin, for retail sale","Korea, Republic of",Kg,38.38,162.39175,0.000162
30041000,"Medicaments of penicillins or streptomycin, for retail sale",Malaysia,Kg,30.09,139.12719,0.000139
30041000,"Medicaments of penicillins or streptomycin, for retail sale",New Zealand,Kg,2.5,7.75626,0.000008
30041000,"Medicaments of penicillins or streptomycin, for retail sale",Qatar,Kg,0.5,0.02,0
30041000,"Medicaments of penicillins or streptomycin, for retail sale",Saudi Arabia,Kg,4.8,24.492,0.000024
30041000,"Medicaments of penicillins or streptomycin, for retail sale",United Arab Emirates,Kg,20.3,90.76122,0.000091
30041000,"Medicaments of penicillins or streptomycin, for retail sale",United Kingdom,Kg,0.1,1,0.000001
30049010,Homoeopathic medicaments(Pure ayurvedican yunani),France,Kg,5,12.36852,0.000012
30049090,Other - Medicaments put up in measured doss or in forms or packing for retail sale,Japan,Kg,7,2.31315,0.000002
30049090,Other - Medicaments put up in measured doss or in forms or packing for retail sale,"Korea, Republic of",Kg,0.5,5.33435,0.000005
30059020,Bandage,China,Kg,5368,1982.6448,0.001983
32019090,Other tanning extracts of vegetable or  gin nes.,Bangladesh,Kg,20000,830.304,0.00083
32019090,Other tanning extracts of vegetable or  gin nes.,India,Kg,112200,30518.4,0.030518
32030010,Khayar Kachchha  .(Extract of cutch),India,Kg,156000,6110,0.00611
32131000,Colours in sets,China,Kg,35,3.19326,0.000003
32159000,"Other ink, whether or not concentrated or solid, nes",China,Kg,68,25.5,0.000025
33012900,"Essential oils (incl concretes and absolutes), nes.",India,LTR,166.599998,1955.2,0.001955
33019000,"Concentrates of essential oils in fats  aquous distillates, extracted oleoresi",Australia,LTR,10,165.0047,0.000165
33019000,"Concentrates of essential oils in fats  aquous distillates, extracted oleoresi",China,LTR,4,437.008,0.000437
33019000,"Concentrates of essential oils in fats  aquous distillates, extracted oleoresi",Ireland,LTR,8,1788.18925,0.001788
33019000,"Concentrates of essential oils in fats  aquous distillates, extracted oleoresi",Japan,LTR,40.09,559.55498,0.00056
33019000,"Concentrates of essential oils in fats  aquous distillates, extracted oleoresi","Korea, Republic of",LTR,250,1478.01787,0.001478
33019000,"Concentrates of essential oils in fats  aquous distillates, extracted oleoresi",Spain,LTR,100,5856.804,0.005857
33019000,"Concentrates of essential oils in fats  aquous distillates, extracted oleoresi",United Kingdom,LTR,88,2948.49675,0.002948
33019000,"Concentrates of essential oils in fats  aquous distillates, extracted oleoresi",United States,LTR,27,1435.79725,0.001436
33049910,Face Cream,France,Kg,4,52.40663,0.000052
33049910,Face Cream,South Africa,Kg,15,54.8352,0.000055
33049990,Other beauty or make up preparetions,Australia,Kg,4.93,14.71523,0.000015
33049990,Other beauty or make up preparetions,Japan,Kg,408.810001,451.20475,0.000451
33049990,Other beauty or make up preparetions,Malaysia,Kg,16.1,26.58725,0.000027
33049990,Other beauty or make up preparetions,Maldives,Kg,12,11.81495,0.000012
33049990,Other beauty or make up preparetions,New Zealand,Kg,7.5,5.84668,0.000006
33049990,Other beauty or make up preparetions,Qatar,Kg,2.16,6.30826,0.000006
33049990,Other beauty or make up preparetions,United Arab Emirates,Kg,8.5,6.9237,0.000007
33049990,Other beauty or make up preparetions,United Kingdom,Kg,69,29.26258,0.000029
33051000,Shampoos,Japan,LTR,527,33.04664,0.000033
33053000,Hair lacquers,France,Kg,1,13.90516,0.000014
33059010,Hair Oil,Australia,LTR,1,3.8505,0.000004
33059010,Hair Oil,Japan,LTR,1,3.66576,0.000004
33059010,Hair Oil,New Zealand,LTR,21,6.78524,0.000007
33059010,Hair Oil,South Africa,LTR,10,76.16,0.000076
33061000,Dentifrices,India,Kg,135900,100115.89951,0.100116
33061000,Dentifrices,Japan,Kg,760,29.44424,0.000029
33074100,Agarbatti and other odiferous preparations which operate by burning.,Australia,Kg,10.375,31.61525,0.000032
33074100,Agarbatti and other odiferous preparations which operate by burning.,Canada,Kg,808,329.507,0.00033
33074100,Agarbatti and other odiferous preparations which operate by burning.,China,Kg,9674.699989,1807.47968,0.001807
33074100,Agarbatti and other odiferous preparations which operate by burning.,France,Kg,9,14.96616,0.000015
33074100,Agarbatti and other odiferous preparations which operate by burning.,Germany,Kg,8,76.04604,0.000076
33074100,Agarbatti and other odiferous preparations which operate by burning.,Hong Kong,Kg,50,10.7947,0.000011
33074100,Agarbatti and other odiferous preparations which operate by burning.,Japan,Kg,202.65,102.17739,0.000102
33074100,Agarbatti and other odiferous preparations which operate by burning.,Malaysia,Kg,125,63.426,0.000063
33074100,Agarbatti and other odiferous preparations which operate by burning.,Netherlands,Kg,9,30.18772,0.00003
33074100,Agarbatti and other odiferous preparations which operate by burning.,New Zealand,Kg,0.47,3.65256,0.000004
33074100,Agarbatti and other odiferous preparations which operate by burning.,Philippines,Kg,18,5.3662,0.000005
33074100,Agarbatti and other odiferous preparations which operate by burning.,Singapore,Kg,8,5.001,0.000005
33074100,Agarbatti and other odiferous preparations which operate by burning.,South Africa,Kg,50,83.05751,0.000083
33074100,Agarbatti and other odiferous preparations which operate by burning.,Spain,Kg,60,71.12568,0.000071
33074100,Agarbatti and other odiferous preparations which operate by burning.,Sweden,Kg,4,17.551,0.000018
33074100,Agarbatti and other odiferous preparations which operate by burning.,"Taiwan, Province of China",Kg,340,352.78813,0.000353
33074100,Agarbatti and other odiferous preparations which operate by burning.,Thailand,Kg,210,32.84436,0.000033
33074100,Agarbatti and other odiferous preparations which operate by burning.,United Arab Emirates,Kg,110,406.146,0.000406
33074100,Agarbatti and other odiferous preparations which operate by burning.,United Kingdom,Kg,49,9.05824,0.000009
33074100,Agarbatti and other odiferous preparations which operate by burning.,United States,Kg,4926.599976,2414.91504,0.002415
33074100,Agarbatti and other odiferous preparations which operate by burning.,Viet Nam,Kg,0.5,0.30159,0
34011900,"Other Type of Soaps in the forms of bars, cakes, moulded pieces or shapes",India,Kg,5436,695.808,0.000696
34011900,"Other Type of Soaps in the forms of bars, cakes, moulded pieces or shapes",United States,Kg,10,15.206,0.000015
35069100,Adhesives based on polymers of heading 39.01  to 39.13 or on rubber,India,Kg,2968,432.37238,0.000432
38029000,Activated natural mineral products; animal  black,India,Kg,76490,367.152,0.000367
38051000,"Gum, wood or sulphate turpentine oils",India,LTR,76000,18732.8,0.018733
38061000,Rosin and resin acids,India,Kg,487500,102530.08,0.10253
38070000,"Wood tar; wood tar oils; wood creosote; wood naphtha, vegetable pitch etc",India,Kg,28505.039062,1596.28225,0.001596
38231900,Industrial monocarboxylic fatty acids & acid oils from refining nes.,India,Kg,2369205,171097.03775,0.171097
38252000,Sewage sludge  .,Thailand,Kg,57,2.78529,0.000003
38256900,Other wastes from chemical or allied industries,India,Kg,43080,206.784,0.000207
39033000,"Acrylonitrile-butadiene-styrene (abs) copolymers, in primary forms",India,Kg,83615,2675.68,0.002676
39073000,Epoxide resines,Australia,Kg,0.29,2.77578,0.000003
39076900,Other Poly(ethylene terephthalate),India,Kg,616064.352051,68329.55543,0.06833
39173100,"Flexible tubes, pipes and hoses, with a bu  st pressure >=276mpa",India,Kg,12043.549805,3314.385,0.003314
39181090,Wall or Celling coverings and others of polymer of vinyl chloride,India,Kg,38955.400391,4863.60826,0.004864
39191000,"Self-adhesive tape, plates, strip, in r oll , width =<20cm",Japan,Kg,0.5,2.1315,0.000002
39201010,"printed plates, sheets, film, foil and strip, of ethylene polymer",India,Kg,11821.189697,2931.65513,0.002932
39204990,"Other  plates, sheets, film, foil and strip, of polymer, >6%",India,Kg,727.099976,184.38,0.000184
39219092,Decorative Laminated Sunmica & Formica sheets,India,SQM,80009.37999,10800.4,0.0108
39231090,"Other Boxes, cases, crates and similar articles of plastics",Japan,Kg,390,16.2762,0.000016
39233010,Pet bottle (bottle pre-form) of plastics,India,Kg,52263.119112,11524.98069,0.011525
39233090,"Other - Carboys, bottles, flasks and similar articles nes of plastics",India,Kg,30170,6908.19282,0.006908
39235000,"Stoppers, lids, caps and other closures of  plastics",India,Kg,46094.199707,17503.428,0.017503
39249090,"other household articles and hygienic or toilet articles, of plastics.",India,Kg,9371.790039,2809.91676,0.00281
39253000,"Shutters, blinds and similar articles and parts, of plastics",Bhutan,Kg,9,11,0.000011
39259090,Other builders wares of plastics,Bhutan,Kg,337,242.62056,0.000243
39264000,Statuettes and other ornamental articles of plastics,Australia,Kg,4.365,5.351,0.000005
39264000,Statuettes and other ornamental articles of plastics,Netherlands,Kg,1,3.08112,0.000003
39269010,"Bangles,Tika,Tikuli of plastics",Canada,GRO,18,4.56665,0.000005
39269099,Other articles of plastics nes,China,Kg,12,5.02392,0.000005
39269099,Other articles of plastics nes,India,Kg,0.2,0.3,0
40030000,"Reclaimed rubber in primary forms or in pl  tes, sheets or strip",India,Kg,50000,8480,0.00848
40113000,"New pneumatic tyres, of rubber for aircraf",United States,PCS,13,1586.96862,0.001587
41041900,"Other, leather of bovine or equine animals in the wet state (inclwet blue)",India,Kg,20000,3073.71525,0.003074
41051000,"Tanned or crust skins of sheep or lambs, wthout wool, in the wet state (inclu",United Kingdom,Kg,12,76.03,0.000076
41062100,Tanned or crust hides and skins or goats or kids in the wet state (including wet.,China,Kg,29836,20498.683,0.020499
41062100,Tanned or crust hides and skins or goats or kids in the wet state (including wet.,Italy,Kg,18486,11001.6,0.011002
41079900,"Other, including hides (leather) nes",India,Kg,18127,1798.19837,0.001798
42022200,HandbagsWith outer surface of sheeting of plastics or of textile material,Australia,PCS,2,2,0.000002
42022200,HandbagsWith outer surface of sheeting of plastics or of textile material,China,PCS,788,123.78885,0.000124
42022200,HandbagsWith outer surface of sheeting of plastics or of textile material,Japan,PCS,91,33.89965,0.000034
42022200,HandbagsWith outer surface of sheeting of plastics or of textile material,"Korea, Republic of",PCS,1,3.5,0.000003
42022200,HandbagsWith outer surface of sheeting of plastics or of textile material,Maldives,PCS,2,1.84416,0.000002
42022200,HandbagsWith outer surface of sheeting of plastics or of textile material,United Arab Emirates,PCS,51,35,0.000035
42023200,"Articles normally carried in pocket or han  bag, of plastics or textiles.",United States,PCS,5000,145.103,0.000145
42023990,Others articles of felt carried in the pocket or handbag,China,PCS,631,121.05,0.000121
42029200,"Cases and containers, nes, with outer surf  ce ofplastic or textiles.",Australia,PCS,10049,1044.28984,0.001044
42029200,"Cases and containers, nes, with outer surf  ce ofplastic or textiles.",Bhutan,PCS,13,3.842,0.000004
42029200,"Cases and containers, nes, with outer surf  ce ofplastic or textiles.",Cambodia,PCS,9,7.61125,0.000008
42029200,"Cases and containers, nes, with outer surf  ce ofplastic or textiles.",Canada,PCS,1710,693.30737,0.000693
42029200,"Cases and containers, nes, with outer surf  ce ofplastic or textiles.",China,PCS,2812,2524.97369,0.002525
42029200,"Cases and containers, nes, with outer surf  ce ofplastic or textiles.",Finland,PCS,1014,879.4,0.000879
42029200,"Cases and containers, nes, with outer surf  ce ofplastic or textiles.",France,PCS,240,218.15666,0.000218
42029200,"Cases and containers, nes, with outer surf  ce ofplastic or textiles.",Germany,PCS,376,51.45175,0.000051
42029200,"Cases and containers, nes, with outer surf  ce ofplastic or textiles.",Greece,PCS,6000,202.262,0.000202
42029200,"Cases and containers, nes, with outer surf  ce ofplastic or textiles.",Hong Kong,PCS,18880,1328.49568,0.001328
42029200,"Cases and containers, nes, with outer surf  ce ofplastic or textiles.",India,PCS,25,100.0057,0.0001
42029200,"Cases and containers, nes, with outer surf  ce ofplastic or textiles.",Italy,PCS,170,8.98208,0.000009
42029200,"Cases and containers, nes, with outer surf  ce ofplastic or textiles.",Japan,PCS,16723,6400.37771,0.0064
42029200,"Cases and containers, nes, with outer surf  ce ofplastic or textiles.","Korea, Republic of",PCS,4548,1078.2629,0.001078
42029200,"Cases and containers, nes, with outer surf  ce ofplastic or textiles.",Malaysia,PCS,245,80.3298,0.00008
42029200,"Cases and containers, nes, with outer surf  ce ofplastic or textiles.",Netherlands,PCS,4383,559.08205,0.000559
42029200,"Cases and containers, nes, with outer surf  ce ofplastic or textiles.",Pakistan,PCS,43,7.61625,0.000008
42029200,"Cases and containers, nes, with outer surf  ce ofplastic or textiles.",Poland,PCS,201,44.11602,0.000044
42029200,"Cases and containers, nes, with outer surf  ce ofplastic or textiles.",Saudi Arabia,PCS,95,18.3684,0.000018
42029200,"Cases and containers, nes, with outer surf  ce ofplastic or textiles.",South Africa,PCS,1405,337.26188,0.000337
42029200,"Cases and containers, nes, with outer surf  ce ofplastic or textiles.",Spain,PCS,691,332.33509,0.000332
42029200,"Cases and containers, nes, with outer surf  ce ofplastic or textiles.",Sweden,PCS,1266,315.64112,0.000316
42029200,"Cases and containers, nes, with outer surf  ce ofplastic or textiles.",Thailand,PCS,9,3.8465,0.000004
42029200,"Cases and containers, nes, with outer surf  ce ofplastic or textiles.",United Arab Emirates,PCS,1247,155.80701,0.000156
42029200,"Cases and containers, nes, with outer surf  ce ofplastic or textiles.",United Kingdom,PCS,25074,5399.21718,0.005399
42029200,"Cases and containers, nes, with outer surf  ce ofplastic or textiles.",United Republic of Tanzania,PCS,30,37.0104,0.000037
42029200,"Cases and containers, nes, with outer surf  ce ofplastic or textiles.",United States,PCS,21805,12237.41858,0.012237
42029990,"Cases and containers, nes, with outer surf  ce of other materials, nes",China,PCS,1360,283,0.000283
44012110,Coniferous wood in chips or particles,India,Kg,201798,8071.92,0.008072
44081000,"Coniferous veneer sheets and sheets for pl  wood, etc, =<6mm thick",India,FTK,3880405,53820.76862,0.053821
44089000,"Veneer sheets and sheets for plywood and o  her wood, =<6mm thick, nes",India,FTK,9947880,205730.40706,0.20573
44123100,With at least one outer ply of tropical woo  specified in Subhead. Note 2 to this,India,MTQ,200390.338668,245386.84683,0.245387
44123900,Other plywood consisting solely of sheets   f wood,India,MTQ,53.780002,1208.21545,0.001208
44129900,"Other, with both outer plies of coniferous wood",India,Kg,10002512.993576,492717.23707,0.492717
44151000,"Cases, boxes, crates, drums and similar pa  kings of wood; cable-drums",Australia,PCS,3,145.6692,0.000146
44151000,"Cases, boxes, crates, drums and similar pa  kings of wood; cable-drums",Denmark,PCS,1,12.29728,0.000012
44151000,"Cases, boxes, crates, drums and similar pa  kings of wood; cable-drums",France,PCS,127,79.67817,0.00008
44151000,"Cases, boxes, crates, drums and similar pa  kings of wood; cable-drums",Netherlands,PCS,70,78.83105,0.000079
44151000,"Cases, boxes, crates, drums and similar pa  kings of wood; cable-drums",United Kingdom,PCS,16,123.69668,0.000124
44151000,"Cases, boxes, crates, drums and similar pa  kings of wood; cable-drums",United States,PCS,70,12.09253,0.000012
44152000,"Pallets, box pallets and other load boards  of wood; pallet collars of wood",Japan,PCS,27,13.89934,0.000014
44181900,"Windows, French-windows and their frames of Other wood",Viet Nam,PCS,3,11.56575,0.000012
44189900,"Other Builders' joinery&carpentry, panels, flooring, shingles&shakes (exl bamboo&wood",China,Kg,3798,385.69437,0.000386
44189900,"Other Builders' joinery&carpentry, panels, flooring, shingles&shakes (exl bamboo&wood",United Kingdom,Kg,8,0.98839,0.000001
44189900,"Other Builders' joinery&carpentry, panels, flooring, shingles&shakes (exl bamboo&wood",United States,Kg,200,84.5901,0.000085
44199000,Tableware and kitchenware of other wood,China,Kg,595,43.251,0.000043
44199000,Tableware and kitchenware of other wood,"Taiwan, Province of China",Kg,3,0.7603,0.000001
44199000,Tableware and kitchenware of other wood,United States,Kg,315,162.17459,0.000162
44209000,"Wood marquetry, inlaid wood; caskets & cases for jewellery a similar article of wood",France,Kg,8,6.17929,0.000006
44209000,"Wood marquetry, inlaid wood; caskets & cases for jewellery a similar article of wood",Netherlands,Kg,90,7.09366,0.000007
44209000,"Wood marquetry, inlaid wood; caskets & cases for jewellery a similar article of wood","Taiwan, Province of China",Kg,250,324.58738,0.000325
44209000,"Wood marquetry, inlaid wood; caskets & cases for jewellery a similar article of wood",United Kingdom,Kg,200,20.51138,0.000021
44209000,"Wood marquetry, inlaid wood; caskets & cases for jewellery a similar article of wood",United States,Kg,140,173.6217,0.000174
44211000,Clothes hangers of wood,France,Kg,26,34.8,0.000035
44219910,"Spools, bobbins, reels and the like of wood",Canada,Kg,90,100.23622,0.0001
44219990,Others article of wood,Australia,Kg,0.1,0.2,0
44219990,Others article of wood,Austria,Kg,232,263.34,0.000263
44219990,Others article of wood,China,Kg,6104,857.38639,0.000857
44219990,Others article of wood,"Korea, Republic of",Kg,0.035,0.15,0
44219990,Others article of wood,Philippines,Kg,0.2,0.5,0
44219990,Others article of wood,"Taiwan, Province of China",Kg,52,215.894,0.000216
44219990,Others article of wood,United Kingdom,Kg,8,2.31315,0.000002
44219990,Others article of wood,United States,Kg,221.57,249.01492,0.000249
44219990,Others article of wood,Viet Nam,Kg,180,60.6081,0.000061
47071000,Unbleached kraft paper or paperboard or co  rugated paper or paperboard,"Taiwan, Province of China",Kg,25,7.612,0.000008
48021000,Hand-made paper and paperboard,Australia,Kg,7887.6,4890.90815,0.004891
48021000,Hand-made paper and paperboard,Belgium,Kg,3,3.31216,0.000003
48021000,Hand-made paper and paperboard,Bhutan,Kg,3277.530029,1918.07987,0.001918
48021000,Hand-made paper and paperboard,Canada,Kg,1,38.8416,0.000039
48021000,Hand-made paper and paperboard,Chile,Kg,8,0.53788,0.000001
48021000,Hand-made paper and paperboard,China,Kg,3205.5,460.38821,0.00046
48021000,Hand-made paper and paperboard,Costa Rica,Kg,48,1048.8285,0.001049
48021000,Hand-made paper and paperboard,Czech Republic,Kg,65,4.1811,0.000004
48021000,Hand-made paper and paperboard,Denmark,Kg,97,779.19381,0.000779
48021000,Hand-made paper and paperboard,France,Kg,697,3507.92818,0.003508
48021000,Hand-made paper and paperboard,Germany,Kg,10,20.64938,0.000021
48021000,Hand-made paper and paperboard,Hong Kong,Kg,288.9,373.93329,0.000374
48021000,Hand-made paper and paperboard,India,Kg,1466.889996,643.37279,0.000643
48021000,Hand-made paper and paperboard,Italy,Kg,38,88.66408,0.000089
48021000,Hand-made paper and paperboard,Japan,Kg,4308,12575.39707,0.012575
48021000,Hand-made paper and paperboard,"Korea, Republic of",Kg,6.77,96.67877,0.000097
48021000,Hand-made paper and paperboard,Malaysia,Kg,242.6,64.1457,0.000064
48021000,Hand-made paper and paperboard,Netherlands,Kg,355,1191.29069,0.001191
48021000,Hand-made paper and paperboard,Singapore,Kg,0.7,126.0832,0.000126
48021000,Hand-made paper and paperboard,Slovakia,Kg,400,1223.34938,0.001223
48021000,Hand-made paper and paperboard,Spain,Kg,75,41.06798,0.000041
48021000,Hand-made paper and paperboard,Sweden,Kg,1043,2353.07475,0.002353
48021000,Hand-made paper and paperboard,Switzerland,Kg,635,3751.33467,0.003751
48021000,Hand-made paper and paperboard,Thailand,Kg,22,13.28838,0.000013
48021000,Hand-made paper and paperboard,Turkey,Kg,75,541.30988,0.000541
48021000,Hand-made paper and paperboard,United Arab Emirates,Kg,20308.259998,5499.98105,0.0055
48021000,Hand-made paper and paperboard,United Kingdom,Kg,10155.5,15270.64645,0.015271
48021000,Hand-made paper and paperboard,United States,Kg,3651,14578.74544,0.014579
48021000,Hand-made paper and paperboard,Viet Nam,Kg,280,51.36068,0.000051
48025700,Other paper & paperboard weighing 40 g/m2   r more but not more than 150 g/m2,India,Kg,67567.5,5909.58725,0.00591
48026100,"Paper (>10% of mechanical fibres), unco ate , in rolls, nes.",India,Kg,71312,5020.36487,0.00502
48059300,"Other paper, weighing 225 g/m2 or more",India,Kg,699783.099609,35197.55689,0.035198
48109900,"Other paper and paperboard, nes",India,Kg,60087.699707,3839.93655,0.00384
48201000,"Registers,accbooks,note books,order&recei p  books,letpad,memopadofpaper,pap.",United States,Kg,45,262.0744,0.000262
48236900,"Other - Trays, dishes, plates, cups & the   ike of paper or paperboard",India,Kg,78536,4644.59525,0.004645
48236900,"Other - Trays, dishes, plates, cups & the   ike of paper or paperboard",Japan,Kg,68,52.98288,0.000053
48239000,"Paper and paperboard, cut to size and arti  les of paper, etc, nes",China,Kg,855,92.8534,0.000093
49011000,"Printed books,brochures,leaflets&similar p  inted matter,in single sheets, whethe",Australia,PCS,246,161.8642,0.000162
49011000,"Printed books,brochures,leaflets&similar p  inted matter,in single sheets, whethe",India,PCS,16,18.855,0.000019
49011000,"Printed books,brochures,leaflets&similar p  inted matter,in single sheets, whethe",Japan,PCS,235,137.63948,0.000138
49011000,"Printed books,brochures,leaflets&similar p  inted matter,in single sheets, whethe","Korea, Republic of",PCS,4,3.57,0.000004
49011000,"Printed books,brochures,leaflets&similar p  inted matter,in single sheets, whethe",Malaysia,PCS,10,10.10712,0.00001
49011000,"Printed books,brochures,leaflets&similar p  inted matter,in single sheets, whethe",New Zealand,PCS,60,19.475,0.000019
49011000,"Printed books,brochures,leaflets&similar p  inted matter,in single sheets, whethe",Sri Lanka,PCS,1,1.52,0.000002
49011000,"Printed books,brochures,leaflets&similar p  inted matter,in single sheets, whethe",Turkey,PCS,14,9.625,0.00001
49011000,"Printed books,brochures,leaflets&similar p  inted matter,in single sheets, whethe",United Arab Emirates,PCS,34,17.445,0.000017
49019900,"Printed books, brochures, leaflets and similar printed matter, nes",Australia,PCS,175,95.17686,0.000095
49019900,"Printed books, brochures, leaflets and similar printed matter, nes",Bangladesh,PCS,3,3.5,0.000003
49019900,"Printed books, brochures, leaflets and similar printed matter, nes",India,PCS,19,10.984,0.000011
49019900,"Printed books, brochures, leaflets and similar printed matter, nes",Japan,PCS,176,73.71536,0.000074
49019900,"Printed books, brochures, leaflets and similar printed matter, nes","Korea, Republic of",PCS,6,6.28,0.000006
49019900,"Printed books, brochures, leaflets and similar printed matter, nes",Malaysia,PCS,123,24.90396,0.000025
49019900,"Printed books, brochures, leaflets and similar printed matter, nes",United States,PCS,24,29.7382,0.00003
49029000,"Newspapers, journals and periodicals, appe  ring less than four times a week.",Japan,Kg,0.268,0.9114,0.000001
49059000,"Maps and hydrographic or similar charts of all kinds, atlases, etc not in book form",New Zealand,Kg,0.2,1.5,0.000002
49090000,"Printed or illustrated postcards; printed   ards bearing greetings, messages etc.",Germany,PCS,2612,411.70525,0.000412
49111000,"Trade advertising material, commercial cat  logues and the like",Japan,Kg,190,88.55073,0.000089
49111000,"Trade advertising material, commercial cat  logues and the like",United Kingdom,Kg,18,3.8465,0.000004
49111000,"Trade advertising material, commercial cat  logues and the like",United States,Kg,14,0.7603,0.000001
49119100,"Pictures, designs and photographs   .",Japan,Kg,3.9,7.0448,0.000007
49119100,"Pictures, designs and photographs   .","Korea, Republic of",Kg,0.59,1.5,0.000002
49119100,"Pictures, designs and photographs   .",United States,Kg,25,11.424,0.000011
49119990,Other Printed Materials  .,Australia,Kg,4,4.6263,0.000005
49119990,Other Printed Materials  .,Hong Kong,Kg,0.05,0.2,0
49119990,Other Printed Materials  .,India,Kg,8,5.001,0.000005
49119990,Other Printed Materials  .,Japan,Kg,2.5,8.1,0.000008
51071000,"Yarn of combed wool, not put up for retail  sale, with >=85% weight of wool",India,Kg,566,543.36,0.000543
52111100,"Unbleached plain cotton weave, with <85% c  tton, >200g/m2 by weight",China,SQM,655,99.7172,0.0001
53021000,"True hemp, raw or retted  .",Netherlands,Kg,120,35.176,0.000035
53072000,Multiple or cabled yarn of jute or of othe   textile bast fibres of heading 5303.,India,Kg,429620,99910.29529,0.09991
53081000,Coir yarn of other vegetable textile fibre,India,Kg,1400,1542.08,0.001542
53082000,True hemp yarn of other vegetable textile   ibres,India,Kg,400,192,0.000192
53101000,Unbleached woven fabrics of jute or of oth  r textile bast fibre of heading 5303.,India,SQM,13198210,1066294.69767,1.066295
54023400,"Textured yarn of polypropylene, nprs  .",India,Kg,116273.089844,31530.70937,0.031531
54072000,Woven fabrics obtained from synthetic stri   or the like,India,SQM,19288752.285156,323173.68382,0.323174
55051000,"Waste of synthetic fibre, (incl noils, ya r  waste and garnetted stock)",India,Kg,32850,2110.775,0.002111
55092100,"Single yarn, with >=85% polyester staple f  bres, nprs",India,Kg,2777979.901886,696943.89347,0.696944
55092100,"Single yarn, with >=85% polyester staple f  bres, nprs",Turkey,Kg,21624.599609,6360.12,0.00636
55092200,"Multiple or cabled yarn, with >=85% polyes  er staple fibres, nprs",India,Kg,498209.299011,130830.48801,0.13083
55093100,"Single yarn, with >=85% acrylic or modacry  ic staple fibres, nprs",India,Kg,131051.19873,70684.2985,0.070684
55093200,"Multiple or cabled yarn, >=85% acrylic or   odacrylic staple fibres, nprs",India,Kg,157504.199463,67690.51594,0.067691
55095100,"Other yarn, <85% polyester staple fibres,   ith artificial staple fibres, nprs",India,Kg,1401884.100555,421907.21221,0.421907
55095100,"Other yarn, <85% polyester staple fibres,   ith artificial staple fibres, nprs",Turkey,Kg,303305.800781,121507.21338,0.121507
55095200,"Other yarn, <85% polyester staple fibres,   ith wool or fine animal hair, nprs",India,Kg,14657.100098,4881.9735,0.004882
55095300,"Other yarn, <85% polyester staple fibres,   ixed with cotton, nprs",India,Kg,8574.200195,3141.03825,0.003141
55095900,"Other yarn, <85% polyester staple fibres,   es, nprs",India,Kg,90385.5,21464.13812,0.021464
55101100,"Single yarn (other than sewing thread), wi  h >=85% artificial staple fibres, npr",India,Kg,136498.50061,48676.12711,0.048676
55101200,"Multiple or cabled yarn, with >=85% artifi  ial staple fibres, nprs",India,Kg,81535,31722.77807,0.031723
55109000,"Other yarn, with <85% artificial staple fi  res, nes, nprs",India,Kg,69861.800049,30775.46411,0.030775
56022100,"Felt of wool or fine animal hair (excl im p egnated, coated, etc)",India,Kg,3748.099995,7343.35475,0.007343
56022100,"Felt of wool or fine animal hair (excl im p egnated, coated, etc)",United States,Kg,10070,9841.065,0.009841
56022900,"Felt of textile materials (excl impregnat e , coated, etc)",France,Kg,30,583.12523,0.000583
56029000,"other Felt, whether or not impregnated, coated, covered or laminated. nes  .",Australia,Kg,5305.3,34657.24054,0.034657
56029000,"other Felt, whether or not impregnated, coated, covered or laminated. nes  .",Austria,Kg,106,1039.54692,0.00104
56029000,"other Felt, whether or not impregnated, coated, covered or laminated. nes  .",Belgium,Kg,245,1032.66969,0.001033
56029000,"other Felt, whether or not impregnated, coated, covered or laminated. nes  .",Canada,Kg,5358.5,25070.25967,0.02507
56029000,"other Felt, whether or not impregnated, coated, covered or laminated. nes  .",China,Kg,12414.25,16209.32816,0.016209
56029000,"other Felt, whether or not impregnated, coated, covered or laminated. nes  .",Czech Republic,Kg,45,74.20528,0.000074
56029000,"other Felt, whether or not impregnated, coated, covered or laminated. nes  .",Denmark,Kg,10122.280014,42854.04487,0.042854
56029000,"other Felt, whether or not impregnated, coated, covered or laminated. nes  .",El Salvador,Kg,189,864.19281,0.000864
56029000,"other Felt, whether or not impregnated, coated, covered or laminated. nes  .",Finland,Kg,190,191.38789,0.000191
56029000,"other Felt, whether or not impregnated, coated, covered or laminated. nes  .",France,Kg,3080,13785.27528,0.013785
56029000,"other Felt, whether or not impregnated, coated, covered or laminated. nes  .",Germany,Kg,8770.940002,47348.07033,0.047348
56029000,"other Felt, whether or not impregnated, coated, covered or laminated. nes  .",Hong Kong,Kg,728.5,523.74497,0.000524
56029000,"other Felt, whether or not impregnated, coated, covered or laminated. nes  .",Iceland,Kg,923,5382.38898,0.005382
56029000,"other Felt, whether or not impregnated, coated, covered or laminated. nes  .",India,Kg,235,61.576,0.000062
56029000,"other Felt, whether or not impregnated, coated, covered or laminated. nes  .",Indonesia,Kg,760,1426.3245,0.001426
56029000,"other Felt, whether or not impregnated, coated, covered or laminated. nes  .",Ireland,Kg,132.52,1044.86415,0.001045
56029000,"other Felt, whether or not impregnated, coated, covered or laminated. nes  .",Italy,Kg,3267.110107,12266.04513,0.012266
56029000,"other Felt, whether or not impregnated, coated, covered or laminated. nes  .",Japan,Kg,3118,13106.3759,0.013106
56029000,"other Felt, whether or not impregnated, coated, covered or laminated. nes  .","Korea, Republic of",Kg,776,2477.24949,0.002477
56029000,"other Felt, whether or not impregnated, coated, covered or laminated. nes  .",Latvia,Kg,288,192.86936,0.000193
56029000,"other Felt, whether or not impregnated, coated, covered or laminated. nes  .",Mexico,Kg,136.800003,1142.65057,0.001143
56029000,"other Felt, whether or not impregnated, coated, covered or laminated. nes  .",Netherlands,Kg,6278,25478.94937,0.025479
56029000,"other Felt, whether or not impregnated, coated, covered or laminated. nes  .",New Zealand,Kg,1538,3240.4261,0.00324
56029000,"other Felt, whether or not impregnated, coated, covered or laminated. nes  .",Norway,Kg,2091.86998,5591.75,0.005592
56029000,"other Felt, whether or not impregnated, coated, covered or laminated. nes  .",Poland,Kg,1200,8349.34229,0.008349
56029000,"other Felt, whether or not impregnated, coated, covered or laminated. nes  .",Portugal,Kg,90,33.53196,0.000034
56029000,"other Felt, whether or not impregnated, coated, covered or laminated. nes  .",Slovakia,Kg,1700,2618.632,0.002619
56029000,"other Felt, whether or not impregnated, coated, covered or laminated. nes  .",South Africa,Kg,30,59.37085,0.000059
56029000,"other Felt, whether or not impregnated, coated, covered or laminated. nes  .",Spain,Kg,2999.480034,6151.13862,0.006151
56029000,"other Felt, whether or not impregnated, coated, covered or laminated. nes  .",Sweden,Kg,2428,11766.18938,0.011766
56029000,"other Felt, whether or not impregnated, coated, covered or laminated. nes  .",Switzerland,Kg,1100,3509.1945,0.003509
56029000,"other Felt, whether or not impregnated, coated, covered or laminated. nes  .","Taiwan, Province of China",Kg,917.220001,3372.85935,0.003373
56029000,"other Felt, whether or not impregnated, coated, covered or laminated. nes  .",United Arab Emirates,Kg,1241,402.12197,0.000402
56029000,"other Felt, whether or not impregnated, coated, covered or laminated. nes  .",United Kingdom,Kg,9890.769993,48856.6281,0.048857
56029000,"other Felt, whether or not impregnated, coated, covered or laminated. nes  .",United States,Kg,71960.030005,279605.82251,0.279606
56072900,"Twine, cordage, rope and cables, of sisal,  etc, of the genus agave, nes.",Australia,PCS,9,0.84,0.000001
56072900,"Twine, cordage, rope and cables, of sisal,  etc, of the genus agave, nes.",India,PCS,18,3.05,0.000003
56074900,"Twine, cordage, rope and cables, of polyet  ylene or polypropylene",India,Kg,49310,11648.3805,0.011648
57011000,"Carpets and other textile floor coverings,  of wool or fine animal hair, knotted.",Argentina,SQM,2.72,129.91421,0.00013
57011000,"Carpets and other textile floor coverings,  of wool or fine animal hair, knotted.",Australia,SQM,426.960002,16167.96892,0.016168
57011000,"Carpets and other textile floor coverings,  of wool or fine animal hair, knotted.",Austria,SQM,88.930002,3521.91794,0.003522
57011000,"Carpets and other textile floor coverings,  of wool or fine animal hair, knotted.",Belgium,SQM,545.999989,13972.7635,0.013973
57011000,"Carpets and other textile floor coverings,  of wool or fine animal hair, knotted.",Brazil,SQM,3.3,259.82295,0.00026
57011000,"Carpets and other textile floor coverings,  of wool or fine animal hair, knotted.",Bulgaria,SQM,3.87,94.77109,0.000095
57011000,"Carpets and other textile floor coverings,  of wool or fine animal hair, knotted.",Canada,SQM,244.630003,12983.02592,0.012983
57011000,"Carpets and other textile floor coverings,  of wool or fine animal hair, knotted.",China,SQM,1851.729004,21113.97292,0.021114
57011000,"Carpets and other textile floor coverings,  of wool or fine animal hair, knotted.",Czech Republic,SQM,18,119.35854,0.000119
57011000,"Carpets and other textile floor coverings,  of wool or fine animal hair, knotted.",Finland,SQM,58.79,2445.77671,0.002446
57011000,"Carpets and other textile floor coverings,  of wool or fine animal hair, knotted.",France,SQM,586.030003,25349.83077,0.02535
57011000,"Carpets and other textile floor coverings,  of wool or fine animal hair, knotted.",Georgia,SQM,9.93,1175.2375,0.001175
57011000,"Carpets and other textile floor coverings,  of wool or fine animal hair, knotted.",Germany,SQM,1076.289995,35824.00948,0.035824
57011000,"Carpets and other textile floor coverings,  of wool or fine animal hair, knotted.",Hong Kong,SQM,334.02,3391.41043,0.003391
57011000,"Carpets and other textile floor coverings,  of wool or fine animal hair, knotted.",Ireland,SQM,21.74,712.56044,0.000713
57011000,"Carpets and other textile floor coverings,  of wool or fine animal hair, knotted.",Israel,SQM,12.43,104.12673,0.000104
57011000,"Carpets and other textile floor coverings,  of wool or fine animal hair, knotted.",Italy,SQM,828.349999,32453.647,0.032454
57011000,"Carpets and other textile floor coverings,  of wool or fine animal hair, knotted.",Japan,SQM,8.87,258.97641,0.000259
57011000,"Carpets and other textile floor coverings,  of wool or fine animal hair, knotted.",Latvia,SQM,43.93,1941.39,0.001941
57011000,"Carpets and other textile floor coverings,  of wool or fine animal hair, knotted.",Lebanon,SQM,33,1471.31462,0.001471
57011000,"Carpets and other textile floor coverings,  of wool or fine animal hair, knotted.",Mexico,SQM,120.690004,6073.9295,0.006074
57011000,"Carpets and other textile floor coverings,  of wool or fine animal hair, knotted.",Netherlands,SQM,99.220001,3072.03375,0.003072
57011000,"Carpets and other textile floor coverings,  of wool or fine animal hair, knotted.",New Zealand,SQM,36.06,1662.82079,0.001663
57011000,"Carpets and other textile floor coverings,  of wool or fine animal hair, knotted.",Oman,SQM,35.360001,981.51581,0.000982
57011000,"Carpets and other textile floor coverings,  of wool or fine animal hair, knotted.",Philippines,SQM,12.41,720.78025,0.000721
57011000,"Carpets and other textile floor coverings,  of wool or fine animal hair, knotted.",Russian Federation,SQM,167.569998,3264.94132,0.003265
57011000,"Carpets and other textile floor coverings,  of wool or fine animal hair, knotted.",Singapore,SQM,45.79,1594.97306,0.001595
57011000,"Carpets and other textile floor coverings,  of wool or fine animal hair, knotted.",South Africa,SQM,52.090001,2010.16437,0.00201
57011000,"Carpets and other textile floor coverings,  of wool or fine animal hair, knotted.",Spain,SQM,71.010001,3627.15105,0.003627
57011000,"Carpets and other textile floor coverings,  of wool or fine animal hair, knotted.",Sweden,SQM,50.459999,1269.27962,0.001269
57011000,"Carpets and other textile floor coverings,  of wool or fine animal hair, knotted.",Switzerland,SQM,111.320001,4705.28144,0.004705
57011000,"Carpets and other textile floor coverings,  of wool or fine animal hair, knotted.",Thailand,SQM,2,175.79,0.000176
57011000,"Carpets and other textile floor coverings,  of wool or fine animal hair, knotted.",United Arab Emirates,SQM,555.699997,10995.03576,0.010995
57011000,"Carpets and other textile floor coverings,  of wool or fine animal hair, knotted.",United Kingdom,SQM,1559.078812,63522.28634,0.063522
57011000,"Carpets and other textile floor coverings,  of wool or fine animal hair, knotted.",United States,SQM,15906.765071,571762.9674,0.571763
57019000,"Carpets and other textile floor coverings,  of other textiles, knotted",China,SQM,1117.100021,4792.56384,0.004793
57019000,"Carpets and other textile floor coverings,  of other textiles, knotted",Italy,SQM,36.41,1925.1655,0.001925
57019000,"Carpets and other textile floor coverings,  of other textiles, knotted",United Kingdom,SQM,19.360001,609.53612,0.00061
57019000,"Carpets and other textile floor coverings,  of other textiles, knotted",United States,SQM,46.290001,236.37506,0.000236
57024910,Carpets and floor covering of felt (Jamoth),India,SQM,128097.700462,59198.30413,0.059198
57024990,Carpets and floor covering of other textiles materials,United Arab Emirates,SQM,2,6.93945,0.000007
57031000,Of wool or fine animal hair,United States,SQM,7171.139935,28647.54466,0.028648
57032100,Turf,India,SQM,17668.67049,5020.86075,0.005021
57033900,carpet & other textile floor coverings of other man-made textile materials,India,SQM,24997.350098,9630.14559,0.00963
57033900,carpet & other textile floor coverings of other man-made textile materials,Kenya,SQM,3158.5,4647.7595,0.004648
57033900,carpet & other textile floor coverings of other man-made textile materials,United States,SQM,2041.549999,7190.84004,0.007191
57039090,Other floor covering (excluding cotton) nes,China,SQM,6,5.02392,0.000005
57039090,Other floor covering (excluding cotton) nes,India,SQM,14712,6466.89204,0.006467
58019000,"Woven pile and chenille fabrics of other t  xtiles, nes",China,SQM,1475,191.75,0.000192
59019000,"Tracing cloth; prepared painting canvas; b  ckram, etc",China,SQM,25119,2018.4646,0.002018
59039000,"Textile fabrics impregnated, coated covere   or laminated with plastics,nes",India,SQM,12939,1021.31841,0.001021
59080000,"Textile wicks, woven,plaited or knitted fo   lamps,stovesincandescent gas mantl",Australia,Kg,4.3,15,0.000015
61013000,"Men's or boys' coats, capes, cloaks, etc,   f man-made fibres, knitted or crochet",United States,PCS,2049,3199.086,0.003199
61021000,"Woman's or girls' coats, capes,cloaks,wind  jacket, etc, of wool, knitted or cr",Germany,PCS,4474,11535.25312,0.011535
61032900,"Men's or boys' ensembles of other textiles   nes, knitted or crocheted",Ireland,PCS,658,452.83769,0.000453
61033100,"Men's or boys' jackets and blazers of wool  or fine animal hair, knitted or croch",Germany,PCS,29,871.64022,0.000872
61033900,"Men's or boys' jackets & blazers of other   extiles, nes, knitted or crocheted",Maldives,PCS,4,5.22512,0.000005
61034100,"Men's or boys' trousers, bib & brace, shor  s, etc, of wool, knitted or crochet",Austria,PCS,1,17.65404,0.000018
61034100,"Men's or boys' trousers, bib & brace, shor  s, etc, of wool, knitted or crochet",Germany,PCS,48,497.49254,0.000497
61034100,"Men's or boys' trousers, bib & brace, shor  s, etc, of wool, knitted or crochet",United States,PCS,51,651.35707,0.000651
61034200,"Men's or boys' trousers, bib & brace, shor  s, etc, of cotton, knitted or crochet",Germany,PCS,2379,1781.75775,0.001782
61041900,"Women's or girls' suits of other textiles   aterials, nes, knitted or crocheted",Japan,PCS,2,1.524,0.000002
61042900,"Women's or girls' ensembles, of other text  les, knitted or crocheted",United Arab Emirates,PCS,1,5.001,0.000005
61043100,"Women's or girls' jackets & brazers of woo   or fine animal hair, knitted or croc",Australia,PCS,65,104.364,0.000104
61043100,"Women's or girls' jackets & brazers of woo   or fine animal hair, knitted or croc",Denmark,PCS,816,2338.831,0.002339
61043100,"Women's or girls' jackets & brazers of woo   or fine animal hair, knitted or croc",Netherlands,PCS,6529,31978.7748,0.031979
61043100,"Women's or girls' jackets & brazers of woo   or fine animal hair, knitted or croc",New Zealand,PCS,237,1306.62137,0.001307
61044100,"Woman's or girls' dresses of wool or fine   nimal hair, knitted or crocheted.",Germany,PCS,54,1096.54557,0.001097
61044100,"Woman's or girls' dresses of wool or fine   nimal hair, knitted or crocheted.",United States,PCS,1,26.2905,0.000026
61044200,"Woman's or girls' dresses of cotton, knitt  d or crocheted",Canada,PCS,110,200.41916,0.0002
61044200,"Woman's or girls' dresses of cotton, knitt  d or crocheted",Hong Kong,PCS,49,244.50288,0.000245
61044200,"Woman's or girls' dresses of cotton, knitt  d or crocheted",United States,PCS,374,692.90278,0.000693
61045100,"Woman's or girls' skirts and divided skirt   of wool or fine hair, knitted or cro",Germany,PCS,44,564.14269,0.000564
61045100,"Woman's or girls' skirts and divided skirt   of wool or fine hair, knitted or cro",United Kingdom,PCS,19,376.24606,0.000376
61045100,"Woman's or girls' skirts and divided skirt   of wool or fine hair, knitted or cro",United States,PCS,1,8.41296,0.000008
61059000,"Men's or boys' shirts of other textiles, n  s, knitted or crocheted",Netherlands,PCS,79,2069.72413,0.00207
61061000,"Women's or girls' blouses, shirts & shirt-  louses of cotton, knitted or crochete",Czech Republic,PCS,1155,605.96819,0.000606
61061000,"Women's or girls' blouses, shirts & shirt-  louses of cotton, knitted or crochete",Japan,PCS,36,14.2912,0.000014
61069000,"Women's or girls' blouses,shirt&shirt-blou  es of other textiles nes,knitted or c",Australia,PCS,129,85.57256,0.000086
61069000,"Women's or girls' blouses,shirt&shirt-blou  es of other textiles nes,knitted or c",Brunei Darussalam,PCS,35,18.5052,0.000019
61069000,"Women's or girls' blouses,shirt&shirt-blou  es of other textiles nes,knitted or c",Germany,PCS,199,3007.90763,0.003008
61069000,"Women's or girls' blouses,shirt&shirt-blou  es of other textiles nes,knitted or c",Japan,PCS,994,415.47246,0.000415
61069000,"Women's or girls' blouses,shirt&shirt-blou  es of other textiles nes,knitted or c",Maldives,PCS,58,32.00647,0.000032
61069000,"Women's or girls' blouses,shirt&shirt-blou  es of other textiles nes,knitted or c",New Zealand,PCS,12,10.40396,0.00001
61069000,"Women's or girls' blouses,shirt&shirt-blou  es of other textiles nes,knitted or c",Qatar,PCS,273,458.07009,0.000458
61069000,"Women's or girls' blouses,shirt&shirt-blou  es of other textiles nes,knitted or c",Thailand,PCS,5,13.08834,0.000013
61069000,"Women's or girls' blouses,shirt&shirt-blou  es of other textiles nes,knitted or c",United Arab Emirates,PCS,84,69.84098,0.00007
61069000,"Women's or girls' blouses,shirt&shirt-blou  es of other textiles nes,knitted or c",United States,PCS,1,16.65065,0.000017
61091000,"T-shirts, singlets and other vests, of cot  on, knitted or crocheted.",Australia,PCS,306,3357.78867,0.003358
61091000,"T-shirts, singlets and other vests, of cot  on, knitted or crocheted.",Bangladesh,PCS,1,1.98133,0.000002
61091000,"T-shirts, singlets and other vests, of cot  on, knitted or crocheted.",Brunei Darussalam,PCS,35,5.3907,0.000005
61091000,"T-shirts, singlets and other vests, of cot  on, knitted or crocheted.",Canada,PCS,831,163.69069,0.000164
61091000,"T-shirts, singlets and other vests, of cot  on, knitted or crocheted.",China,PCS,315,34.53378,0.000035
61091000,"T-shirts, singlets and other vests, of cot  on, knitted or crocheted.",Colombia,PCS,4,0.61228,0.000001
61091000,"T-shirts, singlets and other vests, of cot  on, knitted or crocheted.",Czech Republic,PCS,1441,1094.68123,0.001095
61091000,"T-shirts, singlets and other vests, of cot  on, knitted or crocheted.",France,PCS,5,6,0.000006
61091000,"T-shirts, singlets and other vests, of cot  on, knitted or crocheted.",Germany,PCS,3311,2312.30337,0.002312
61091000,"T-shirts, singlets and other vests, of cot  on, knitted or crocheted.",India,PCS,36,10,0.00001
61091000,"T-shirts, singlets and other vests, of cot  on, knitted or crocheted.",Italy,PCS,2268,3714.9271,0.003715
61091000,"T-shirts, singlets and other vests, of cot  on, knitted or crocheted.",Japan,PCS,6921,8905.83992,0.008906
61091000,"T-shirts, singlets and other vests, of cot  on, knitted or crocheted.","Korea, Republic of",PCS,144,56.07468,0.000056
61091000,"T-shirts, singlets and other vests, of cot  on, knitted or crocheted.",Malaysia,PCS,240,103.76385,0.000104
61091000,"T-shirts, singlets and other vests, of cot  on, knitted or crocheted.",Maldives,PCS,561,171.15331,0.000171
61091000,"T-shirts, singlets and other vests, of cot  on, knitted or crocheted.",Mongolia,PCS,687,1766.32137,0.001766
61091000,"T-shirts, singlets and other vests, of cot  on, knitted or crocheted.",New Zealand,PCS,691,287.02385,0.000287
61091000,"T-shirts, singlets and other vests, of cot  on, knitted or crocheted.",Norway,PCS,45,20.09636,0.00002
61091000,"T-shirts, singlets and other vests, of cot  on, knitted or crocheted.",Qatar,PCS,187,98.35886,0.000098
61091000,"T-shirts, singlets and other vests, of cot  on, knitted or crocheted.",Saudi Arabia,PCS,163,60.41732,0.00006
61091000,"T-shirts, singlets and other vests, of cot  on, knitted or crocheted.",Singapore,PCS,70,29.19096,0.000029
61091000,"T-shirts, singlets and other vests, of cot  on, knitted or crocheted.",Slovakia,PCS,1,1.5206,0.000002
61091000,"T-shirts, singlets and other vests, of cot  on, knitted or crocheted.",Switzerland,PCS,90,24.9835,0.000025
61091000,"T-shirts, singlets and other vests, of cot  on, knitted or crocheted.",Thailand,PCS,119,80.49793,0.00008
61091000,"T-shirts, singlets and other vests, of cot  on, knitted or crocheted.",United Arab Emirates,PCS,561,149.84356,0.00015
61091000,"T-shirts, singlets and other vests, of cot  on, knitted or crocheted.",United States,PCS,7771,11906.302,0.011906
61099000,"T-shirts, singlets & other vests of other   extiles, nes, knitted or crocheted",Austria,PCS,26,355.49981,0.000355
61099000,"T-shirts, singlets & other vests of other   extiles, nes, knitted or crocheted",China,PCS,395,118.5,0.000118
61099000,"T-shirts, singlets & other vests of other   extiles, nes, knitted or crocheted",Germany,PCS,37,423.97708,0.000424
61099000,"T-shirts, singlets & other vests of other   extiles, nes, knitted or crocheted",Poland,PCS,104,751.26756,0.000751
61099000,"T-shirts, singlets & other vests of other   extiles, nes, knitted or crocheted",Switzerland,PCS,29,233.29697,0.000233
61099000,"T-shirts, singlets & other vests of other   extiles, nes, knitted or crocheted",United States,PCS,8,33.3013,0.000033
61101100,"Jerseys,pullovers,cardigans,waistcoats & s  milar articles of wool, knitted or cr",Australia,PCS,263,188.23555,0.000188
61101100,"Jerseys,pullovers,cardigans,waistcoats & s  milar articles of wool, knitted or cr",Canada,PCS,39,304.64,0.000305
61101100,"Jerseys,pullovers,cardigans,waistcoats & s  milar articles of wool, knitted or cr",Czech Republic,PCS,2500,1192.55488,0.001193
61101100,"Jerseys,pullovers,cardigans,waistcoats & s  milar articles of wool, knitted or cr",Denmark,PCS,18,79.50184,0.00008
61101100,"Jerseys,pullovers,cardigans,waistcoats & s  milar articles of wool, knitted or cr",Finland,PCS,9,32.38453,0.000032
61101100,"Jerseys,pullovers,cardigans,waistcoats & s  milar articles of wool, knitted or cr",France,PCS,1344,13215.81125,0.013216
61101100,"Jerseys,pullovers,cardigans,waistcoats & s  milar articles of wool, knitted or cr",Germany,PCS,291,699.48688,0.000699
61101100,"Jerseys,pullovers,cardigans,waistcoats & s  milar articles of wool, knitted or cr",India,PCS,81,541.70806,0.000542
61101100,"Jerseys,pullovers,cardigans,waistcoats & s  milar articles of wool, knitted or cr",Italy,PCS,8600,41331.35281,0.041331
61101100,"Jerseys,pullovers,cardigans,waistcoats & s  milar articles of wool, knitted or cr",Japan,PCS,804,7781.02265,0.007781
61101100,"Jerseys,pullovers,cardigans,waistcoats & s  milar articles of wool, knitted or cr","Korea, Republic of",PCS,234,110.22777,0.00011
61101100,"Jerseys,pullovers,cardigans,waistcoats & s  milar articles of wool, knitted or cr",Sweden,PCS,177,1183.22187,0.001183
61101100,"Jerseys,pullovers,cardigans,waistcoats & s  milar articles of wool, knitted or cr",Switzerland,PCS,560,2668.92708,0.002669
61101100,"Jerseys,pullovers,cardigans,waistcoats & s  milar articles of wool, knitted or cr",United Arab Emirates,PCS,100,18.95513,0.000019
61101100,"Jerseys,pullovers,cardigans,waistcoats & s  milar articles of wool, knitted or cr",United Kingdom,PCS,13012,43503.37196,0.043503
61101100,"Jerseys,pullovers,cardigans,waistcoats & s  milar articles of wool, knitted or cr",United States,PCS,2732,20315.97187,0.020316
61101200,"Jerseys,pullovers,cardigans,waistcoats&sim  lar articles of Kashmir(cashmere) goa",Australia,PCS,1242,794.34275,0.000794
61101200,"Jerseys,pullovers,cardigans,waistcoats&sim  lar articles of Kashmir(cashmere) goa",Austria,PCS,395,1641.00842,0.001641
61101200,"Jerseys,pullovers,cardigans,waistcoats&sim  lar articles of Kashmir(cashmere) goa",Canada,PCS,7337,1997.60476,0.001998
61101200,"Jerseys,pullovers,cardigans,waistcoats&sim  lar articles of Kashmir(cashmere) goa",Denmark,PCS,13177,46839.47872,0.046839
61101200,"Jerseys,pullovers,cardigans,waistcoats&sim  lar articles of Kashmir(cashmere) goa",France,PCS,6054,43314.9475,0.043315
61101200,"Jerseys,pullovers,cardigans,waistcoats&sim  lar articles of Kashmir(cashmere) goa",Germany,PCS,21817,49083.32926,0.049083
61101200,"Jerseys,pullovers,cardigans,waistcoats&sim  lar articles of Kashmir(cashmere) goa",Hong Kong,PCS,150,42.85409,0.000043
61101200,"Jerseys,pullovers,cardigans,waistcoats&sim  lar articles of Kashmir(cashmere) goa",India,PCS,20,344.848,0.000345
61101200,"Jerseys,pullovers,cardigans,waistcoats&sim  lar articles of Kashmir(cashmere) goa",Ireland,PCS,680,3835.10011,0.003835
61101200,"Jerseys,pullovers,cardigans,waistcoats&sim  lar articles of Kashmir(cashmere) goa",Italy,PCS,4471,18977.91437,0.018978
61101200,"Jerseys,pullovers,cardigans,waistcoats&sim  lar articles of Kashmir(cashmere) goa",Japan,PCS,10558,12680.59787,0.012681
61101200,"Jerseys,pullovers,cardigans,waistcoats&sim  lar articles of Kashmir(cashmere) goa","Korea, Republic of",PCS,55,378.43903,0.000378
61101200,"Jerseys,pullovers,cardigans,waistcoats&sim  lar articles of Kashmir(cashmere) goa",Malaysia,PCS,280,59.34254,0.000059
61101200,"Jerseys,pullovers,cardigans,waistcoats&sim  lar articles of Kashmir(cashmere) goa",Netherlands,PCS,1031,2694.69024,0.002695
61101200,"Jerseys,pullovers,cardigans,waistcoats&sim  lar articles of Kashmir(cashmere) goa",New Zealand,PCS,226,708.17162,0.000708
61101200,"Jerseys,pullovers,cardigans,waistcoats&sim  lar articles of Kashmir(cashmere) goa",Norway,PCS,1925,5318.951,0.005319
61101200,"Jerseys,pullovers,cardigans,waistcoats&sim  lar articles of Kashmir(cashmere) goa",Poland,PCS,32,318.38559,0.000318
61101200,"Jerseys,pullovers,cardigans,waistcoats&sim  lar articles of Kashmir(cashmere) goa",Spain,PCS,44,185.052,0.000185
61101200,"Jerseys,pullovers,cardigans,waistcoats&sim  lar articles of Kashmir(cashmere) goa",Sweden,PCS,628,5940.253,0.00594
61101200,"Jerseys,pullovers,cardigans,waistcoats&sim  lar articles of Kashmir(cashmere) goa",Switzerland,PCS,122,1622.34481,0.001622
61101200,"Jerseys,pullovers,cardigans,waistcoats&sim  lar articles of Kashmir(cashmere) goa",United Kingdom,PCS,58431,28706.2023,0.028706
61101200,"Jerseys,pullovers,cardigans,waistcoats&sim  lar articles of Kashmir(cashmere) goa",United States,PCS,21783,37829.48436,0.037829
61101900,"Other jerseys,pullovers,cardigans,waistcoa  s&similar articles,knitted or crochet",Australia,PCS,30507,18752.954,0.018753
61101900,"Other jerseys,pullovers,cardigans,waistcoa  s&similar articles,knitted or crochet",Italy,PCS,462,3082.63441,0.003083
61102000,"Jerseys, pullovers, cardigans, waistcoats,  etc, of cotton, knitted or crocheted.",Australia,PCS,25,127.9404,0.000128
61102000,"Jerseys, pullovers, cardigans, waistcoats,  etc, of cotton, knitted or crocheted.","Korea, Republic of",PCS,10,53.2875,0.000053
61102000,"Jerseys, pullovers, cardigans, waistcoats,  etc, of cotton, knitted or crocheted.",Netherlands,PCS,5505,7600.25637,0.0076
61102000,"Jerseys, pullovers, cardigans, waistcoats,  etc, of cotton, knitted or crocheted.",Sweden,PCS,14,51.51385,0.000052
61102000,"Jerseys, pullovers, cardigans, waistcoats,  etc, of cotton, knitted or crocheted.",United Kingdom,PCS,120,540.6833,0.000541
61109000,"Jerseys, pullovers,cardigans, waistcoats,   tc,of other textiles,nes,knitted or c",Australia,PCS,24,237.7137,0.000238
61109000,"Jerseys, pullovers,cardigans, waistcoats,   tc,of other textiles,nes,knitted or c",Austria,PCS,63,1277.50853,0.001278
61109000,"Jerseys, pullovers,cardigans, waistcoats,   tc,of other textiles,nes,knitted or c",Belgium,PCS,50,842.20637,0.000842
61109000,"Jerseys, pullovers,cardigans, waistcoats,   tc,of other textiles,nes,knitted or c",Canada,PCS,53,137.93363,0.000138
61109000,"Jerseys, pullovers,cardigans, waistcoats,   tc,of other textiles,nes,knitted or c",France,PCS,69,1448.34342,0.001448
61109000,"Jerseys, pullovers,cardigans, waistcoats,   tc,of other textiles,nes,knitted or c",Ireland,PCS,91,797.09056,0.000797
61109000,"Jerseys, pullovers,cardigans, waistcoats,   tc,of other textiles,nes,knitted or c",Italy,PCS,42,823.826,0.000824
61109000,"Jerseys, pullovers,cardigans, waistcoats,   tc,of other textiles,nes,knitted or c",Japan,PCS,43,258.42789,0.000258
61109000,"Jerseys, pullovers,cardigans, waistcoats,   tc,of other textiles,nes,knitted or c","Korea, Republic of",PCS,10,4.6263,0.000005
61109000,"Jerseys, pullovers,cardigans, waistcoats,   tc,of other textiles,nes,knitted or c",Netherlands,PCS,136,1190.35487,0.00119
61109000,"Jerseys, pullovers,cardigans, waistcoats,   tc,of other textiles,nes,knitted or c",Spain,PCS,648,6195.541,0.006196
61109000,"Jerseys, pullovers,cardigans, waistcoats,   tc,of other textiles,nes,knitted or c",Sweden,PCS,397,2812.5765,0.002813
61109000,"Jerseys, pullovers,cardigans, waistcoats,   tc,of other textiles,nes,knitted or c",Switzerland,PCS,71,1173.06212,0.001173
61109000,"Jerseys, pullovers,cardigans, waistcoats,   tc,of other textiles,nes,knitted or c",Turkey,PCS,507,4942.6685,0.004943
61109000,"Jerseys, pullovers,cardigans, waistcoats,   tc,of other textiles,nes,knitted or c",United States,PCS,1026,8414.37661,0.008414
61119000,"Babies' garments & clothing accessories of  other textiles,nes, knitted or croche",Japan,PCS,540,339.82941,0.00034
61130000,"Garments made up of knitted or crocheted f  brics of heading 5903, 5906, 5907",Australia,PCS,2124,207.54773,0.000208
61130000,"Garments made up of knitted or crocheted f  brics of heading 5903, 5906, 5907","Korea, Republic of",PCS,237,92.0848,0.000092
61130000,"Garments made up of knitted or crocheted f  brics of heading 5903, 5906, 5907",Netherlands,PCS,3680,257.06525,0.000257
61130000,"Garments made up of knitted or crocheted f  brics of heading 5903, 5906, 5907",New Zealand,PCS,649,119.08764,0.000119
61130000,"Garments made up of knitted or crocheted f  brics of heading 5903, 5906, 5907",United Kingdom,PCS,3278,436.20251,0.000436
61142000,"Garments of cotton, knitted or crocheted,   es",Germany,PCS,415,92.17194,0.000092
61142000,"Garments of cotton, knitted or crocheted,   es",United Kingdom,PCS,1500,821.31281,0.000821
61142000,"Garments of cotton, knitted or crocheted,   es",United States,PCS,4153,7075.51328,0.007076
61142000,"Garments of cotton, knitted or crocheted,   es",Namibia,PCS,169,183.1762,0.000183
61159400,Other hosiery of wool or fine animal hair   .,Ireland,PR,200,1270.20875,0.00127
61161000,"Impregnated, coated, covered or laminated with plastics or rubber",United States,PR,21,228.48266,0.000228
61169100,"Gloves, mittens and mitts, of wool or fine  animal hair, knitted or crocheted",Ireland,PR,6317,5687.59237,0.005688
61169100,"Gloves, mittens and mitts, of wool or fine  animal hair, knitted or crocheted",United Kingdom,PR,871,3364.9965,0.003365
61169100,"Gloves, mittens and mitts, of wool or fine  animal hair, knitted or crocheted",United States,PR,29885,22981.05513,0.022981
61169200,"Gloves, mittens and mitts, of cotton, knit  ed or crocheted",United States,PR,6426,1997.97013,0.001998
61171000,"Shawls, scarves, mufflers, mantillas, veil  , etc, knitted or crocheted",Austria,PCS,263,2230.4488,0.00223
61171000,"Shawls, scarves, mufflers, mantillas, veil  , etc, knitted or crocheted",Denmark,PCS,70,922.56,0.000923
61171000,"Shawls, scarves, mufflers, mantillas, veil  , etc, knitted or crocheted",France,PCS,20,299.34934,0.000299
61171000,"Shawls, scarves, mufflers, mantillas, veil  , etc, knitted or crocheted",Germany,PCS,6661,42420.61705,0.042421
61171000,"Shawls, scarves, mufflers, mantillas, veil  , etc, knitted or crocheted",India,PCS,1908,2601.472,0.002601
61171000,"Shawls, scarves, mufflers, mantillas, veil  , etc, knitted or crocheted",Italy,PCS,295,2185.5645,0.002186
61171000,"Shawls, scarves, mufflers, mantillas, veil  , etc, knitted or crocheted",Japan,PCS,3350,1048.06362,0.001048
61171000,"Shawls, scarves, mufflers, mantillas, veil  , etc, knitted or crocheted",Netherlands,PCS,3319,1323.68775,0.001324
61171000,"Shawls, scarves, mufflers, mantillas, veil  , etc, knitted or crocheted",Singapore,PCS,55,9.906,0.00001
61171000,"Shawls, scarves, mufflers, mantillas, veil  , etc, knitted or crocheted",Switzerland,PCS,103,635.07494,0.000635
61171000,"Shawls, scarves, mufflers, mantillas, veil  , etc, knitted or crocheted",United States,PCS,179,2184.19034,0.002184
61178000,"Other clothing accessories, knitted or cro  heted, nes",United States,PCS,1220,1618.245,0.001618
61179000,"Parts of garments or clothing accessories,  knitted or crocheted",Spain,PCS,209,1202.5575,0.001203
62012000,"Men's or boys' coats, capes, cloaks, jackets,etc, Of wool or fine animal hair <>62.03",China,PCS,65,24.7,0.000025
62013000,"Men's or boys' coats, capes, cloaks, wind jackets, etc, Of cotton other than 62.03",China,PCS,1015,27.51462,0.000028
62014000,"Men's or boys' coats, capes, cloaks, wind jackets, etc Of man-made fibres <> 62.03",United States,PCS,125,4728.12,0.004728
62019000,"Men's or boys' coats, capes, cloaks, jackets, etc Of other textile material <> 62.03",China,PCS,750,135,0.000135
62029000,"Men's or boys' coats, capes, cloaks, jackets, etc Of other textile material <> 62.04",Netherlands,PCS,1990,3944.3755,0.003944
62031100,Men's or boys' suits of wool or fine anima   hair,United States,PCS,4413,7458.8465,0.007459
62033100,Men's or boys' jackets and blazers of wool  or fine animal hair,Germany,PCS,3362,4740.54013,0.004741
62033100,Men's or boys' jackets and blazers of wool  or fine animal hair,United Kingdom,PCS,426,18.4512,0.000018
62033100,Men's or boys' jackets and blazers of wool  or fine animal hair,United States,PCS,130,57.96,0.000058
62033200,Men's or boys' jackets and blazers of cott  n,Australia,PCS,97,112.39628,0.000112
62033200,Men's or boys' jackets and blazers of cott  n,Canada,PCS,3814,319.03984,0.000319
62033200,Men's or boys' jackets and blazers of cott  n,Germany,PCS,1765,239.27402,0.000239
62033200,Men's or boys' jackets and blazers of cott  n,Japan,PCS,374,639.77538,0.00064
62033200,Men's or boys' jackets and blazers of cott  n,South Africa,PCS,143,240.32384,0.00024
62033200,Men's or boys' jackets and blazers of cott  n,United Arab Emirates,PCS,792,83.62841,0.000084
62033300,Men's or boys' jackets and blazers of synt  etic fibres,Canada,PCS,499,1779.26437,0.001779
62033300,Men's or boys' jackets and blazers of synt  etic fibres,United States,PCS,500,1724.42137,0.001724
62033900,"Men's or boys' jackets and blazers of othe   textiles materials, nes.",China,PCS,1517,1042,0.001042
62034200,"Men's or boys' trousers, bib & brace overa  l, breeches & shorts of cotton",Australia,PCS,4882,743.24063,0.000743
62034200,"Men's or boys' trousers, bib & brace overa  l, breeches & shorts of cotton",Canada,PCS,20,64.176,0.000064
62034200,"Men's or boys' trousers, bib & brace overa  l, breeches & shorts of cotton",China,PCS,100,50,0.00005
62034200,"Men's or boys' trousers, bib & brace overa  l, breeches & shorts of cotton",India,PCS,38132,14686.062,0.014686
62034200,"Men's or boys' trousers, bib & brace overa  l, breeches & shorts of cotton","Korea, Republic of",PCS,14,232.9428,0.000233
62034200,"Men's or boys' trousers, bib & brace overa  l, breeches & shorts of cotton",Netherlands,PCS,636,1266.52281,0.001267
62034200,"Men's or boys' trousers, bib & brace overa  l, breeches & shorts of cotton",New Zealand,PCS,13,91.68,0.000092
62034200,"Men's or boys' trousers, bib & brace overa  l, breeches & shorts of cotton",United Arab Emirates,PCS,25,99.1355,0.000099
62034200,"Men's or boys' trousers, bib & brace overa  l, breeches & shorts of cotton",United Kingdom,PCS,1163,1402.66486,0.001403
62034200,"Men's or boys' trousers, bib & brace overa  l, breeches & shorts of cotton",United States,PCS,17807,4482.32019,0.004482
62034900,"Men's or boys' trousers, bib & brace overa  l, breeches & shorts of other textile",China,PCS,326,154.85,0.000155
62034900,"Men's or boys' trousers, bib & brace overa  l, breeches & shorts of other textile",Germany,PCS,4699,5236.35,0.005236
62041900,"Women's or girls' suits of other textiles   aterials, nes",United Kingdom,PCS,599,96.12635,0.000096
62042200,Women's or girls' ensembles of cotton   .,United Kingdom,PCS,26,6.87955,0.000007
62043200,Women's or girls' jackets and blazers of c  tton.,Australia,PCS,50,64.224,0.000064
62043200,Women's or girls' jackets and blazers of c  tton.,Germany,PCS,372,876.55,0.000877
62043200,Women's or girls' jackets and blazers of c  tton.,Netherlands,PCS,1080,85.65442,0.000086
62043200,Women's or girls' jackets and blazers of c  tton.,United Arab Emirates,PCS,1287,97.66567,0.000098
62043200,Women's or girls' jackets and blazers of c  tton.,United Kingdom,PCS,14210,3779.92019,0.00378
62043200,Women's or girls' jackets and blazers of c  tton.,United States,PCS,2197,2888.5181,0.002889
62044200,Women's or girls' dresses of cotton   .,Australia,PCS,5871,1027.35765,0.001027
62044200,Women's or girls' dresses of cotton   .,China,PCS,78821,694.67119,0.000695
62044200,Women's or girls' dresses of cotton   .,Czech Republic,PCS,8698,6994.5693,0.006995
62044200,Women's or girls' dresses of cotton   .,Estonia,PCS,201,730.95906,0.000731
62044200,Women's or girls' dresses of cotton   .,France,PCS,872,417.26342,0.000417
62044200,Women's or girls' dresses of cotton   .,Germany,PCS,12121,14800.0864,0.0148
62044200,Women's or girls' dresses of cotton   .,Hong Kong,PCS,691,528.8443,0.000529
62044200,Women's or girls' dresses of cotton   .,Hungary,PCS,1792,1470.44262,0.00147
62044200,Women's or girls' dresses of cotton   .,Ireland,PCS,1839,2607.583,0.002608
62044200,Women's or girls' dresses of cotton   .,Israel,PCS,659,53.26878,0.000053
62044200,Women's or girls' dresses of cotton   .,Japan,PCS,17737,3739.74092,0.00374
62044200,Women's or girls' dresses of cotton   .,Netherlands,PCS,12296,3252.43726,0.003252
62044200,Women's or girls' dresses of cotton   .,Saudi Arabia,PCS,323,273.38302,0.000273
62044200,Women's or girls' dresses of cotton   .,Singapore,PCS,2,36.9663,0.000037
62044200,Women's or girls' dresses of cotton   .,Spain,PCS,5,26.382,0.000026
62044200,Women's or girls' dresses of cotton   .,United Arab Emirates,PCS,1242,441.0905,0.000441
62044200,Women's or girls' dresses of cotton   .,United Kingdom,PCS,55617,25176.36248,0.025176
62044200,Women's or girls' dresses of cotton   .,United States,PCS,51273,28374.37063,0.028374
62044300,Women's or girls' dresses of synthetic fib  es,Australia,PCS,4,7.1619,0.000007
62044300,Women's or girls' dresses of synthetic fib  es,China,PCS,1260,38.86092,0.000039
62044300,Women's or girls' dresses of synthetic fib  es,Japan,PCS,37,10.6627,0.000011
62044300,Women's or girls' dresses of synthetic fib  es,"Korea, Republic of",PCS,20,12.79404,0.000013
62044300,Women's or girls' dresses of synthetic fib  es,Malaysia,PCS,35,5.63547,0.000006
62044300,Women's or girls' dresses of synthetic fib  es,Maldives,PCS,3,2.58927,0.000003
62044300,Women's or girls' dresses of synthetic fib  es,New Zealand,PCS,35,5.63547,0.000006
62044300,Women's or girls' dresses of synthetic fib  es,United Arab Emirates,PCS,195,19.8783,0.00002
62044900,"Women's or girls' dresses of other textile  , nes",Canada,PCS,43,11.46867,0.000011
62045200,Women's or girls' skirts and divided skirt   of cotton,Japan,PCS,230,150.74028,0.000151
62045200,Women's or girls' skirts and divided skirt   of cotton,Netherlands,PCS,566,993.09419,0.000993
62045200,Women's or girls' skirts and divided skirt   of cotton,United States,PCS,35631,13797.02681,0.013797
62045300,Women's or girls' skirts and divided skirt   of synthetic fibres.,China,PCS,264,30.10392,0.00003
62046200,"Women's or girls' trousers, breeches, etc,  of cotton",Australia,PCS,18856,10706.75319,0.010707
62046200,"Women's or girls' trousers, breeches, etc,  of cotton",Austria,PCS,5968,2628.3295,0.002628
62046200,"Women's or girls' trousers, breeches, etc,  of cotton",Belgium,PCS,983,121.0643,0.000121
62046200,"Women's or girls' trousers, breeches, etc,  of cotton",Bhutan,PCS,224,92.48,0.000092
62046200,"Women's or girls' trousers, breeches, etc,  of cotton",Canada,PCS,14669,6357.35167,0.006357
62046200,"Women's or girls' trousers, breeches, etc,  of cotton",Chile,PCS,5860,1137.3599,0.001137
62046200,"Women's or girls' trousers, breeches, etc,  of cotton",China,PCS,141150,5920.55934,0.005921
62046200,"Women's or girls' trousers, breeches, etc,  of cotton",Cyprus,PCS,156,35.30833,0.000035
62046200,"Women's or girls' trousers, breeches, etc,  of cotton",Czech Republic,PCS,12055,6423.09347,0.006423
62046200,"Women's or girls' trousers, breeches, etc,  of cotton",Denmark,PCS,5896,3576.16669,0.003576
62046200,"Women's or girls' trousers, breeches, etc,  of cotton",Ethiopia,PCS,12,15.241,0.000015
62046200,"Women's or girls' trousers, breeches, etc,  of cotton",France,PCS,17044,10586.64396,0.010587
62046200,"Women's or girls' trousers, breeches, etc,  of cotton",Georgia,PCS,53,17.42573,0.000017
62046200,"Women's or girls' trousers, breeches, etc,  of cotton",Germany,PCS,50956,45287.06201,0.045287
62046200,"Women's or girls' trousers, breeches, etc,  of cotton",Hong Kong,PCS,8773,2457.95118,0.002458
62046200,"Women's or girls' trousers, breeches, etc,  of cotton",Ireland,PCS,540,868.68,0.000869
62046200,"Women's or girls' trousers, breeches, etc,  of cotton",Israel,PCS,1400,291.39648,0.000291
62046200,"Women's or girls' trousers, breeches, etc,  of cotton",Italy,PCS,7869,3697.67241,0.003698
62046200,"Women's or girls' trousers, breeches, etc,  of cotton",Japan,PCS,29031,9676.25103,0.009676
62046200,"Women's or girls' trousers, breeches, etc,  of cotton",Kazakstan,PCS,4816,766.43178,0.000766
62046200,"Women's or girls' trousers, breeches, etc,  of cotton","Korea, Republic of",PCS,5112,2645.83308,0.002646
62046200,"Women's or girls' trousers, breeches, etc,  of cotton",Lithuania,PCS,534,90.47418,0.00009
62046200,"Women's or girls' trousers, breeches, etc,  of cotton",Mexico,PCS,79,23.18001,0.000023
62046200,"Women's or girls' trousers, breeches, etc,  of cotton",Netherlands,PCS,16217,8174.83049,0.008175
62046200,"Women's or girls' trousers, breeches, etc,  of cotton",New Zealand,PCS,332,149.47278,0.000149
62046200,"Women's or girls' trousers, breeches, etc,  of cotton",Norway,PCS,3922,1852.17145,0.001852
62046200,"Women's or girls' trousers, breeches, etc,  of cotton",Poland,PCS,383,556.66019,0.000557
62046200,"Women's or girls' trousers, breeches, etc,  of cotton",Portugal,PCS,738,232.35366,0.000232
62046200,"Women's or girls' trousers, breeches, etc,  of cotton",Singapore,PCS,885,228.09794,0.000228
62046200,"Women's or girls' trousers, breeches, etc,  of cotton",South Africa,PCS,1195,457.25707,0.000457
62046200,"Women's or girls' trousers, breeches, etc,  of cotton",Spain,PCS,10335,1994.95761,0.001995
62046200,"Women's or girls' trousers, breeches, etc,  of cotton",Sweden,PCS,1918,805.72392,0.000806
62046200,"Women's or girls' trousers, breeches, etc,  of cotton",Switzerland,PCS,203,201.36705,0.000201
62046200,"Women's or girls' trousers, breeches, etc,  of cotton","Taiwan, Province of China",PCS,6666,2488.43007,0.002488
62046200,"Women's or girls' trousers, breeches, etc,  of cotton",Thailand,PCS,405,85.841,0.000086
62046200,"Women's or girls' trousers, breeches, etc,  of cotton",United Arab Emirates,PCS,10245,1933.41089,0.001933
62046200,"Women's or girls' trousers, breeches, etc,  of cotton",United Kingdom,PCS,86238,22801.49651,0.022801
62046200,"Women's or girls' trousers, breeches, etc,  of cotton",United States,PCS,122428,101971.19534,0.101971
62046200,"Women's or girls' trousers, breeches, etc,  of cotton",Viet Nam,PCS,694,94.03363,0.000094
62052000,Men's or boys' shirts of cotton   .,Australia,PCS,8633,2375.90917,0.002376
62052000,Men's or boys' shirts of cotton   .,Canada,PCS,3213,1271.24679,0.001271
62052000,Men's or boys' shirts of cotton   .,Germany,PCS,17721,21683.60254,0.021684
62052000,Men's or boys' shirts of cotton   .,India,PCS,62,40,0.00004
62052000,Men's or boys' shirts of cotton   .,Netherlands,PCS,3318,359.2115,0.000359
62052000,Men's or boys' shirts of cotton   .,South Africa,PCS,1254,517.25887,0.000517
62052000,Men's or boys' shirts of cotton   .,Spain,PCS,74,175.19,0.000175
62052000,Men's or boys' shirts of cotton   .,Sweden,PCS,1914,8462.141,0.008462
62052000,Men's or boys' shirts of cotton   .,United Kingdom,PCS,16737,8614.42992,0.008614
62052000,Men's or boys' shirts of cotton   .,United States,PCS,838,311.6308,0.000312
62053000,Men's or boys' shirts of man-made fibres  . .,United Kingdom,PCS,30,7.37425,0.000007
62053000,Men's or boys' shirts of man-made fibres  . .,United States,PCS,19108,18255.468,0.018255
62059000,"Men's or boys' shirts of other textiles ma  erials, nes",France,PCS,1338,502.13791,0.000502
62059000,"Men's or boys' shirts of other textiles ma  erials, nes",United States,PCS,38,423.40881,0.000423
62063000,"Women's or girls' blouses, shirts, shirt-b  ouse of cotton",Japan,PCS,620,368.78591,0.000369
62069000,"Women's or girls' blouses, shirts, shirt-b  ouse of other textiles, nes",United States,PCS,114,494.80325,0.000495
62092000,Babies' garments and clothing accessories   f cotton.,India,PCS,163,289.36992,0.000289
62092000,Babies' garments and clothing accessories   f cotton.,United Kingdom,PCS,56,10.96253,0.000011
62099000,"Babies' garments and clothing accessories   f other textiles, nes",Australia,PCS,2,1.5241,0.000002
62099000,"Babies' garments and clothing accessories   f other textiles, nes",Japan,PCS,772,313.83127,0.000314
62099000,"Babies' garments and clothing accessories   f other textiles, nes","Korea, Republic of",PCS,30,7.18658,0.000007
62099000,"Babies' garments and clothing accessories   f other textiles, nes",Malaysia,PCS,8,8.382,0.000008
62099000,"Babies' garments and clothing accessories   f other textiles, nes",Maldives,PCS,30,18.2892,0.000018
62099000,"Babies' garments and clothing accessories   f other textiles, nes",New Zealand,PCS,30,18.2892,0.000018
62099000,"Babies' garments and clothing accessories   f other textiles, nes",Qatar,PCS,15,9.1446,0.000009
62099000,"Babies' garments and clothing accessories   f other textiles, nes",Singapore,PCS,46,41.09568,0.000041
62099000,"Babies' garments and clothing accessories   f other textiles, nes",Sri Lanka,PCS,3,1.5241,0.000002
62099000,"Babies' garments and clothing accessories   f other textiles, nes",United Arab Emirates,PCS,45,14.02172,0.000014
62114220,"Saree, Lungi & Dhoti women's or girls' of cotton",Australia,PCS,1,3.80475,0.000004
62114220,"Saree, Lungi & Dhoti women's or girls' of cotton",Japan,PCS,98,54.28859,0.000054
62114220,"Saree, Lungi & Dhoti women's or girls' of cotton",Qatar,PCS,13,10.45568,0.00001
62114290,"Other garments, women's or girls of cotton  .",Japan,PCS,26,0.046,0
62114990,Other garments of other textiles material,China,PCS,28677,4987.50826,0.004988
62141000,"Shawls, scarves, mufflers, mantillas, veil  , etc, of silk or silk waste.",China,PCS,330,98.548,0.000099
62142000,"Shawls, scarves, mufflers, mantillas, veil  , etc, of wool or fine animal hair",Australia,PCS,135,1589.24532,0.001589
62142000,"Shawls, scarves, mufflers, mantillas, veil  , etc, of wool or fine animal hair",Austria,PCS,4606,41277.91657,0.041278
62142000,"Shawls, scarves, mufflers, mantillas, veil  , etc, of wool or fine animal hair",Canada,PCS,3340,5144.80948,0.005145
62142000,"Shawls, scarves, mufflers, mantillas, veil  , etc, of wool or fine animal hair",China,PCS,274233,7512.74172,0.007513
62142000,"Shawls, scarves, mufflers, mantillas, veil  , etc, of wool or fine animal hair",Czech Republic,PCS,40,426.272,0.000426
62142000,"Shawls, scarves, mufflers, mantillas, veil  , etc, of wool or fine animal hair",Denmark,PCS,349,2708.10706,0.002708
62142000,"Shawls, scarves, mufflers, mantillas, veil  , etc, of wool or fine animal hair",Finland,PCS,179,65.0793,0.000065
62142000,"Shawls, scarves, mufflers, mantillas, veil  , etc, of wool or fine animal hair",France,PCS,1530,16063.34207,0.016063
62142000,"Shawls, scarves, mufflers, mantillas, veil  , etc, of wool or fine animal hair",Germany,PCS,18753,86541.09201,0.086541
62142000,"Shawls, scarves, mufflers, mantillas, veil  , etc, of wool or fine animal hair",India,PCS,11219,11437.40975,0.011437
62142000,"Shawls, scarves, mufflers, mantillas, veil  , etc, of wool or fine animal hair",Ireland,PCS,326,1598.676,0.001599
62142000,"Shawls, scarves, mufflers, mantillas, veil  , etc, of wool or fine animal hair",Italy,PCS,4799,9540.32932,0.00954
62142000,"Shawls, scarves, mufflers, mantillas, veil  , etc, of wool or fine animal hair",Japan,PCS,10261,25956.16022,0.025956
62142000,"Shawls, scarves, mufflers, mantillas, veil  , etc, of wool or fine animal hair","Korea, Republic of",PCS,1297,3848.38088,0.003848
62142000,"Shawls, scarves, mufflers, mantillas, veil  , etc, of wool or fine animal hair",Liechtenstein,PCS,42,334.41856,0.000334
62142000,"Shawls, scarves, mufflers, mantillas, veil  , etc, of wool or fine animal hair",Malaysia,PCS,7,186.20019,0.000186
62142000,"Shawls, scarves, mufflers, mantillas, veil  , etc, of wool or fine animal hair",Netherlands,PCS,1852,8802.74845,0.008803
62142000,"Shawls, scarves, mufflers, mantillas, veil  , etc, of wool or fine animal hair",New Zealand,PCS,370,2069.23418,0.002069
62142000,"Shawls, scarves, mufflers, mantillas, veil  , etc, of wool or fine animal hair",Norway,PCS,2689,4988.0995,0.004988
62142000,"Shawls, scarves, mufflers, mantillas, veil  , etc, of wool or fine animal hair",Poland,PCS,438,3386.45157,0.003386
62142000,"Shawls, scarves, mufflers, mantillas, veil  , etc, of wool or fine animal hair",Singapore,PCS,35,5.3312,0.000005
62142000,"Shawls, scarves, mufflers, mantillas, veil  , etc, of wool or fine animal hair",Spain,PCS,40,178.11255,0.000178
62142000,"Shawls, scarves, mufflers, mantillas, veil  , etc, of wool or fine animal hair",Sweden,PCS,15,176.0552,0.000176
62142000,"Shawls, scarves, mufflers, mantillas, veil  , etc, of wool or fine animal hair",Switzerland,PCS,2082,24368.84821,0.024369
62142000,"Shawls, scarves, mufflers, mantillas, veil  , etc, of wool or fine animal hair","Taiwan, Province of China",PCS,355,329.20559,0.000329
62142000,"Shawls, scarves, mufflers, mantillas, veil  , etc, of wool or fine animal hair",United Arab Emirates,PCS,1449,519.37872,0.000519
62142000,"Shawls, scarves, mufflers, mantillas, veil  , etc, of wool or fine animal hair",United Kingdom,PCS,4397,21033.70566,0.021034
62142000,"Shawls, scarves, mufflers, mantillas, veil  , etc, of wool or fine animal hair",United States,PCS,44525,68969.18657,0.068969
62143000,"Shawls, scarves, mufflers, mantillas, veil  , etc, of synthetic fibres",Australia,PCS,2,1.0402,0.000001
62143000,"Shawls, scarves, mufflers, mantillas, veil  , etc, of synthetic fibres",India,PCS,1,0.7602,0.000001
62144000,"Shawls, scarves, mufflers, mantillas, veil  , etc, of artificial fibres",Germany,PCS,287,312.87363,0.000313
62171000,"Other made up clothing accessories, nes",Australia,PCS,1317,856.88891,0.000857
62171000,"Other made up clothing accessories, nes",Canada,PCS,91,234.3288,0.000234
62171000,"Other made up clothing accessories, nes",China,PCS,300,45,0.000045
62171000,"Other made up clothing accessories, nes",Japan,PCS,509,11.77393,0.000012
62171000,"Other made up clothing accessories, nes",New Zealand,PCS,1,1.5386,0.000002
62171000,"Other made up clothing accessories, nes",Norway,PCS,14,287.32459,0.000287
62171000,"Other made up clothing accessories, nes",Switzerland,PCS,18,30.48,0.00003
62171000,"Other made up clothing accessories, nes","Taiwan, Province of China",PCS,6,86.1056,0.000086
62171000,"Other made up clothing accessories, nes",United Arab Emirates,PCS,2616,339.73175,0.00034
62171000,"Other made up clothing accessories, nes",United Kingdom,PCS,647,1210.88906,0.001211
62171000,"Other made up clothing accessories, nes",United States,PCS,431,189.039,0.000189
62179000,"Parts of garments or of clothing accessori  s, other than those of heading 6212,",China,PCS,1301,399.84629,0.0004
62179000,"Parts of garments or of clothing accessori  s, other than those of heading 6212,",India,PCS,1,0.17,0
63012000,"Blankets (excl electric blankets) and tra v lling rugs, of wool or fine animal ha",China,PCS,280,89.46,0.000089
63012000,"Blankets (excl electric blankets) and tra v lling rugs, of wool or fine animal ha",France,PCS,500,16227.1535,0.016227
63012000,"Blankets (excl electric blankets) and tra v lling rugs, of wool or fine animal ha",Germany,PCS,31,992.26652,0.000992
63012000,"Blankets (excl electric blankets) and tra v lling rugs, of wool or fine animal ha",India,PCS,740,1118.64,0.001119
63012000,"Blankets (excl electric blankets) and tra v lling rugs, of wool or fine animal ha",United Kingdom,PCS,53,1547.26637,0.001547
63012000,"Blankets (excl electric blankets) and tra v lling rugs, of wool or fine animal ha",United States,PCS,29,848.31481,0.000848
63013000,"Blankets (excl electric blankets) and tra v lling rugs, of cotton",India,PCS,175,407.06527,0.000407
63019000,"Other blankets and travelling rugs, nes   .",Belgium,PCS,2,116.028,0.000116
63019000,"Other blankets and travelling rugs, nes   .",China,PCS,1090,563.65,0.000564
63019000,"Other blankets and travelling rugs, nes   .",France,PCS,5,137.916,0.000138
63019000,"Other blankets and travelling rugs, nes   .",Greece,PCS,3,65.532,0.000066
63019000,"Other blankets and travelling rugs, nes   .",Malaysia,PCS,12,82.41089,0.000082
63019000,"Other blankets and travelling rugs, nes   .",Spain,PCS,61,36.40716,0.000036
63019000,"Other blankets and travelling rugs, nes   .",United Kingdom,PCS,62,3696.97551,0.003697
63019000,"Other blankets and travelling rugs, nes   .",United States,PCS,172,2145.57645,0.002146
63041900,Bedspreads (excl knitted or crocheted)   .,Germany,PCS,76,772.83301,0.000773
63041900,Bedspreads (excl knitted or crocheted)   .,Netherlands,PCS,26,25.46007,0.000025
63041900,Bedspreads (excl knitted or crocheted)   .,United States,PCS,4257,313.77583,0.000314
63049100,"Knitted or crocheted furnishing articles,   es",China,PCS,750,136.854,0.000137
63049210,Cushion cover of cottion not knitted or croacheted,Germany,PCS,335,182.55812,0.000183
63051000,"Sacks and bags, used for packing goods, of  jute or of other textile bast fibres",India,Kg,236283,60482.67325,0.060483
63052000,"Sacks and bags, used for packing goods, of  cotton",Australia,Kg,145,77.02078,0.000077
63052000,"Sacks and bags, used for packing goods, of  cotton",Denmark,Kg,8,11.08044,0.000011
63052000,"Sacks and bags, used for packing goods, of  cotton",Finland,Kg,0.9,7.76388,0.000008
63052000,"Sacks and bags, used for packing goods, of  cotton",France,Kg,615,1551.95813,0.001552
63052000,"Sacks and bags, used for packing goods, of  cotton",Netherlands,Kg,4.4,160.62594,0.000161
63052000,"Sacks and bags, used for packing goods, of  cotton",United States,Kg,2359,7705.32831,0.007705
63053300,"Sacks and bags,used for packing goods, of   olyethylene or polypropylene strip",India,Kg,5472.299805,2041.42512,0.002041
63061900,"Tarpaulins, awnings and sunblinds, of othe   textiles materials, nes.",India,PCS,1,1.8,0.000002
63071000,"Floor-cloths, dish-cloths, dusters and sim  lar cleaning cloths.",United States,PCS,123,524.61281,0.000525
63079010,"Cloth, cut into triangular shape in the fo  m to cover umbrella ribs.",Australia,PCS,1,0.77105,0.000001
63079010,"Cloth, cut into triangular shape in the fo  m to cover umbrella ribs.",United States,PCS,9976,15007.937,0.015008
63079090,Others made up textile article,Austria,PCS,1,4.55359,0.000005
63079090,Others made up textile article,Canada,PCS,2016,3909.50725,0.00391
63079090,Others made up textile article,China,PCS,14001,21.50974,0.000022
63079090,Others made up textile article,Germany,PCS,19050,7265.87853,0.007266
63079090,Others made up textile article,India,PCS,446,3146.4,0.003146
63079090,Others made up textile article,Switzerland,PCS,1,214.78475,0.000215
63079090,Others made up textile article,United States,PCS,9003,1981.49775,0.001981
63090000,Worn clothing and other worn articles,India,Kg,1500,150,0.00015
63101000,"Sorted Used or new rags,scrap twine, cordage,rope&cable&worn out article of twine etc",Finland,Kg,250,23.1315,0.000023
63101000,"Sorted Used or new rags,scrap twine, cordage,rope&cable&worn out article of twine etc",India,Kg,16000,768,0.000768
63101000,"Sorted Used or new rags,scrap twine, cordage,rope&cable&worn out article of twine etc",Lebanon,Kg,56,370.8096,0.000371
63101000,"Sorted Used or new rags,scrap twine, cordage,rope&cable&worn out article of twine etc",Philippines,Kg,388,76.095,0.000076
63101000,"Sorted Used or new rags,scrap twine, cordage,rope&cable&worn out article of twine etc","Taiwan, Province of China",Kg,400,130.64253,0.000131
63101000,"Sorted Used or new rags,scrap twine, cordage,rope&cable&worn out article of twine etc",Thailand,Kg,160,15.204,0.000015
64019900,Other waterproof footwear (not covering the ankle),India,PAIR,1452,755.04,0.000755
64029900,"Other footwear, nes, not covering the ankle, of rubber or plastics",India,PAIR,293372,84148.25897,0.084148
64029900,"Other footwear, nes, not covering the ankle, of rubber or plastics",Japan,PAIR,8,10.44938,0.00001
64029900,"Other footwear, nes, not covering the ankle, of rubber or plastics",Malaysia,PAIR,24,18.5052,0.000019
64035900,"Footwear with leather soles and uppers, not covering the ankle",China,PAIR,468,18.04257,0.000018
64041900,"Sports footwear, with rubber or plastic soles and textile uppers",India,PAIR,450586,255691.87453,0.255692
64041900,"Sports footwear, with rubber or plastic soles and textile uppers",United Kingdom,PAIR,51,17.31766,0.000017
64042000,Footwear with outer soles of leather or composition leather,Australia,PAIR,23,10.43304,0.00001
64042000,Footwear with outer soles of leather or composition leather,Canada,PAIR,333,36.46541,0.000036
64042000,Footwear with outer soles of leather or composition leather,Hong Kong,PAIR,18,10.7576,0.000011
64042000,Footwear with outer soles of leather or composition leather,India,PAIR,1,3.0804,0.000003
64042000,Footwear with outer soles of leather or composition leather,Netherlands,PAIR,182,275.36258,0.000275
64042000,Footwear with outer soles of leather or composition leather,United Arab Emirates,PAIR,80,91.84405,0.000092
64042000,Footwear with outer soles of leather or composition leather,United Kingdom,PAIR,758,360.32008,0.00036
64052010,Other footware with uppers of cotton textile materials,Canada,PAIR,3434,6553.0645,0.006553
64059000,"Footwear, nes",United States,PAIR,3277,5701.32588,0.005701
65020000,"Hat-shapes, plaited or made by assembling   trips of any material",Canada,PCS,507,337.41147,0.000337
65050019,Other hair nets,Canada,Kg,9.67,167.74964,0.000168
65050090,Other cap,Austria,PCS,1473,8840.95265,0.008841
65050090,Other cap,Canada,PCS,3361,3301.79312,0.003302
65050090,Other cap,China,PCS,250,13.44263,0.000013
65050090,Other cap,Germany,PCS,104,494.46144,0.000494
65050090,Other cap,United States,PCS,12931,13598.49179,0.013598
67029090,"Artificial flowers, foliage, etc and artic  es thereof of other materials",United States,Kg,309.119995,1681.50238,0.001682
67041100,Complete wigs of synthetic textile materia  s,Japan,Kg,0.5,1.5421,0.000002
67041100,Complete wigs of synthetic textile materia  s,"Korea, Republic of",Kg,8.45,41.28676,0.000041
67041100,Complete wigs of synthetic textile materia  s,Malaysia,Kg,0.5,3.0448,0.000003
67042000,"Wigs, false beards, eyebrows, etc and arti  les, nes, of human hair",Canada,Kg,5.78,514.36506,0.000514
67042000,"Wigs, false beards, eyebrows, etc and arti  les, nes, of human hair",Japan,Kg,1.57,28.98392,0.000029
67042000,"Wigs, false beards, eyebrows, etc and arti  les, nes, of human hair","Korea, Republic of",Kg,7.25,302.30703,0.000302
67042000,"Wigs, false beards, eyebrows, etc and arti  les, nes, of human hair",Netherlands,Kg,4,1698.04394,0.001698
67042000,"Wigs, false beards, eyebrows, etc and arti  les, nes, of human hair",United States,Kg,11,1147.6555,0.001148
67049000,"Wigs, false beards, eyebrows, etc, nes of   ther materials",Netherlands,Kg,3.8,814.66511,0.000815
67049000,"Wigs, false beards, eyebrows, etc, nes of   ther materials",United States,Kg,10,912.36306,0.000912
68029100,"Marble, travertine and alabaster, worked  .",India,Kg,22740,2882.45125,0.002882
68043000,Hand sharpening or polishing stones   .,Thailand,Kg,0.6,6.8418,0.000007
68101190,Other Building blocks and bricks,India,PCS,246153,10357.46788,0.010357
68159900,"Articles of stone or other mineral substan  es, nes.",China,Kg,230,4.16367,0.000004
69029000,"Refractory bricks, blocks, tiles, etc, nes",India,Kg,112890,254.00249,0.000254
69072100,Of a water absorption coefficient by weight not exceeding 0.5 %,India,SQM,6052.319946,2759.44368,0.002759
69074000,Finishing Ceramics,India,SQM,6962.319885,2200.512,0.002201
69120000,"Ceramic tableware, kitchenware, other hous  hold articles (excl porcelain or chin",Sweden,PCS,92,44.96878,0.000045
69141000,"Ceramic articles, nes, of porcelain or chi  a",Sweden,PCS,900,402.628,0.000403
69141000,"Ceramic articles, nes, of porcelain or chi  a",United Arab Emirates,PCS,100,53.34,0.000053
69141000,"Ceramic articles, nes, of porcelain or chi  a",United States,PCS,1450,929.70591,0.00093
69149000,"Ceramic articles, nes (excl porcelain or  c ina).",Australia,PCS,271,45.88662,0.000046
69149000,"Ceramic articles, nes (excl porcelain or  c ina).",Canada,PCS,192,47.05165,0.000047
70010000,"Cullet and other waste and scrap of glass, excluding glass from cathode ray tubes or",India,Kg,3369510,38698.3,0.038698
70071900,"Toughened (tempered) safety glass, nes",India,SQM,3300.480003,7377.72373,0.007378
70109000,"Carboys, bottles, flasks, jar, pot, phials  etc of glass, nes",Japan,GRO,3.84,4.6128,0.000005
70131000,"Glass-ceramic objects, used for table, kitchen, toilet, office, indoor decoration",Australia,PCS,749,460.88786,0.000461
70131000,"Glass-ceramic objects, used for table, kitchen, toilet, office, indoor decoration",Canada,PCS,4,41.256,0.000041
70131000,"Glass-ceramic objects, used for table, kitchen, toilet, office, indoor decoration",Denmark,PCS,3863,638.52194,0.000639
70131000,"Glass-ceramic objects, used for table, kitchen, toilet, office, indoor decoration",France,PCS,9054,1178.16022,0.001178
70131000,"Glass-ceramic objects, used for table, kitchen, toilet, office, indoor decoration",Iceland,PCS,44450,3064.3815,0.003064
70131000,"Glass-ceramic objects, used for table, kitchen, toilet, office, indoor decoration",Japan,PCS,24,4.44125,0.000004
70131000,"Glass-ceramic objects, used for table, kitchen, toilet, office, indoor decoration","Korea, Republic of",PCS,54,50.70383,0.000051
70131000,"Glass-ceramic objects, used for table, kitchen, toilet, office, indoor decoration",Netherlands,PCS,520,258.353,0.000258
70131000,"Glass-ceramic objects, used for table, kitchen, toilet, office, indoor decoration",United Arab Emirates,PCS,11,35.55607,0.000036
70131000,"Glass-ceramic objects, used for table, kitchen, toilet, office, indoor decoration",United Kingdom,PCS,1088,416.1922,0.000416
70131000,"Glass-ceramic objects, used for table, kitchen, toilet, office, indoor decoration",United States,PCS,265044,40793.30638,0.040793
70139900,"Other -  glassware, nes",United States,PCS,20435,3122.468,0.003122
70179000,"Laboratory, hygienic or pharmaceutical gla  sware, nes",Hong Kong,Kg,0.5,158.45078,0.000158
70179000,"Laboratory, hygienic or pharmaceutical gla  sware, nes","Korea, Republic of",Kg,0.2,55.008,0.000055
70181010,"Bangles,tika ,tikuli & beds",Japan,GRO,1.24,3.50037,0.000004
70181010,"Bangles,tika ,tikuli & beds",Spain,GRO,13000,217.73159,0.000218
70181010,"Bangles,tika ,tikuli & beds",United States,GRO,52.779999,821.47213,0.000821
70181020,Glass beads (Pote),China,Kg,1563.19,150.224,0.00015
70181020,Glass beads (Pote),Denmark,Kg,38,758.95631,0.000759
70181020,Glass beads (Pote),France,Kg,11,385.52082,0.000386
70181020,Glass beads (Pote),Hong Kong,Kg,0.3,31.54334,0.000032
70181020,Glass beads (Pote),Japan,Kg,15,6.076,0.000006
70181020,Glass beads (Pote),"Korea, Republic of",Kg,0.097,0.3,0
70181020,Glass beads (Pote),Mexico,Kg,2,33.22834,0.000033
70181020,Glass beads (Pote),Netherlands,Kg,0.1,6.91632,0.000007
70181020,Glass beads (Pote),New Zealand,Kg,8.5,5.05131,0.000005
70181020,Glass beads (Pote),United States,Kg,21,321.92486,0.000322
70189010,Glass statuette and ornamental articles,France,PCS,1292,198.58758,0.000199
70189010,Glass statuette and ornamental articles,United Arab Emirates,PCS,113,17.42101,0.000017
70189010,Glass statuette and ornamental articles,United Kingdom,PCS,27,18.82022,0.000019
70189010,Glass statuette and ornamental articles,United States,PCS,21,26.2388,0.000026
70189090,"Glass statuettes and other ornaments of la  p-worked glass,  nes",United Kingdom,Kg,44,6.0943,0.000006
70200000,"Other articles of glass, nes  .",Japan,PCS,385,214.81985,0.000215
71011000,"Natural pearls (excl strung, mounted or s e )",China,Kg,454,29.90857,0.00003
71131100,Articles of jewellery and parts thereof of silver,Australia,GRM,6225.18,3359.95723,0.00336
71131100,Articles of jewellery and parts thereof of silver,Germany,GRM,402,335.47081,0.000335
71131100,Articles of jewellery and parts thereof of silver,Japan,GRM,236.3716,822.24371,0.000822
71131100,Articles of jewellery and parts thereof of silver,"Taiwan, Province of China",GRM,40,24.6016,0.000025
71131100,Articles of jewellery and parts thereof of silver,United Kingdom,GRM,480,263.685,0.000264
71131100,Articles of jewellery and parts thereof of silver,United States,GRM,24251.389948,13119.26059,0.013119
71141100,Articles of goldsmiths' or silversmiths' w  res of silver,Canada,GRM,3000,8.60313,0.000009
71171900,"Imitation jewellery of base metal (incl p l ted), nes",Australia,Kg,1.9,3.056,0.000003
71171900,"Imitation jewellery of base metal (incl p l ted), nes",China,Kg,447,49.2674,0.000049
71171900,"Imitation jewellery of base metal (incl p l ted), nes",Japan,Kg,1,3.806,0.000004
71171900,"Imitation jewellery of base metal (incl p l ted), nes",Netherlands,Kg,220.059999,10663.76287,0.010664
71171900,"Imitation jewellery of base metal (incl p l ted), nes",Singapore,Kg,1.57,317.58719,0.000318
71171900,"Imitation jewellery of base metal (incl p l ted), nes",Switzerland,Kg,10.5,663.12105,0.000663
71171900,"Imitation jewellery of base metal (incl p l ted), nes",United Kingdom,Kg,145,60.81557,0.000061
71171900,"Imitation jewellery of base metal (incl p l ted), nes",United States,Kg,57,252.8512,0.000253
71179000,Imitation jewellery (excl of base metal)  n s,Australia,Kg,90.1,49.38487,0.000049
71179000,Imitation jewellery (excl of base metal)  n s,Canada,Kg,28,26.15801,0.000026
71179000,Imitation jewellery (excl of base metal)  n s,China,Kg,2249,250.24546,0.00025
71179000,Imitation jewellery (excl of base metal)  n s,Finland,Kg,12.5,970.79819,0.000971
71179000,Imitation jewellery (excl of base metal)  n s,Germany,Kg,33.777,862.42725,0.000862
71179000,Imitation jewellery (excl of base metal)  n s,Hong Kong,Kg,0.2,10.7576,0.000011
71179000,Imitation jewellery (excl of base metal)  n s,Israel,Kg,15,3.46335,0.000003
71179000,Imitation jewellery (excl of base metal)  n s,Italy,Kg,8,107.36428,0.000107
71179000,Imitation jewellery (excl of base metal)  n s,Japan,Kg,136,138.51912,0.000139
71179000,Imitation jewellery (excl of base metal)  n s,Morocco,Kg,350,558.36281,0.000558
71179000,Imitation jewellery (excl of base metal)  n s,Netherlands,Kg,155.11,332.40589,0.000332
71179000,Imitation jewellery (excl of base metal)  n s,Portugal,Kg,30,102.00036,0.000102
71179000,Imitation jewellery (excl of base metal)  n s,South Africa,Kg,28,147.94473,0.000148
71179000,Imitation jewellery (excl of base metal)  n s,Spain,Kg,40,185.97727,0.000186
71179000,Imitation jewellery (excl of base metal)  n s,Switzerland,Kg,0.1,12.00627,0.000012
71179000,Imitation jewellery (excl of base metal)  n s,Thailand,Kg,123,172.36241,0.000172
71179000,Imitation jewellery (excl of base metal)  n s,United Arab Emirates,Kg,2.2,46.59891,0.000047
71179000,Imitation jewellery (excl of base metal)  n s,United Kingdom,Kg,209.7,548.38562,0.000548
71179000,Imitation jewellery (excl of base metal)  n s,United States,Kg,1534.5,6699.00739,0.006699
72042100,Waste and scrap of stainless steel,India,Kg,400325,31081.712,0.031082
72044900,"Ferrous waste and scrap, nes  .",India,Kg,17475,419.4,0.000419
72092800,"Flat/cold-rolled iron/steel, not in coils,  width >=600mm, < 05mm thickness",India,Kg,1140368,147305.74028,0.147306
72104100,"Flat-rolled iron/steel,width >=600mm, plat  dwith zinc,(exclelectro-plated)cor",India,Kg,368896,53901.29769,0.053901
72104900,"Flat-rolled iron/steel,width >=600mm, plat  d or coated with zinc(exclelectro-pla",India,Kg,1247911,176458.86819,0.176459
72106100,"Rolled iron/steel, width >=600mm, plated o   coated with aluminium-zinc alloys",India,Kg,410516,54891.738,0.054892
72107000,"Rolled iron/steel, width >=600mm, painted,  varnished or coated with plastics",India,Kg,1682583,256587.87045,0.256588
72112300,"Flat/cold-rolled iron/steel, width <600mm,  containing by weight < 025% carbon",India,Kg,311750,40296.2575,0.040296
72142000,"Iron/steel bars & rods, hot-rolled,twis ted  or with deformations from rolling",India,Kg,332550,27727.232,0.027727
72165000,"Angles, shapes and sections of iron/steel,  not further worked than hot-rolled,",Bhutan,Kg,114.22,48.37,0.000048
72172000,"Wire of iron or non-alloy steel,plated or   oated with zinc.",India,Kg,327479,39195.41442,0.039195
73063000,"Other tubes,pipes&hollow profile, welded,o   circular crosssection,of iron/nonall",India,Kg,85109.700012,8410.5392,0.008411
73066100,"Tube, pipesa, welded, of non ciruclar cros  section of square or rectangular cros",India,Kg,98.761002,9.48106,0.000009
73069090,"Others welded, of non-circular cross-section pipe",India,Kg,287470,22343.74975,0.022344
73083000,"Doors, window-frames and thresholds for do  rs of iron or steel.",Bhutan,Kg,245.420002,137.91501,0.000138
73089000,"Structures and parts of structures, nes, o   iron or steel",Bhutan,Kg,3655.52002,1767.22001,0.001767
73090000,"Reservoirs, tanks (excl for gas) of ir on o  steel, >300 l",India,PCS,11,292.68659,0.000293
73121000,"Stranded wire, cables of iron or steel, no   electically insulated",India,Kg,48920,1061.1,0.001061
73144100,"Iron/steel cloth, grill, netting & fencing   nes, plated or coated with zinc.",India,Kg,98987.016479,14465.4816,0.014465
73181900,"Threaded articles, nes, of iron or steel  .",Bhutan,Kg,23.8,50.48499,0.00005
73231000,"Iron or steel wool, pot scourers, scouring  or polishing pads, gloves",China,Kg,9658,1372.9334,0.001373
73231000,"Iron or steel wool, pot scourers, scouring  or polishing pads, gloves",Japan,Kg,1980,255.43473,0.000255
73231000,"Iron or steel wool, pot scourers, scouring  or polishing pads, gloves",United Kingdom,Kg,22,7.7105,0.000008
73239100,"Table, kitchen or household articles of  ca t iron, not enamelled",United Kingdom,Kg,22,4.6158,0.000005
73239300,"Table, kitchen or household articles of  st inless steel",Australia,Kg,88,24.3712,0.000024
73239300,"Table, kitchen or household articles of  st inless steel",Brunei Darussalam,Kg,90,59.42383,0.000059
73239300,"Table, kitchen or household articles of  st inless steel",Hong Kong,Kg,260,10.7576,0.000011
73239300,"Table, kitchen or household articles of  st inless steel",India,Kg,1039696.339844,1156429.6893,1.15643
73239300,"Table, kitchen or household articles of  st inless steel",Israel,Kg,50,16.14037,0.000016
73239300,"Table, kitchen or household articles of  st inless steel",Japan,Kg,2388.66,426.04714,0.000426
73239300,"Table, kitchen or household articles of  st inless steel",Malaysia,Kg,9.9,0.068,0
73239300,"Table, kitchen or household articles of  st inless steel",Netherlands,Kg,1666,319.22688,0.000319
73239300,"Table, kitchen or household articles of  st inless steel",New Zealand,Kg,40.5,25.5762,0.000026
73239300,"Table, kitchen or household articles of  st inless steel",Qatar,Kg,356.959991,127.03892,0.000127
73239300,"Table, kitchen or household articles of  st inless steel",Singapore,Kg,20,6.112,0.000006
73239300,"Table, kitchen or household articles of  st inless steel",Switzerland,Kg,16.92,15.73222,0.000016
73239300,"Table, kitchen or household articles of  st inless steel",United Arab Emirates,Kg,905,99.80338,0.0001
73239300,"Table, kitchen or household articles of  st inless steel",United Kingdom,Kg,8373,701.95336,0.000702
73239300,"Table, kitchen or household articles of  st inless steel",United States,Kg,581,802.52125,0.000803
73239400,"Table, kitchen or household articles of  ir n or steel, enamelled",United Kingdom,Kg,22,4.6158,0.000005
73239900,"Table, kitchen or household articles of  ir n or steel, nes.",India,Kg,5000,200,0.0002
73239900,"Table, kitchen or household articles of  ir n or steel, nes.",Japan,Kg,20,14.478,0.000014
73239900,"Table, kitchen or household articles of  ir n or steel, nes.",United Kingdom,Kg,530,69.74328,0.00007
73239900,"Table, kitchen or household articles of  ir n or steel, nes.",United States,Kg,221,482.3545,0.000482
73269000,"Articles of iron or steel, nes   .",Canada,Kg,25,6.34257,0.000006
74032100,"Brass, unwrought  .",Australia,Kg,0.36,1.2,0.000001
74032100,"Brass, unwrought  .",Japan,Kg,7,6.112,0.000006
74032100,"Brass, unwrought  .","Korea, Republic of",Kg,7.8,6.93945,0.000007
74032900,"Copper (excl master alloys or heading 74 05  nes, unwrought.",Canada,Kg,16,8.78202,0.000009
74091100,"Plates, sheets and strip, of refined coppe  , in coils, >015mm thick.",India,Kg,2423,5192.648,0.005193
74092100,"Plates, sheets and strip, of brass, in coi  s, >015mm thick.",India,Kg,66466,110750.48,0.11075
74093100,"Plates, sheets and strip, of bronze, in co  ls, >015mm thick",India,Kg,2156,5019.168,0.005019
74181000,"Table, kitchen or other household articles  nd parts thereof;pot scourers and sco",China,Kg,55401,11626.99467,0.011627
74192000,"Cast, moulded, stamped or forged, but not further worked",United States,Kg,2,34.21376,0.000034
74198000,Other article of copper,Australia,Kg,4.26,26.60593,0.000027
74198000,Other article of copper,Canada,Kg,75,202.48125,0.000202
74198000,Other article of copper,China,Kg,28526.099899,1531.39327,0.001531
74198000,Other article of copper,France,Kg,15,34.8,0.000035
74198000,Other article of copper,Germany,Kg,46.31,930.76655,0.000931
74198000,Other article of copper,Japan,Kg,1.55,133.035,0.000133
74198000,Other article of copper,Netherlands,Kg,32,2.77578,0.000003
74198000,Other article of copper,New Zealand,Kg,1.7,89.5662,0.00009
74198000,Other article of copper,"Taiwan, Province of China",Kg,120,382.15996,0.000382
74198000,Other article of copper,United Kingdom,Kg,205,76.72086,0.000077
74198000,Other article of copper,United States,Kg,582.77,198.60969,0.000199
76020000,Aluminium waste and scrap,India,Kg,28210,6068.4,0.006068
76041090,"Other bars, rods of aluminium, not alloyed",India,Kg,13173.02002,8219.9645,0.00822
76051100,"Wire of aluminium, not alloyed, maximum cr  ss-sectional dimension >7mm",India,Kg,159161,90960.156,0.09096
76052100,"Wire of aluminium alloys, maximum cross-se  tional dimension >7mm",India,Kg,739475,428319.867,0.42832
76071100,"Aluminium foil, =<02mm thick, not backed,   olled but not further worked.",Sri Lanka,Kg,0.4,1,0.000001
76151000,"Table, kitchen or other household articles  nd parts thereof;pot scourers and sco",Australia,PCS,350,600.29444,0.0006
76151000,"Table, kitchen or other household articles  nd parts thereof;pot scourers and sco",China,PCS,1946,757.13342,0.000757
76151000,"Table, kitchen or other household articles  nd parts thereof;pot scourers and sco",United Kingdom,PCS,743,75.6023,0.000076
78019900,Unwrought lead (excl refined and containi n  antimony),India,Kg,213375,67376.931,0.067377
79020000,Zinc waste and scrap  .,India,Kg,35030,6322.72,0.006323
82011010,Spades (Kodalo),India,PCS,4308,1309.632,0.00131
82011090,"Shovels; hand tools, used in agriculture, horticulture or forestry",India,PCS,21390,6184.32,0.006184
82119200,Knives with fixed blades (excl table kniv e ),China,PCS,880,134.1697,0.000134
82119200,Knives with fixed blades (excl table kniv e ),Japan,PCS,86,33.03045,0.000033
82119200,Knives with fixed blades (excl table kniv e ),Spain,PCS,12,21.1056,0.000021
82122000,Safety razor blades (incl razor blades bl a ks in strips),United Arab Emirates,PCS,270000,189607.952,0.189608
82151000,"Sets of assorted spoons, forks, etc (one o   more plated with precious metal)",United States,Kg,10,8.3633,0.000008
83061090,"Other type  of bells, gongs and the like  .",China,Kg,585,36.9776,0.000037
83061090,"Other type  of bells, gongs and the like  .",Mexico,Kg,1834.880005,2822.66175,0.002823
83061090,"Other type  of bells, gongs and the like  .",United Arab Emirates,Kg,0.5,2.5,0.000003
83062110,Statuettes of plated with precious metal,China,Kg,9307,2512.55152,0.002513
83062110,Statuettes of plated with precious metal,Italy,Kg,78.800003,789.48,0.000789
83062110,Statuettes of plated with precious metal,Japan,Kg,2,3.9,0.000004
83062110,Statuettes of plated with precious metal,Netherlands,Kg,892.149994,9317.26738,0.009317
83062110,Statuettes of plated with precious metal,Spain,Kg,89,499.49919,0.000499
83062110,Statuettes of plated with precious metal,United States,Kg,7.7,377.59863,0.000378
83062190,Other ornaments of plated with precious metal,China,Kg,255.300003,25.16707,0.000025
83062190,Other ornaments of plated with precious metal,South Africa,Kg,75,12.3368,0.000012
83062190,Other ornaments of plated with precious metal,Switzerland,Kg,0.03,0.30438,0
83062190,Other ornaments of plated with precious metal,"Taiwan, Province of China",Kg,310,304.12756,0.000304
83062190,Other ornaments of plated with precious metal,United Kingdom,Kg,195,45.3167,0.000045
83062190,Other ornaments of plated with precious metal,United States,Kg,3.94,482.38392,0.000482
83062910,Other statuettes,Australia,Kg,20,77.105,0.000077
83062910,Other statuettes,Canada,Kg,300,868,0.000868
83062910,Other statuettes,China,Kg,5197.84,819.69299,0.00082
83062910,Other statuettes,Czech Republic,Kg,33.399998,186.06985,0.000186
83062910,Other statuettes,Finland,Kg,3,205.5375,0.000206
83062910,Other statuettes,Germany,Kg,35.540001,1436.32638,0.001436
83062910,Other statuettes,India,Kg,6442.159958,6234.71417,0.006235
83062910,Other statuettes,Japan,Kg,7.4,21.97493,0.000022
83062910,Other statuettes,"Korea, Republic of",Kg,8.65,310.83562,0.000311
83062910,Other statuettes,Norway,Kg,3,161.12794,0.000161
83062910,Other statuettes,"Taiwan, Province of China",Kg,124.800003,513.8012,0.000514
83062910,Other statuettes,United Kingdom,Kg,245,137.016,0.000137
83062910,Other statuettes,United States,Kg,301.4,350.41639,0.00035
83062910,Other statuettes,Viet Nam,Kg,3.5,7.7105,0.000008
83062990,Other ornaments,Australia,Kg,0.3,0.5,0
83062990,Other ornaments,China,Kg,173.72,35.5358,0.000036
83062990,Other ornaments,"Korea, Republic of",Kg,0.1,0.1,0
83099000,"Others - Stoppers, caps and lids (excl cr o n corks),a of base metal.",China,PCS,28000,7.688,0.000008
84195000,Heat exchange units   .,Denmark,PCS,1,3042.666,0.003043
84295900,"Self-propelled bulldozers, excavators,  nes .",India,PCS,2,3680,0.00368
84295900,"Self-propelled bulldozers, excavators,  nes .",Kenya,PCS,2,6785.25,0.006785
85163200,"Electro-thermic hair-dressing apparatus, e  c (excl dryers)",Australia,PCS,2,5.33085,0.000005
85167990,Other electro thermic appliances,Argentina,PCS,32244,11382.8785,0.011383
85176220,Networking switch,Bhutan,PCS,6,114.62584,0.000115
85183000,"Headphones, earphones whether or not combi  ed with a microphone & setmore louds.",Japan,PCS,2,4.25507,0.000004
85211000,"Video recording or reproducing apparatus,   ith or without video tuner,magnetic t",Bhutan,PCS,2,49.59239,0.00005
85234100,Optical media Unrecorded  .,Japan,PCS,2,1537.2,0.001537
85351000,"Fuses, >1000 V   .",Bhutan,PCS,42,814.16906,0.000814
85354000,"Lightning arresters, voltage limiters and   urge suppressors, >1000 V",Bhutan,PCS,42,291.77647,0.000292
85366900,"Plugs and sockets, =<1000 V   .",United Kingdom,PCS,13,2.31409,0.000002
85389000,"Parts of apparatus of 8535 to 8537, nes   .",Japan,PCS,3,1.21848,0.000001
87081000,Bumpers and parts thereof   .,Sweden,PCS,1,1.7519,0.000002
87089900,Other parts & accessories of motor vehicle   of 8701 to 8705 nes.,Japan,PCS,2,3.048,0.000003
88073010,"Other parts of airplanes, helicopters or unmanned",Australia,PCS,2,182.4576,0.000182
88073010,"Other parts of airplanes, helicopters or unmanned",France,PCS,6,6034.24812,0.006034
88073010,"Other parts of airplanes, helicopters or unmanned",Thailand,PCS,1,1826.88,0.001827
88073010,"Other parts of airplanes, helicopters or unmanned",United Arab Emirates,PCS,3,17609.1685,0.017609
90013010,Intraocular contact lenses   .,Bhutan,PCS,290,711.57731,0.000712
90013010,Intraocular contact lenses   .,Fiji,PCS,1210,749.03512,0.000749
90013010,Intraocular contact lenses   .,Mongolia,PCS,800,1237.0275,0.001237
90013010,Intraocular contact lenses   .,Pakistan,PCS,13830,6041.7265,0.006042
90013010,Intraocular contact lenses   .,Solomon Islands,PCS,200,118.41323,0.000118
90013010,Intraocular contact lenses   .,"Taiwan, Province of China",PCS,300,410.44013,0.00041
90041000,Sunglasses   .,Japan,PCS,6,5.64697,0.000006
90049000,"Spectacles, goggles and the like (excl su n lasses)",Japan,PCS,2,5,0.000005
90049000,"Spectacles, goggles and the like (excl su n lasses)",Thailand,PCS,6,1,0.000001
91021100,"Electrically operated wrist-watches, mecha  ical display only (excl of precious m",United Arab Emirates,PCS,2,2.3052,0.000002
92021000,"String musical instruments played with a b  w (eg Guitars, violins, harps)",China,PCS,240,36.931,0.000037
92029000,"String musical instruments, nes   .",Japan,PCS,1,3.8429,0.000004
92059000,Other wind musical instruments (excl brass wind),Australia,PCS,1,1,0.000001
92059000,Other wind musical instruments (excl brass wind),New Zealand,PCS,3,3,0.000003
92060000,"Percussion musical instruments (eg drums,  xylophones, cymbals, etc).",Australia,PCS,4092,889.70797,0.00089
92060000,"Percussion musical instruments (eg drums,  xylophones, cymbals, etc).",Bhutan,PCS,33,137.0778,0.000137
92060000,"Percussion musical instruments (eg drums,  xylophones, cymbals, etc).",Bulgaria,PCS,585,559.3148,0.000559
92060000,"Percussion musical instruments (eg drums,  xylophones, cymbals, etc).",Canada,PCS,4327,1437.7637,0.001438
92060000,"Percussion musical instruments (eg drums,  xylophones, cymbals, etc).",Chile,PCS,5584,2523.41875,0.002523
92060000,"Percussion musical instruments (eg drums,  xylophones, cymbals, etc).",China,PCS,43144,5480.44402,0.00548
92060000,"Percussion musical instruments (eg drums,  xylophones, cymbals, etc).",Colombia,PCS,164,205.99259,0.000206
92060000,"Percussion musical instruments (eg drums,  xylophones, cymbals, etc).",Czech Republic,PCS,731,1099.06427,0.001099
92060000,"Percussion musical instruments (eg drums,  xylophones, cymbals, etc).",Finland,PCS,480,3076.6845,0.003077
92060000,"Percussion musical instruments (eg drums,  xylophones, cymbals, etc).",France,PCS,4633,2365.96017,0.002366
92060000,"Percussion musical instruments (eg drums,  xylophones, cymbals, etc).",Georgia,PCS,109,53.29498,0.000053
92060000,"Percussion musical instruments (eg drums,  xylophones, cymbals, etc).",Germany,PCS,11342,4677.39364,0.004677
92060000,"Percussion musical instruments (eg drums,  xylophones, cymbals, etc).",Hong Kong,PCS,198,1570.12631,0.00157
92060000,"Percussion musical instruments (eg drums,  xylophones, cymbals, etc).",Hungary,PCS,160,105.17122,0.000105
92060000,"Percussion musical instruments (eg drums,  xylophones, cymbals, etc).",Indonesia,PCS,887,1008.82164,0.001009
92060000,"Percussion musical instruments (eg drums,  xylophones, cymbals, etc).",Israel,PCS,183,495.72085,0.000496
92060000,"Percussion musical instruments (eg drums,  xylophones, cymbals, etc).",Italy,PCS,6763,1985.86649,0.001986
92060000,"Percussion musical instruments (eg drums,  xylophones, cymbals, etc).",Japan,PCS,4679,4002.89551,0.004003
92060000,"Percussion musical instruments (eg drums,  xylophones, cymbals, etc).","Korea, Republic of",PCS,4729,2286.70775,0.002287
92060000,"Percussion musical instruments (eg drums,  xylophones, cymbals, etc).",Kuwait,PCS,4,22.6331,0.000023
92060000,"Percussion musical instruments (eg drums,  xylophones, cymbals, etc).",Lithuania,PCS,1867,189.82269,0.00019
92060000,"Percussion musical instruments (eg drums,  xylophones, cymbals, etc).",Malaysia,PCS,223,265.80524,0.000266
92060000,"Percussion musical instruments (eg drums,  xylophones, cymbals, etc).",Mexico,PCS,300,61.608,0.000062
92060000,"Percussion musical instruments (eg drums,  xylophones, cymbals, etc).",Netherlands,PCS,5527,1318.11489,0.001318
92060000,"Percussion musical instruments (eg drums,  xylophones, cymbals, etc).",Romania,PCS,642,317.19093,0.000317
92060000,"Percussion musical instruments (eg drums,  xylophones, cymbals, etc).",Saudi Arabia,PCS,70,17.60305,0.000018
92060000,"Percussion musical instruments (eg drums,  xylophones, cymbals, etc).",Singapore,PCS,864,136.05847,0.000136
92060000,"Percussion musical instruments (eg drums,  xylophones, cymbals, etc).",South Africa,PCS,227,195.95465,0.000196
92060000,"Percussion musical instruments (eg drums,  xylophones, cymbals, etc).",Spain,PCS,8825,891.83735,0.000892
92060000,"Percussion musical instruments (eg drums,  xylophones, cymbals, etc).",Sweden,PCS,721,105.01069,0.000105
92060000,"Percussion musical instruments (eg drums,  xylophones, cymbals, etc).","Taiwan, Province of China",PCS,5240,5139.05107,0.005139
92060000,"Percussion musical instruments (eg drums,  xylophones, cymbals, etc).",Thailand,PCS,463,195.60998,0.000196
92060000,"Percussion musical instruments (eg drums,  xylophones, cymbals, etc).",United Arab Emirates,PCS,2371,753.87947,0.000754
92060000,"Percussion musical instruments (eg drums,  xylophones, cymbals, etc).",United Kingdom,PCS,24615,3751.60836,0.003752
92060000,"Percussion musical instruments (eg drums,  xylophones, cymbals, etc).",United States,PCS,28061,23631.97755,0.023632
92060000,"Percussion musical instruments (eg drums,  xylophones, cymbals, etc).",Viet Nam,PCS,26,17.73447,0.000018
92079000,"Musical instruments, nes, with electrically  produced or amplified sound.",China,PCS,230,69,0.000069
92099900,"Parts and accessories of musical instrumen  s, nes",Germany,PCS,100,7.056,0.000007
93070000,"Swords, cutlasses, bayonets, lances and si  ilar arms and parts thereof",United Arab Emirates,PCS,60,22.27679,0.000022
93070000,"Swords, cutlasses, bayonets, lances and si  ilar arms and parts thereof",United Kingdom,PCS,360,1786.614,0.001787
93070000,"Swords, cutlasses, bayonets, lances and si  ilar arms and parts thereof",United States,PCS,72,164.2248,0.000164
94015200,"Seats of cane, osier, bamboo or similar materials Of bamboo",China,PCS,1770,683,0.000683
94036000,"Wooden furniture, nes   .",China,PCS,17,93.5,0.000093
94036000,"Wooden furniture, nes   .",Japan,PCS,20,9.906,0.00001
94036000,"Wooden furniture, nes   .","Taiwan, Province of China",PCS,21,370.50517,0.000371
94036000,"Wooden furniture, nes   .",United Kingdom,PCS,29,219.82345,0.00022
94036000,"Wooden furniture, nes   .",United States,PCS,36,879.16228,0.000879
94038900,"Furniture of other materials, (excel bamboo & rattan)",China,PCS,2420,1031.7,0.001032
94041000,Mattress supports   .,Australia,PCS,1,0.035,0
94043000,Sleeping bags  . .,United Arab Emirates,PCS,1,1,0.000001
94049000,"Articles of bedding, stuffed, etc (excl m a tresses and sleeping bags)",China,PCS,484,341.5705,0.000342
94049000,"Articles of bedding, stuffed, etc (excl m a tresses and sleeping bags)",France,PCS,650,10069.44805,0.010069
94049000,"Articles of bedding, stuffed, etc (excl m a tresses and sleeping bags)",Singapore,PCS,2,2,0.000002
94049000,"Articles of bedding, stuffed, etc (excl m a tresses and sleeping bags)","Taiwan, Province of China",PCS,1,0.7603,0.000001
94052900,"Other Electric table, desk, bedside or floor-standing luminaires",United Arab Emirates,PCS,6,5.3662,0.000005
94054200,"Other electric luminaires, designed for use solely with (LED) light sources",India,PCS,190952,15649.232,0.015649
94055000,None-electrical luminaires and lighting fittings,Japan,PCS,40,10.6687,0.000011
95030000,"Tricycles, scooters, pedal cars and simila   wheeled toys; dolls' carriages; doll",India,PCS,1,4,0.000004
95030000,"Tricycles, scooters, pedal cars and simila   wheeled toys; dolls' carriages; doll",Japan,PCS,6,8.28991,0.000008
95030000,"Tricycles, scooters, pedal cars and simila   wheeled toys; dolls' carriages; doll","Korea, Republic of",PCS,200,17,0.000017
95030000,"Tricycles, scooters, pedal cars and simila   wheeled toys; dolls' carriages; doll",Thailand,PCS,1,0.2,0
95030000,"Tricycles, scooters, pedal cars and simila   wheeled toys; dolls' carriages; doll",United Kingdom,PCS,36,62.78814,0.000063
95051010,Articles for Christmas festivities of felt (Jamoth),United States,Kg,4050,10152.585,0.010153
95051090,Articles for christmas festivities of other (excel felt),Australia,Kg,112.580002,960.39211,0.00096
95051090,Articles for christmas festivities of other (excel felt),Canada,Kg,229,2159.71111,0.00216
95051090,Articles for christmas festivities of other (excel felt),Germany,Kg,126,1043.23062,0.001043
95051090,Articles for christmas festivities of other (excel felt),India,Kg,1.219,1.45,0.000001
95051090,Articles for christmas festivities of other (excel felt),United Arab Emirates,Kg,92,2.92144,0.000003
95051090,Articles for christmas festivities of other (excel felt),United Kingdom,Kg,304.872988,2893.2795,0.002893
95051090,Articles for christmas festivities of other (excel felt),United States,Kg,18669.759872,123224.76501,0.123225
95059000,"Festive, carnival or other entertainment a  ticles, nes",Australia,Kg,57.01,32.38117,0.000032
95059000,"Festive, carnival or other entertainment a  ticles, nes",China,Kg,65,35.2248,0.000035
95059000,"Festive, carnival or other entertainment a  ticles, nes",India,Kg,1.2,2,0.000002
95059000,"Festive, carnival or other entertainment a  ticles, nes",United Arab Emirates,Kg,250,6.86235,0.000007
95059000,"Festive, carnival or other entertainment a  ticles, nes",United Kingdom,Kg,0.2,0.3,0
95059000,"Festive, carnival or other entertainment a  ticles, nes",United States,Kg,190,304.35769,0.000304
96031000,"Brooms and brushes, of twigs or other vege  able materials bound together",Bangladesh,PCS,209494,3801.14743,0.003801
96031000,"Brooms and brushes, of twigs or other vege  able materials bound together",India,PCS,30730,3294.8,0.003295
96062200,"Buttons of base metal, not covered with te  tile material",Netherlands,Kg,2,339.4965,0.000339
96062900,"Buttons, nes",Germany,Kg,1.777,312.27094,0.000312
96062900,"Buttons, nes",Hong Kong,Kg,11.5,251.63987,0.000252
96062900,"Buttons, nes",Japan,Kg,1,14.81578,0.000015
96081000,Ball-point pens   .,Japan,PCS,1,5,0.000005
96091000,"Pencils and crayons, with leads encased in a sheath",Germany,PCS,300,13.7592,0.000014
96110000,"Date, sealing or numbering stamps, etc, fo   use in the hand",Japan,PCS,1,0.1,0
96170010,Vaccum Flask complete,China,PCS,195,60.1419,0.00006
96170020,Vaccum Vessels complete,China,PCS,562,551.28,0.000551
96190010,Sanitary towel (Pad),India,PCS,3441430,14174.68769,0.014175
96190020,Napkins (Diapers),India,Kg,53853.485491,13522.2206,0.013522
97012100,"Paintings, drawings and pastels of an age exceeding 100 years",Australia,PCS,2,30,0.00003
97012100,"Paintings, drawings and pastels of an age exceeding 100 years",Japan,PCS,11,57.8006,0.000058
97012100,"Paintings, drawings and pastels of an age exceeding 100 years","Korea, Republic of",PCS,40,10,0.00001
97012100,"Paintings, drawings and pastels of an age exceeding 100 years","Taiwan, Province of China",PCS,109,115.3187,0.000115
97012100,"Paintings, drawings and pastels of an age exceeding 100 years",United Kingdom,PCS,237,35.94342,0.000036
97019100,"Other Paintings, drawings and pastels (excel >=100 years)",Australia,PCS,608,51.97648,0.000052
97019100,"Other Paintings, drawings and pastels (excel >=100 years)",Bhutan,PCS,428,129.36,0.000129
97019100,"Other Paintings, drawings and pastels (excel >=100 years)",Canada,PCS,1318,100.90774,0.000101
97019100,"Other Paintings, drawings and pastels (excel >=100 years)",Chile,PCS,2024,261.92752,0.000262
97019100,"Other Paintings, drawings and pastels (excel >=100 years)",China,PCS,15878,924.08642,0.000924
97019100,"Other Paintings, drawings and pastels (excel >=100 years)",France,PCS,1314,1289.235,0.001289
97019100,"Other Paintings, drawings and pastels (excel >=100 years)",Germany,PCS,401,164.72256,0.000165
97019100,"Other Paintings, drawings and pastels (excel >=100 years)",Hong Kong,PCS,20,230.445,0.00023
97019100,"Other Paintings, drawings and pastels (excel >=100 years)",Italy,PCS,35,9.69188,0.00001
97019100,"Other Paintings, drawings and pastels (excel >=100 years)",Japan,PCS,8750,408.20217,0.000408
97019100,"Other Paintings, drawings and pastels (excel >=100 years)","Korea, Republic of",PCS,24,328.40641,0.000328
97019100,"Other Paintings, drawings and pastels (excel >=100 years)",Malaysia,PCS,680,1551.35262,0.001551
97019100,"Other Paintings, drawings and pastels (excel >=100 years)",Poland,PCS,2636,570.00456,0.00057
97019100,"Other Paintings, drawings and pastels (excel >=100 years)",Sweden,PCS,1413,303.63353,0.000304
97019100,"Other Paintings, drawings and pastels (excel >=100 years)",Switzerland,PCS,1,0.76095,0.000001
97019100,"Other Paintings, drawings and pastels (excel >=100 years)","Taiwan, Province of China",PCS,45,225.5834,0.000226
97019100,"Other Paintings, drawings and pastels (excel >=100 years)",United Arab Emirates,PCS,1,54.70801,0.000055
97019100,"Other Paintings, drawings and pastels (excel >=100 years)",United Kingdom,PCS,5742,7377.18812,0.007377
97019100,"Other Paintings, drawings and pastels (excel >=100 years)",United States,PCS,5898,6610.97246,0.006611
97019900,Other than hand-painted or decorated manufactured articles (excel >=100 years),China,PCS,2,1.564,0.000002
97019900,Other than hand-painted or decorated manufactured articles (excel >=100 years),Germany,PCS,1,84.7602,0.000085
97019900,Other than hand-painted or decorated manufactured articles (excel >=100 years),India,PCS,40647,2827.86,0.002828
97030000,"Original sculptures and statuary, in any m  terial",China,PCS,516,929.46531,0.000929
97030000,"Original sculptures and statuary, in any m  terial",Denmark,PCS,1,34.69725,0.000035
97030000,"Original sculptures and statuary, in any m  terial",France,PCS,25,47.65535,0.000048
97030000,"Original sculptures and statuary, in any m  terial",Germany,PCS,1,103.00892,0.000103
97030000,"Original sculptures and statuary, in any m  terial",Sierra Leone,PCS,1,83.2734,0.000083
97030000,"Original sculptures and statuary, in any m  terial",Spain,PCS,478,1742.97075,0.001743
97030000,"Original sculptures and statuary, in any m  terial",Sweden,PCS,1,44.31806,0.000044
97030000,"Original sculptures and statuary, in any m  terial","Taiwan, Province of China",PCS,13,479.15209,0.000479
97030000,"Original sculptures and statuary, in any m  terial",Thailand,PCS,1,539.735,0.00054
97030000,"Original sculptures and statuary, in any m  terial",United Kingdom,PCS,7,137.00911,0.000137
97030000,"Original sculptures and statuary, in any m  terial",United States,PCS,2104,1799.45828,0.001799
97031000,"Original sculptures and statuary, in any material Of an age exceeding 100 years",United States,PCS,10,7.603,0.000008
97039000,Other original sculptures and statuary in any materials excel >=100 years),"Taiwan, Province of China",PCS,7,679.98037,0.00068
97039000,Other original sculptures and statuary in any materials excel >=100 years),United Kingdom,PCS,13,6.47682,0.000006
97039000,Other original sculptures and statuary in any materials excel >=100 years),United States,PCS,3,356.69094,0.000357
