HSCode,Description,Partner_Country,Unit,Quantity,Exports_Value_Rs_Thousands,Exports_Value_Rs_Billion
01029000,Other live bovine animal (except cattle and buffalo ),India,PCS,59.0,1035.0,0.001035
01039100,Live swine weighing <50kg (except pure-bred breeding),India,PCS,2627.0,6312.5,0.006313
02102000,"Meat of bovine animals, salted or smoke edible flours and meals of meat offal.",Hong Kong,Kg,89.0,94.85175,9.5e-05
02102000,"Meat of bovine animals, salted or smoke edible flours and meals of meat offal.",United Arab Emirates,Kg,390.200012,717.4158,0.000717
04051000,Butter,India,Kg,5400.0,2700.0,0.0027
04051000,Butter,United Arab Emirates,Kg,700.0,17.69913,1.8e-05
04059010,Ghee,Australia,Kg,11.2,9.74848,1e-05
04059010,Ghee,Japan,Kg,1117.0,1079.83155,0.00108
04059010,Ghee,"Korea, Republic of",Kg,5.0,3.0,3e-06
04059010,Ghee,Netherlands,Kg,183.0,231.60189,0.000232
04059010,Ghee,United Arab Emirates,Kg,18.3,50.8273,5.1e-05
04059010,Ghee,United Kingdom,Kg,223.299999,133.68413,0.000134
04059090,Other Dairy Products,Japan,Kg,6480.0,8990.52,0.008991
04059090,Other Dairy Products,United Arab Emirates,Kg,580.0,535.69656,0.000536
04069010,Other cheese,India,Kg,11500.0,2902.5,0.002903
04069010,Other cheese,Japan,Kg,1.8,3.0662,3e-06
04090090,Other natural honey,Australia,Kg,30.0,273.546,0.000274
04090090,Other natural honey,Japan,Kg,694.5,1657.44198,0.001657
04090090,Other natural honey,Netherlands,Kg,1474.0,13503.96231,0.013504
04090090,Other natural honey,Singapore,Kg,0.7,2.1266,2e-06
04090090,Other natural honey,United States,Kg,51.5,472.461,0.000472
05010000,"Human hair, unworked, whether or not washed or scoured; waste of human hair.","Korea, Republic of",Kg,56.1,2289.65605,0.00229
05080000,"Coral; shells of molluscs, crustaceans or echinoderms and cuttlebone, unworked",Australia,Kg,0.3,1.5421,2e-06
06011000,"Bulbs, tubers, tuberous roots, corms, crowns & rhizomes, dormat",Qatar,PCS,478.0,174.4519,0.000174
07049000,"White and red cabbages, kohlrabi, kalee tc, fresh or chilled.",India,Kg,7693325.0,122273.662,0.122274
07069000,"salad beetroot, salsify, celeriac,radishes&similar edible roots, fresh or chilled",India,Kg,2500.0,40.0,4e-05
07081000,"Peas (pisum sativum), fresh or chilled",India,Kg,902650.0,13335.575,0.013336
07092000,"Asparagus, fresh or chilled",United Arab Emirates,Kg,2205.900024,161.94308,0.000162
07099900,Other fresh or chilled vegetables,Hong Kong,Kg,395.0,9.2526,9e-06
07099900,Other fresh or chilled vegetables,India,Kg,83700.0,863.0,0.000863
07099900,Other fresh or chilled vegetables,Kuwait,Kg,2271.0,904.52631,0.000905
07099900,Other fresh or chilled vegetables,Qatar,Kg,46580.5,6347.96482,0.006348
07099900,Other fresh or chilled vegetables,Saudi Arabia,Kg,680.0,386.36453,0.000386
07099900,Other fresh or chilled vegetables,United Arab Emirates,Kg,23124.859924,3671.32083,0.003671
07099900,Other fresh or chilled vegetables,United Kingdom,Kg,375.0,9.1224,9e-06
07134090,"Red lentils (except Unskinned, unsplit)",Bangladesh,Kg,189000.0,36193.586,0.036194
07134090,"Red lentils (except Unskinned, unsplit)",India,Kg,123030.0,23462.3015,0.023462
07134090,"Red lentils (except Unskinned, unsplit)",Singapore,Kg,27000.0,5691.311,0.005691
08043000,"Pineapples, fresh or dried",Qatar,Kg,86.0,15.71839,1.6e-05
08045000,"Guavas, mangoes and mangosteens, fresh or dried.",Qatar,Kg,1409.0,319.03602,0.000319
08045000,"Guavas, mangoes and mangosteens, fresh or dried.",United Arab Emirates,Kg,96.5,42.72809,4.3e-05
08045010,Guavas,Qatar,Kg,171.0,36.46301,3.6e-05
08045020,Mangoes,Qatar,Kg,1759.0,75.45717,7.5e-05
08045020,Mangoes,United Arab Emirates,Kg,59.5,17.42636,1.7e-05
08083000,"Pears, fresh",India,Kg,46345.0,1483.04,0.001483
08083000,"Pears, fresh",Qatar,Kg,711.5,93.55887,9.4e-05
08083000,"Pears, fresh",United Arab Emirates,Kg,354.85,33.70197,3.4e-05
08105000,"Kiwifruit, fresh",India,Kg,7055.0,609.55,0.00061
08109090,"Other fruit, fresh, nes",India,Kg,5000.0,100.0,0.0001
08109090,"Other fruit, fresh, nes",Norway,Kg,431.0,73.01983,7.3e-05
09011100,"Coffee, not roasted, not decaffeinated",Georgia,Kg,141.039993,351.10447,0.000351
09011100,"Coffee, not roasted, not decaffeinated",Japan,Kg,3502.0,7330.91446,0.007331
09011100,"Coffee, not roasted, not decaffeinated","Korea, Republic of",Kg,644.0,1055.75788,0.001056
09011100,"Coffee, not roasted, not decaffeinated",Turkey,Kg,1120.0,3490.7175,0.003491
09011100,"Coffee, not roasted, not decaffeinated",United Kingdom,Kg,500.0,1498.49512,0.001498
09011100,"Coffee, not roasted, not decaffeinated",United States,Kg,2448.849976,7010.87045,0.007011
09012100,"Roasted coffee, not decaffeinated",Belgium,Kg,527.0,226.32,0.000226
09012100,"Roasted coffee, not decaffeinated",India,Kg,36.0,205.82399,0.000206
09012100,"Roasted coffee, not decaffeinated",Japan,Kg,6.0,7.4872,7e-06
09012100,"Roasted coffee, not decaffeinated",Switzerland,Kg,11.5,8.44928,8e-06
09012100,"Roasted coffee, not decaffeinated",United Kingdom,Kg,20.0,48.4946,4.8e-05
09012200,"Roasted, decaffeinated coffee",India,Kg,0.25,1.1,1e-06
09012200,"Roasted, decaffeinated coffee",Norway,Kg,0.5,1.85,2e-06
09019000,"Coffee husks and skins,coffee substitutes containing coffee in any proportion",Germany,Kg,15.0,3.3616,3e-06
09021000,"Green tea,whether or not flavoured, in immidiate packings of content <=3kg",Australia,Kg,1.3,1.80438,2e-06
09021000,"Green tea,whether or not flavoured, in immidiate packings of content <=3kg",Bangladesh,Kg,3.0,2.0,2e-06
09021000,"Green tea,whether or not flavoured, in immidiate packings of content <=3kg",Indonesia,Kg,2.7,3.6,4e-06
09021000,"Green tea,whether or not flavoured, in immidiate packings of content <=3kg",Japan,Kg,1.0,1.22256,1e-06
09021000,"Green tea,whether or not flavoured, in immidiate packings of content <=3kg",Thailand,Kg,5.0,9.5,1e-05
09021000,"Green tea,whether or not flavoured, in immidiate packings of content <=3kg",United Kingdom,Kg,3.0,3.0,3e-06
09022000,"Green tea,whether or not flavoured, nes",Australia,Kg,4327.0,1452.43275,0.001452
09022000,"Green tea,whether or not flavoured, nes",Belgium,Kg,18.0,85.13185,8.5e-05
09022000,"Green tea,whether or not flavoured, nes",Canada,Kg,333.76,379.03413,0.000379
09022000,"Green tea,whether or not flavoured, nes",China,Kg,2149.5,15052.28792,0.015052
09022000,"Green tea,whether or not flavoured, nes",Czech Republic,Kg,833.0,3045.2758,0.003045
09022000,"Green tea,whether or not flavoured, nes",France,Kg,900.0,4496.4115,0.004496
09022000,"Green tea,whether or not flavoured, nes",Georgia,Kg,5.0,27.06649,2.7e-05
09022000,"Green tea,whether or not flavoured, nes",Germany,Kg,1685.0,9243.56843,0.009244
09022000,"Green tea,whether or not flavoured, nes",Hong Kong,Kg,1545.0,46.96342,4.7e-05
09022000,"Green tea,whether or not flavoured, nes",India,Kg,1311.0,524.4,0.000524
09022000,"Green tea,whether or not flavoured, nes",Japan,Kg,5780.166016,8454.75733,0.008455
09022000,"Green tea,whether or not flavoured, nes","Korea, Republic of",Kg,1017.0,622.34454,0.000622
09022000,"Green tea,whether or not flavoured, nes",Lithuania,Kg,30.0,225.171,0.000225
09022000,"Green tea,whether or not flavoured, nes",Netherlands,Kg,8238.0,2453.63889,0.002454
09022000,"Green tea,whether or not flavoured, nes",Poland,Kg,168.0,572.18956,0.000572
09022000,"Green tea,whether or not flavoured, nes",Singapore,Kg,80.0,615.82499,0.000616
09022000,"Green tea,whether or not flavoured, nes",Slovakia,Kg,193.0,767.32512,0.000767
09022000,"Green tea,whether or not flavoured, nes","Taiwan, Province of China",Kg,247.0,785.07594,0.000785
09022000,"Green tea,whether or not flavoured, nes",United Arab Emirates,Kg,340.0,105.1741,0.000105
09022000,"Green tea,whether or not flavoured, nes",United Kingdom,Kg,9709.0,3157.33545,0.003157
09022000,"Green tea,whether or not flavoured, nes",United States,Kg,2705.699997,6049.62321,0.00605
09024000,Other black tea (fermented) and other partly fermented tea,China,Kg,2.0,2.5,3e-06
09024000,Other black tea (fermented) and other partly fermented tea,Germany,Kg,3118.0,10117.55875,0.010118
09024000,Other black tea (fermented) and other partly fermented tea,India,Kg,3530567.0,939222.02407,0.939222
09024000,Other black tea (fermented) and other partly fermented tea,Iraq,Kg,9936.0,7141.2635,0.007141
09024000,Other black tea (fermented) and other partly fermented tea,Japan,Kg,19.0,44.15628,4.4e-05
09024000,Other black tea (fermented) and other partly fermented tea,New Zealand,Kg,0.5,1.23088,1e-06
09024000,Other black tea (fermented) and other partly fermented tea,Russian Federation,Kg,9557.599609,8170.3655,0.00817
09024000,Other black tea (fermented) and other partly fermented tea,Switzerland,Kg,1.0,2.73942,3e-06
09024000,Other black tea (fermented) and other partly fermented tea,Turkey,Kg,21563.0,8920.956,0.008921
09024000,Other black tea (fermented) and other partly fermented tea,United Arab Emirates,Kg,37262.0,17644.755,0.017645
09041130,Black Pepper (Marich),Germany,Kg,3.0,2.292,2e-06
09041140,Neither crushed not ground Pepper (Sichuan pepper),Germany,Kg,1497.699951,4187.31,0.004187
09041140,Neither crushed not ground Pepper (Sichuan pepper),United States,Kg,50.0,22.62032,2.3e-05
09041190,Other Dried pepper neither crushed nor ground,Japan,Kg,250.0,302.11119,0.000302
09041190,Other Dried pepper neither crushed nor ground,"Korea, Republic of",Kg,195.0,749.65875,0.00075
09042100,"Dried, neither, crushed or ground piper & capsicum","Korea, Republic of",Kg,0.2,0.15232,0.0
09042200,Crushed or ground piper & capsicum,Japan,Kg,19.0,6.58991,7e-06
09061100,Cinnamon (Cunnamomum zeylanicum Blume) - Neither crushed nor ground,India,Kg,506729.0,66914.32,0.066914
09061100,Cinnamon (Cunnamomum zeylanicum Blume) - Neither crushed nor ground,Japan,Kg,147.0,217.88156,0.000218
09083110,Big Cardamon (Alaichi) neither crushed nor ground,India,Kg,907550.0,1653451.2,1.653451
09083110,Big Cardamon (Alaichi) neither crushed nor ground,Japan,Kg,5.0,11.48025,1.1e-05
09101110,Fresh Ginger nither crushed nor ground,India,Kg,3172746.0,202939.404,0.202939
09101190,Other Ginger crushed or ground (sutho),India,Kg,19500.0,3900.0,0.0039
09101190,Other Ginger crushed or ground (sutho),Netherlands,Kg,8586.0,4499.871,0.0045
09101200,Other  Ginger crushed or ground,India,Kg,33510.0,6702.6,0.006703
09103010,Turmeric (Fresh),United Kingdom,Kg,2400.0,1647.8305,0.001648
09109100,Other Spice mixtures (referred to in Note 1(b) to this Chapter),Australia,Kg,1.5,3.66768,4e-06
09109100,Other Spice mixtures (referred to in Note 1(b) to this Chapter),China,Kg,1890.0,1452.71805,0.001453
09109100,Other Spice mixtures (referred to in Note 1(b) to this Chapter),France,Kg,10.0,10.44263,1e-05
09109100,Other Spice mixtures (referred to in Note 1(b) to this Chapter),India,Kg,660.0,649.6768,0.00065
09109100,Other Spice mixtures (referred to in Note 1(b) to this Chapter),Japan,Kg,168.13,139.68309,0.00014
09109100,Other Spice mixtures (referred to in Note 1(b) to this Chapter),Maldives,Kg,4.875,8.20638,8e-06
09109100,Other Spice mixtures (referred to in Note 1(b) to this Chapter),New Zealand,Kg,20.0,12.94125,1.3e-05
09109100,Other Spice mixtures (referred to in Note 1(b) to this Chapter),United Arab Emirates,Kg,4325.680176,1559.20062,0.001559
09109100,Other Spice mixtures (referred to in Note 1(b) to this Chapter),United Kingdom,Kg,184.0,41.97724,4.2e-05
09109100,Other Spice mixtures (referred to in Note 1(b) to this Chapter),United States,Kg,3715.0,3290.273,0.00329
09109990,Other spices nes,Australia,Kg,118.0,18.2784,1.8e-05
09109990,Other spices nes,France,Kg,200.0,988.899,0.000989
09109990,Other spices nes,Germany,Kg,110.0,114.9056,0.000115
09109990,Other spices nes,Hong Kong,Kg,18.0,12.14072,1.2e-05
09109990,Other spices nes,India,Kg,103735.0,8088.376,0.008088
09109990,Other spices nes,Japan,Kg,515.0,752.7525,0.000753
09109990,Other spices nes,Netherlands,Kg,467.0,279.05943,0.000279
09109990,Other spices nes,Qatar,Kg,6035.0,5071.6895,0.005072
09109990,Other spices nes,United Arab Emirates,Kg,2521.0,2703.57886,0.002704
09109990,Other spices nes,United Kingdom,Kg,3878.0,556.20719,0.000556
10082900,Other millet,Hong Kong,Kg,6000.0,457.77,0.000458
10082900,Other millet,United Kingdom,Kg,1000.0,88.624,8.9e-05
11010000,Wheat or meslin flour except maida,Japan,Kg,102000.0,10173.99225,0.010174
11010000,Wheat or meslin flour except maida,Saudi Arabia,Kg,3.0,0.6096,1e-06
11010000,Wheat or meslin flour except maida,Thailand,Kg,22000.0,1576.66088,0.001577
11010000,Wheat or meslin flour except maida,United Arab Emirates,Kg,48000.0,4100.88612,0.004101
11010000,Wheat or meslin flour except maida,United Kingdom,Kg,1000.0,101.4592,0.000101
11029000,"Other cereal flour, nes",Cyprus,Kg,8083.700195,5955.557,0.005956
11029000,"Other cereal flour, nes",United Kingdom,Kg,10739.5802,4441.23406,0.004441
11029000,"Other cereal flour, nes",United States,Kg,35786.540039,14075.24511,0.014075
11042900,"Other worked grains of other cereals, nes",India,Kg,35500.0,2946.28,0.002946
11061000,"Flour, meal and powderOf the dried leguminous vegetables of Heading 07.13",India,Kg,10.0,2.304,2e-06
12079900,"Other oil seeds and oleaginous fruits, nes",India,Kg,34560.0,4160.0,0.00416
12099130,Seed of Onions,Bangladesh,Kg,533.0,2079.12637,0.002079
12099140,Seed of Raddish,Bangladesh,Kg,200.0,377.2,0.000377
12099190,Seed of other vegetables,Bangladesh,Kg,240.0,546.18562,0.000546
12119010,Yarchhagumba,Cambodia,Kg,4.5,803.3425,0.000803
12119010,Yarchhagumba,China,Kg,7.75,2543.3395,0.002543
12119010,Yarchhagumba,Hong Kong,Kg,123.7,91931.91081,0.091932
12119010,Yarchhagumba,Malaysia,Kg,6.55,4960.18669,0.00496
12119010,Yarchhagumba,Mexico,Kg,19.799999,5714.165,0.005714
12119010,Yarchhagumba,Poland,Kg,0.5,1788.9375,0.001789
12119010,Yarchhagumba,Singapore,Kg,3.47,3407.84726,0.003408
12119010,Yarchhagumba,Switzerland,Kg,0.22,167.607,0.000168
12119010,Yarchhagumba,United Kingdom,Kg,0.5,379.75,0.00038
12119010,Yarchhagumba,Viet Nam,Kg,11.1,7756.73456,0.007757
12119090,"Other plants or parts, of a kind used in perfumery, pharmacy etc, nes",Bangladesh,Kg,4270.0,1992.68418,0.001993
12119090,"Other plants or parts, of a kind used in perfumery, pharmacy etc, nes",Canada,Kg,300.0,3569.0905,0.003569
12119090,"Other plants or parts, of a kind used in perfumery, pharmacy etc, nes",China,Kg,27320.47998,15217.134,0.015217
12119090,"Other plants or parts, of a kind used in perfumery, pharmacy etc, nes",France,Kg,15.0,37.81635,3.8e-05
12119090,"Other plants or parts, of a kind used in perfumery, pharmacy etc, nes",Hong Kong,Kg,528.600006,138.02122,0.000138
12119090,"Other plants or parts, of a kind used in perfumery, pharmacy etc, nes",India,Kg,834057.5,154049.83003,0.15405
12119090,"Other plants or parts, of a kind used in perfumery, pharmacy etc, nes",Japan,Kg,4000.0,1370.87088,0.001371
12119090,"Other plants or parts, of a kind used in perfumery, pharmacy etc, nes","Korea, Republic of",Kg,0.05,4.5,5e-06
12119090,"Other plants or parts, of a kind used in perfumery, pharmacy etc, nes",Malaysia,Kg,27700.0,7497.41325,0.007497
12119090,"Other plants or parts, of a kind used in perfumery, pharmacy etc, nes",United Arab Emirates,Kg,290.0,17.57994,1.8e-05
12119090,"Other plants or parts, of a kind used in perfumery, pharmacy etc, nes",United States,Kg,841.0,452.20516,0.000452
12119090,"Other plants or parts, of a kind used in perfumery, pharmacy etc, nes",Viet Nam,Kg,1.0,3.88391,4e-06
13019000,"Natural gums, resins, gum-resins,natural oeoresesins and balsams (excl gum arab",France,Kg,300.0,10319.4,0.010319
13019000,"Natural gums, resins, gum-resins,natural oeoresesins and balsams (excl gum arab",Netherlands,Kg,1.0,36.5784,3.7e-05
13021900,"Other vegetable saps and extracts, nes",China,Kg,12000.0,54120.0,0.05412
13021900,"Other vegetable saps and extracts, nes",India,Kg,251210.0,67612.544,0.067613
13021900,"Other vegetable saps and extracts, nes","Korea, Republic of",Kg,0.2,4.0,4e-06
13021900,"Other vegetable saps and extracts, nes",Thailand,Kg,0.05,4.0,4e-06
14019000,"Vegetable materials for plaiting, (excl. bamboos and rattans)",Australia,Kg,8649.0,4395.4765,0.004395
14019000,"Vegetable materials for plaiting, (excl. bamboos and rattans)",New Zealand,Kg,152.5,135.41623,0.000135
14049010,Semi processed catechu of acacia (liquid ka tha),India,Kg,356140.0,81668.0,0.081668
14049010,Semi processed catechu of acacia (liquid ka tha),Japan,Kg,16500.0,23438.25,0.023438
14049020,Cetechu of acacia (Kattha),India,Kg,244910.0,251976.96,0.251977
14049050,Rudrakshya seeds,China,Kg,36310.0,2705.65877,0.002706
14049050,Rudrakshya seeds,France,Kg,7.5,17.585,1.8e-05
14049050,Rudrakshya seeds,India,Kg,110006.0,6571.2,0.006571
14049050,Rudrakshya seeds,Japan,Kg,28.0,12.0708,1.2e-05
14049050,Rudrakshya seeds,United States,Kg,11.7,4654.77525,0.004655
14049060,Peal of edqeworthia crysantha(Mitusmata)(Ar eli ko bokra),Japan,Kg,16500.0,23760.0,0.02376
14049070,Shopnut,Bangladesh,Kg,26400.0,1376.47588,0.001376
14049070,Shopnut,India,Kg,48100.0,3730.304,0.00373
14049080,Broom grass (Amriso),India,Kg,2804870.0,205836.37,0.205836
14049092,Bodhichitta seeds,China,Kg,2053.0,747.62648,0.000748
14049092,Bodhichitta seeds,France,Kg,1.7,13.3646,1.3e-05
14049099,Other vegetable products,India,Kg,2000.0,640.0,0.00064
15079000,Soya-bean oil (excl. crude) and fractions,India,Kg,148408532.183472,36046198.11439,36.046198
15119010,Refined bleached deodorized palm oil,India,LTR,2813378.528809,576173.4,0.576173
15119020,Refined bleached deodorized palm olein,India,LTR,5039411.146181,1931761.416,1.931761
15121900,Sunflower-seed and safflower oil (excl. crude) and fractions thereof,India,LTR,9243566.756287,2085348.1391,2.085348
15141100,Crude oil of low erucic acid rape or colza oil,India,LTR,71500.769531,14887.0322,0.014887
15141900,Other oil of low erucic acid rape or colza oil and its fractions,India,LTR,408601.5,92307.592,0.092308
15149110,Crude oil of canola (Rapseed),India,LTR,57690.0,12922.56,0.012923
15149190,Other crude oil,India,LTR,871392.888763,186739.7604,0.18674
15149910,Other of canola (Rapeseed) nes,India,LTR,962667.328949,197243.844,0.197244
15149990,"Other of rape, colza or mustard oil & fractions thereof nes",India,LTR,449605.21875,103450.044,0.10345
15159000,Other fixed vegetable fats and fractions (NON_EDABLE),India,LTR,48110.0,10334.016,0.010334
15180000,"Animal, vegetable or microbial fats and oils and their fractions, boiled, oxidised, d",India,LTR,3327726.109375,13858.8456,0.013859
15220000,Degras; residues of fatty substances or animal or vegetable waxes,India,Kg,161420.0,12913.6,0.012914
17029020,"Artificial Honey, Weather or not mixed with natural honey",Netherlands,Kg,27.8,37.75105,3.8e-05
17029020,"Artificial Honey, Weather or not mixed with natural honey",United Arab Emirates,Kg,18.8,21.5666,2.2e-05
17029020,"Artificial Honey, Weather or not mixed with natural honey",United Kingdom,Kg,231.0,44.645,4.5e-05
17031000,Cane molasses resulting from the extraction  or refining of sugar,Bangladesh,Kg,1350000.0,27201.59488,0.027202
17031000,Cane molasses resulting from the extraction  or refining of sugar,India,Kg,4436340.0,82809.688,0.08281
17049000,"Sugar confectionery (including white chocolate), not containing cocoa",India,Kg,154934.280289,53586.1121,0.053586
17049000,"Sugar confectionery (including white chocolate), not containing cocoa",United States,Kg,391.790009,1281.451,0.001281
18063200,"Not filled (Chocolate, etc, containing cocoa in blocks, slabs or bars)",Australia,Kg,3.5,5.3851,5e-06
18069090,"Other Chocolate, etc, containing cocoa, not in blocks, slabs or bars, nes.",India,Kg,1687.199951,1022.48,0.001022
18069090,"Other Chocolate, etc, containing cocoa, not in blocks, slabs or bars, nes.",Japan,Kg,6.6,7.90973,8e-06
19021100,Uncooked pasta containing eggs not stuffed,Australia,Kg,54849.218903,30615.48045,0.030615
19021100,Uncooked pasta containing eggs not stuffed,China,Kg,8500.0,1734.0,0.001734
19021100,Uncooked pasta containing eggs not stuffed,Qatar,Kg,1253.0,548.64,0.000549
19021900,"Uncooked pasta, not containing eggs, not stuffed",Bahrain,Kg,1425.0,537.87975,0.000538
19021900,"Uncooked pasta, not containing eggs, not stuffed",United Arab Emirates,Kg,6000.0,1832.31175,0.001832
19021900,"Uncooked pasta, not containing eggs, not stuffed",United Kingdom,Kg,3028.0,1052.18081,0.001052
19021900,"Uncooked pasta, not containing eggs, not stuffed",United States,Kg,7839.0,3159.07825,0.003159
19023000,"Other pasta, nes",Australia,Kg,285121.669434,131981.9805,0.131982
19023000,"Other pasta, nes",Belgium,Kg,6641.600098,2602.348,0.002602
19023000,"Other pasta, nes",Bhutan,Kg,5181.400017,1868.82783,0.001869
19023000,"Other pasta, nes",Canada,Kg,34985.700195,11604.0118,0.011604
19023000,"Other pasta, nes",China,Kg,3060.0,915.77431,0.000916
19023000,"Other pasta, nes",Finland,Kg,22665.0,11259.77589,0.01126
19023000,"Other pasta, nes",Hong Kong,Kg,21831.0,4936.26305,0.004936
19023000,"Other pasta, nes",India,Kg,2394570.338763,542597.36389,0.542597
19023000,"Other pasta, nes",Italy,Kg,9600.0,3532.02575,0.003532
19023000,"Other pasta, nes",Japan,Kg,244433.400208,67507.12539,0.067507
19023000,"Other pasta, nes","Korea, Republic of",Kg,5850.0,2188.26725,0.002188
19023000,"Other pasta, nes",Kuwait,Kg,35596.0,19742.41681,0.019742
19023000,"Other pasta, nes",Malaysia,Kg,14694.44043,5038.7235,0.005039
19023000,"Other pasta, nes",Maldives,Kg,1580.0,1504.03228,0.001504
19023000,"Other pasta, nes",New Zealand,Kg,25474.519287,8468.83688,0.008469
19023000,"Other pasta, nes",Qatar,Kg,39305.0,11565.226,0.011565
19023000,"Other pasta, nes",United Arab Emirates,Kg,50491.100342,13578.08592,0.013578
19023000,"Other pasta, nes",United Kingdom,Kg,76508.280273,24966.69335,0.024967
19023000,"Other pasta, nes",United States,Kg,135969.800781,59950.63707,0.059951
19042000,Prepared foods obtained from unroasted cereal flakes or mixtures of unroasted & r,Australia,Kg,400.0,24.00202,2.4e-05
19042000,Prepared foods obtained from unroasted cereal flakes or mixtures of unroasted & r,Hong Kong,Kg,593.0,51.46427,5.1e-05
19042000,Prepared foods obtained from unroasted cereal flakes or mixtures of unroasted & r,Japan,Kg,1077.0,804.07269,0.000804
19042000,Prepared foods obtained from unroasted cereal flakes or mixtures of unroasted & r,Netherlands,Kg,3308.0,560.63069,0.000561
19042000,Prepared foods obtained from unroasted cereal flakes or mixtures of unroasted & r,Qatar,Kg,83.400002,57.77352,5.8e-05
19042000,Prepared foods obtained from unroasted cereal flakes or mixtures of unroasted & r,United Arab Emirates,Kg,1287.0,87.2516,8.7e-05
19042000,Prepared foods obtained from unroasted cereal flakes or mixtures of unroasted & r,United Kingdom,Kg,11461.0,722.4731,0.000722
19049010,Puffed rice (Dhan ko bhuja - Murhi),United Kingdom,Kg,350.0,160.44,0.00016
19049020,Flattened rice(Chiura),Australia,Kg,100791.043945,65113.523,0.065114
19049020,Flattened rice(Chiura),Belgium,Kg,20732.0,9329.531,0.00933
19049020,Flattened rice(Chiura),Italy,Kg,84861.78125,38016.8265,0.038017
19049020,Flattened rice(Chiura),Japan,Kg,90503.0,12238.90024,0.012239
19049020,Flattened rice(Chiura),"Korea, Republic of",Kg,8640.0,1455.23762,0.001455
19049020,Flattened rice(Chiura),Malaysia,Kg,35010.0,21594.5225,0.021595
19049020,Flattened rice(Chiura),United Arab Emirates,Kg,3551.0,598.0417,0.000598
19049020,Flattened rice(Chiura),United Kingdom,Kg,3280.0,322.01072,0.000322
19049020,Flattened rice(Chiura),United States,Kg,113485.969727,69755.54763,0.069756
19053100,Sweet biscuits,Canada,Kg,680.0,177.87991,0.000178
19053100,Sweet biscuits,India,Kg,4148.970032,1424.8128,0.001425
19053100,Sweet biscuits,Japan,Kg,588.0,275.00181,0.000275
19053200,Waffles and wafers,Australia,Kg,475.200012,699.20331,0.000699
19059020,"Kurkure, Kurmure, Lays, Cheeseballs",Bahrain,Kg,2032.699951,1424.30725,0.001424
19059020,"Kurkure, Kurmure, Lays, Cheeseballs",Bhutan,Kg,8803.200012,4851.83825,0.004852
19059020,"Kurkure, Kurmure, Lays, Cheeseballs",Canada,Kg,522.0,240.5676,0.000241
19059020,"Kurkure, Kurmure, Lays, Cheeseballs",Finland,Kg,2448.0,1406.71258,0.001407
19059020,"Kurkure, Kurmure, Lays, Cheeseballs",India,Kg,55321.3599,33437.20141,0.033437
19059020,"Kurkure, Kurmure, Lays, Cheeseballs",Italy,Kg,3933.599998,2395.65233,0.002396
19059020,"Kurkure, Kurmure, Lays, Cheeseballs",Japan,Kg,1358.640015,911.54062,0.000912
19059020,"Kurkure, Kurmure, Lays, Cheeseballs","Korea, Republic of",Kg,2640.0,1559.1865,0.001559
19059020,"Kurkure, Kurmure, Lays, Cheeseballs",Maldives,Kg,834.0,565.88003,0.000566
19059020,"Kurkure, Kurmure, Lays, Cheeseballs",Qatar,Kg,5752.0,2384.99175,0.002385
19059020,"Kurkure, Kurmure, Lays, Cheeseballs",Singapore,Kg,482.0,270.63119,0.000271
19059020,"Kurkure, Kurmure, Lays, Cheeseballs",United Arab Emirates,Kg,5881.0,1810.2525,0.00181
19059020,"Kurkure, Kurmure, Lays, Cheeseballs",United Kingdom,Kg,9593.110352,4202.00983,0.004202
19059020,"Kurkure, Kurmure, Lays, Cheeseballs",United States,Kg,222.0,98.423,9.8e-05
19059030,Papad,United Kingdom,Kg,40.0,14.0576,1.4e-05
19059050,Biscuits not specified elsewhere,Australia,Kg,480.0,514.61312,0.000515
19059050,Biscuits not specified elsewhere,Canada,Kg,403.200012,253.2222,0.000253
19059050,Biscuits not specified elsewhere,India,Kg,35906.820171,11305.75715,0.011306
19059081,"Other Crisp Savoury food products, unfried",Australia,Kg,1969.810059,2126.424,0.002126
19059089,Other prepared crisp savoury food products,Australia,Kg,20604.0,7959.72325,0.00796
19059090,Other bakers' wares nes,Hong Kong,Kg,30.0,1.5421,2e-06
19059090,Other bakers' wares nes,Japan,Kg,16149.0,5627.23806,0.005627
19059090,Other bakers' wares nes,United Kingdom,Kg,600.0,321.09,0.000321
19059090,Other bakers' wares nes,United States,Kg,1232.599976,459.30433,0.000459
20011000,"Cucumbers and gherkins, preserved by vinegar or acetic acid",United Arab Emirates,Kg,285.0,50.41574,5e-05
20019000,"Other vegetables, fruits, etc, preserved by vinegar or acetic acid, nes",Canada,Kg,18331.820312,8827.51,0.008828
20019000,"Other vegetables, fruits, etc, preserved by vinegar or acetic acid, nes",India,Kg,33.6,15.39456,1.5e-05
20019000,"Other vegetables, fruits, etc, preserved by vinegar or acetic acid, nes",Japan,Kg,560.0,102.6265,0.000103
20019000,"Other vegetables, fruits, etc, preserved by vinegar or acetic acid, nes",Qatar,Kg,1938.0,1612.52312,0.001613
20019000,"Other vegetables, fruits, etc, preserved by vinegar or acetic acid, nes",United Arab Emirates,Kg,1139.599976,198.46481,0.000198
20041090,"Other potatoes prepared or preserved otherwise than by vinegar or acetic acid, froz","Korea, Republic of",Kg,6.0,0.30408,0.0
20052090,"Other potatoes, not frozen",United Kingdom,Kg,344.0,216.60928,0.000217
20059900,Other - Vegetables & mixtures of veg preseved otherwise than by vineger or acit,United Kingdom,Kg,154.0,115.27232,0.000115
20091100,"Frozen orange juice, unfermented, not containing added spirit",India,LTR,1976356.799992,215314.69966,0.215315
20092100,Grapefruit juice of a brix value <=20,India,LTR,139648.79998,10967.80991,0.010968
20094100,Pineapple juice of a brix value <=20,India,LTR,1174257.00006,141377.93435,0.141378
20095000,"Tomato juice, unfermented, not containing added spirit",India,LTR,94800.0,7519.28061,0.007519
20097100,Apple juice of a brix value <=20  .,India,LTR,922262.455984,101594.40456,0.101594
20099000,"Mixtures of juices, unfermented, not containing added spirit.",China,LTR,10200.0,934.5,0.000935
20099000,"Mixtures of juices, unfermented, not containing added spirit.",India,LTR,9691547.580609,868627.38817,0.868627
21031000,Soya sauce,United States,Kg,744.0,151.76633,0.000152
21033000,"Mustard flour and meal, prepared mustard",Belgium,Kg,249.990005,351.14087,0.000351
21033000,"Mustard flour and meal, prepared mustard",Japan,Kg,1984.0,156.11941,0.000156
21039010,"Sauces and sauce preparations; mixed condiments and seasonings, nes",Canada,Kg,450.0,427.1463,0.000427
21039010,"Sauces and sauce preparations; mixed condiments and seasonings, nes",Italy,Kg,5100.0,5767.45388,0.005767
21039010,"Sauces and sauce preparations; mixed condiments and seasonings, nes",Malaysia,Kg,2635.280029,2378.63825,0.002379
21039010,"Sauces and sauce preparations; mixed condiments and seasonings, nes",United States,Kg,2200.0,2182.53425,0.002183
21039020,Pickle (Achar),Australia,Kg,13002.700195,10693.831,0.010694
21039020,Pickle (Achar),Belgium,Kg,1699.199951,1679.72175,0.00168
21039020,Pickle (Achar),Hong Kong,Kg,1340.900024,420.08028,0.00042
21039020,Pickle (Achar),Japan,Kg,31426.400391,19506.61775,0.019507
21039020,Pickle (Achar),"Korea, Republic of",Kg,24407.0,13838.6225,0.013839
21039020,Pickle (Achar),United Kingdom,Kg,4001.0,3792.5235,0.003793
21039020,Pickle (Achar),United States,Kg,17583.0,10113.007,0.010113
21039090,Other Sauces and preparations,Australia,Kg,27866.081055,14393.73113,0.014394
21039090,Other Sauces and preparations,Japan,Kg,28.0,4.04524,4e-06
21039090,Other Sauces and preparations,United Kingdom,Kg,350.0,57.0577,5.7e-05
21061000,Protein concentrates and textured proteinvsubstences,Japan,Kg,9988.0,889.71383,0.00089
21061000,Protein concentrates and textured proteinvsubstences,Russian Federation,Kg,360.0,760.3,0.00076
21069010,"Dalmoth, Namkeen, Bhujiya and Chamena (titbits)",Australia,Kg,57603.400391,25359.88058,0.02536
21069010,"Dalmoth, Namkeen, Bhujiya and Chamena (titbits)",Brunei Darussalam,Kg,55.0,28.9389,2.9e-05
21069010,"Dalmoth, Namkeen, Bhujiya and Chamena (titbits)",Hong Kong,Kg,550.0,49.58831,5e-05
21069010,"Dalmoth, Namkeen, Bhujiya and Chamena (titbits)",Japan,Kg,26017.5,7180.83038,0.007181
21069010,"Dalmoth, Namkeen, Bhujiya and Chamena (titbits)","Korea, Republic of",Kg,113.8,1591.80283,0.001592
21069010,"Dalmoth, Namkeen, Bhujiya and Chamena (titbits)",Malaysia,Kg,1.0,1.5231,2e-06
21069010,"Dalmoth, Namkeen, Bhujiya and Chamena (titbits)",Maldives,Kg,66.0,29.15822,2.9e-05
21069010,"Dalmoth, Namkeen, Bhujiya and Chamena (titbits)",Netherlands,Kg,1410.0,262.91731,0.000263
21069010,"Dalmoth, Namkeen, Bhujiya and Chamena (titbits)",New Zealand,Kg,173.0,96.92304,9.7e-05
21069010,"Dalmoth, Namkeen, Bhujiya and Chamena (titbits)",Qatar,Kg,68.0,37.31388,3.7e-05
21069010,"Dalmoth, Namkeen, Bhujiya and Chamena (titbits)",Saudi Arabia,Kg,17.0,9.4798,9e-06
21069010,"Dalmoth, Namkeen, Bhujiya and Chamena (titbits)",Singapore,Kg,90.0,16.95044,1.7e-05
21069010,"Dalmoth, Namkeen, Bhujiya and Chamena (titbits)",Switzerland,Kg,4.0,5.6488,6e-06
21069010,"Dalmoth, Namkeen, Bhujiya and Chamena (titbits)",Thailand,Kg,12.0,12.63372,1.3e-05
21069010,"Dalmoth, Namkeen, Bhujiya and Chamena (titbits)",United Arab Emirates,Kg,1061.0,214.46499,0.000214
21069010,"Dalmoth, Namkeen, Bhujiya and Chamena (titbits)",United Kingdom,Kg,7889.98,941.92825,0.000942
21069010,"Dalmoth, Namkeen, Bhujiya and Chamena (titbits)",United States,Kg,2420.0,899.69669,0.0009
21069091,Food Supplements,Australia,Kg,6.0,14.86625,1.5e-05
21069091,Food Supplements,Japan,Kg,52.26,67.06183,6.7e-05
21069091,Food Supplements,"Korea, Republic of",Kg,30.3,31.15736,3.1e-05
21069091,Food Supplements,Kuwait,Kg,1.0,2.41408,2e-06
21069091,Food Supplements,Malaysia,Kg,6.5,17.59769,1.8e-05
21069091,Food Supplements,Qatar,Kg,24.5,26.08252,2.6e-05
21069091,Food Supplements,Saudi Arabia,Kg,3.5,8.70075,9e-06
21069091,Food Supplements,United Arab Emirates,Kg,15.0,71.62534,7.2e-05
21069092,Herbal Tea,Czech Republic,Kg,5733.439941,17524.86,0.017525
21069094,Soya chunks (Soyabody  Masyaura),Italy,Kg,11601.5,7722.2725,0.007722
21069094,Soya chunks (Soyabody  Masyaura),Japan,Kg,616.0,94.04472,9.4e-05
21069094,Soya chunks (Soyabody  Masyaura),"Korea, Republic of",Kg,1700.0,407.87457,0.000408
21069099,Other Food Preparations,Australia,Kg,68301.934919,33976.98932,0.033977
21069099,Other Food Preparations,Bangladesh,Kg,23.26,28.02225,2.8e-05
21069099,Other Food Preparations,Brunei Darussalam,Kg,529.809999,335.04886,0.000335
21069099,Other Food Preparations,China,Kg,56.76,38.78741,3.9e-05
21069099,Other Food Preparations,Hong Kong,Kg,580.0,39.42447,3.9e-05
21069099,Other Food Preparations,India,Kg,8.0,10.5,1e-05
21069099,Other Food Preparations,Indonesia,Kg,144.0,83.37256,8.3e-05
21069099,Other Food Preparations,Israel,Kg,1457.0,457.26364,0.000457
21069099,Other Food Preparations,Japan,Kg,266711.872974,81718.5137,0.081719
21069099,Other Food Preparations,"Korea, Republic of",Kg,1585.300001,5554.36979,0.005554
21069099,Other Food Preparations,Kuwait,Kg,649.0,136.02334,0.000136
21069099,Other Food Preparations,Malaysia,Kg,1474.01,860.28651,0.00086
21069099,Other Food Preparations,Maldives,Kg,364.315,250.6666,0.000251
21069099,Other Food Preparations,Netherlands,Kg,32.0,7.6535,8e-06
21069099,Other Food Preparations,New Zealand,Kg,1834.4,1080.90749,0.001081
21069099,Other Food Preparations,Norway,Kg,172.66,3136.59836,0.003137
21069099,Other Food Preparations,Philippines,Kg,112.5,65.57084,6.6e-05
21069099,Other Food Preparations,Qatar,Kg,8169.639987,1813.04925,0.001813
21069099,Other Food Preparations,Saudi Arabia,Kg,321.169999,239.10807,0.000239
21069099,Other Food Preparations,Singapore,Kg,623.420001,429.73481,0.00043
21069099,Other Food Preparations,Sri Lanka,Kg,32.0,15.53986,1.6e-05
21069099,Other Food Preparations,Switzerland,Kg,241.219999,127.48045,0.000127
21069099,Other Food Preparations,Thailand,Kg,202.3,196.03951,0.000196
21069099,Other Food Preparations,Ukraine,Kg,28.5,10.36116,1e-05
21069099,Other Food Preparations,United Arab Emirates,Kg,52054.690057,8117.02575,0.008117
21069099,Other Food Preparations,United Kingdom,Kg,8997.800011,2804.87774,0.002805
21069099,Other Food Preparations,United States,Kg,8127.600098,3024.43694,0.003024
22021000,"Waters (incl. mineral and aerated), with added sugar, sweetener, etc.",China,LTR,8800.0,1286.30819,0.001286
22021000,"Waters (incl. mineral and aerated), with added sugar, sweetener, etc.",Japan,LTR,1772.0,79.968,8e-05
22029910,Energy Drink,Japan,LTR,540.0,167.475,0.000167
22029930,Flavoured Milk Beverages,Japan,LTR,1260.0,440.28444,0.00044
22029990,Other drinks (added sugar or other sweetening matter or flavoured),China,LTR,8856.0,42.56,4.3e-05
22030010,Beer made from malt ( upto 5% alcohol),Australia,LTR,9504.0,2250.4075,0.00225
22030010,Beer made from malt ( upto 5% alcohol),United States,LTR,18876.0,4618.978,0.004619
22030020,Beer made from malt ( more than 5% alcohol),Hong Kong,LTR,5652.0,1169.29716,0.001169
22030020,Beer made from malt ( more than 5% alcohol),India,LTR,32400.0,2419.2,0.002419
22030020,Beer made from malt ( more than 5% alcohol),Japan,LTR,8712.0,1692.83075,0.001693
22030020,Beer made from malt ( more than 5% alcohol),Philippines,LTR,10.0,4.28555,4e-06
22083092,Whiskies of an alcoholic strength 25UP (42.8%),Hong Kong,LTR,2196.0,2563.512,0.002564
22083092,Whiskies of an alcoholic strength 25UP (42.8%),"Korea, Republic of",LTR,1395.0,2101.05,0.002101
22083092,Whiskies of an alcoholic strength 25UP (42.8%),United Kingdom,LTR,4266.0,7700.79359,0.007701
22084010,Alcoholic fluids including spirits used as raw materials of Rum and other spirit,United States,LTR,8010.0,12200.031,0.0122
22084092,Rum and other spirits of an alcoholic strength 25UP (42.8%),Australia,LTR,747.0,1568.85659,0.001569
22084092,Rum and other spirits of an alcoholic strength 25UP (42.8%),"Korea, Republic of",LTR,622.800003,639.45,0.000639
22086092,Vodka of an alcoholic strength 25UP (42.8%),Hong Kong,LTR,1314.0,823.986,0.000824
22086092,Vodka of an alcoholic strength 25UP (42.8%),"Korea, Republic of",LTR,1800.0,1187.55,0.001188
22089093,Liquor of an alcoholic strength 30UP (39.94%),United Kingdom,LTR,111.599998,1023.52319,0.001024
23023000,"Brans, sharps and other residues of wheat",Czech Republic,Kg,100.0,102.0704,0.000102
23024010,"Brans, sharps and other residues of other cereals",Bangladesh,Kg,36000.0,1899.018,0.001899
23024010,"Brans, sharps and other residues of other cereals",India,Kg,5891343.0,293515.42925,0.293515
23024090,"Other-Brans, sharps and other residues except residue of Cashew and Pallets",India,Kg,5671560.0,315128.70325,0.315129
23025000,"Brans, sharps and other residues of leguminous plants",India,Kg,25000.0,900.4,0.0009
23033000,Brewing or distilling dregs and waste,India,Kg,555940.0,722.722,0.000723
23040000,"Oil-cake and other solid residues, of soyabean",India,Kg,946080.0,84371.1895,0.084371
23064100,Oil-cake of low erucic acid rape or colza  seeds,India,Kg,16990000.0,759886.91,0.759887
23064900,Other oil-cake & other solid residues rape  or colza seeds,India,Kg,94000.0,4060.8,0.004061
23091000,"Dog or cat food, put up for retail sale",Australia,Kg,900.0,81.99175,8.2e-05
23091000,"Dog or cat food, put up for retail sale",Canada,Kg,39497.200012,95413.909,0.095414
23091000,"Dog or cat food, put up for retail sale",Germany,Kg,85.0,151.2572,0.000151
23091000,"Dog or cat food, put up for retail sale",Greece,Kg,419.0,1484.46125,0.001484
23091000,"Dog or cat food, put up for retail sale",Hong Kong,Kg,199.5,676.64477,0.000677
23091000,"Dog or cat food, put up for retail sale",Japan,Kg,7617.800003,11555.09823,0.011555
23091000,"Dog or cat food, put up for retail sale","Korea, Republic of",Kg,700.0,1687.55325,0.001688
23091000,"Dog or cat food, put up for retail sale",Malaysia,Kg,441.0,1212.30749,0.001212
23091000,"Dog or cat food, put up for retail sale",Maldives,Kg,4465.0,316.10766,0.000316
23091000,"Dog or cat food, put up for retail sale",Netherlands,Kg,2854.0,883.76643,0.000884
23091000,"Dog or cat food, put up for retail sale",New Zealand,Kg,690.0,1837.95366,0.001838
23091000,"Dog or cat food, put up for retail sale",Singapore,Kg,1175.0,2966.25874,0.002966
23091000,"Dog or cat food, put up for retail sale",Spain,Kg,300.0,208.77039,0.000209
23091000,"Dog or cat food, put up for retail sale","Taiwan, Province of China",Kg,274.0,716.88733,0.000717
23091000,"Dog or cat food, put up for retail sale",United Arab Emirates,Kg,2282.0,2314.35666,0.002314
23091000,"Dog or cat food, put up for retail sale",United Kingdom,Kg,18857.0,16632.3277,0.016632
23091000,"Dog or cat food, put up for retail sale",United States,Kg,430293.341705,826232.41059,0.826232
24039910,"Jarda, Khaini, Snuff, Ghutka and similar preparations containing chewing tobacco",Australia,Kg,150.0,155.8968,0.000156
24039910,"Jarda, Khaini, Snuff, Ghutka and similar preparations containing chewing tobacco",Israel,Kg,240.0,118.7958,0.000119
24039910,"Jarda, Khaini, Snuff, Ghutka and similar preparations containing chewing tobacco",Japan,Kg,7878.0,1236.4224,0.001236
24039910,"Jarda, Khaini, Snuff, Ghutka and similar preparations containing chewing tobacco",Malaysia,Kg,13650.0,9818.03362,0.009818
24039910,"Jarda, Khaini, Snuff, Ghutka and similar preparations containing chewing tobacco",Netherlands,Kg,700.0,1017.43441,0.001017
24039991,Hukkah Flavour,Japan,Kg,770.0,210.98,0.000211
25062000,Quartzite,United States,Kg,100.0,15.267,1.5e-05
25181000,Dolomite not calcined or sintered,India,Kg,750.0,3.0,3e-06
25210000,Limestone flux; limestone and other calcareous stone,India,Kg,2507000.0,8783.44,0.008783
25231000,Cement clinkers,India,TNE,465614.100021,145950.43021,0.14595
25232900,Portland cement (excl white),India,TNE,41627.46001,280335.00048,0.280335
25261000,"Natural steatite, talc, Not crushed, not powdered",India,Kg,675550.0,9457.7,0.009458
26190000,"Slag, dross, sealings & other waste, from the manufacture of iron or steel",Bhutan,TNE,5749.210007,93266.475,0.093266
26201900,Ash and residues containing mainly zinc (excl hard zinc spelter),India,Kg,130525.0,27624.704,0.027625
26204000,Ash and residues containing mainly aluminium,India,Kg,67780.0,16491.936,0.016492
27060000,"Tar distilled from coal, lignite or peat, and other mineral tars",India,Kg,207440.0,9957.12,0.009957
27149000,Bitumen and asphalt; natural asphaltites and asphaltic rocks,India,Kg,274.0,1753.6,0.001754
27149000,Bitumen and asphalt; natural asphaltites and asphaltic rocks,Netherlands,Kg,48.0,1200.80919,0.001201
28051900,Alkali & alkaline -earth metals (excl sodium and calcium),"Korea, Republic of",Kg,0.005,4.0,4e-06
29232000,Lecithins and other phosphoaminolipids,India,Kg,126550.0,6479.36,0.006479
29261000,Acrylonitrile  .,United Arab Emirates,Kg,9.0,0.61036,1e-06
29329900,"Other heterocyclic compounds with oxygen hetero-atom(s) only, nes",India,Kg,11.5,3348.0,0.003348
30029000,Others,United States,Kg,0.0002,1494.81894,0.001495
30033900,"Medicaments of other hormones, not for retail sale, nes",Japan,Kg,1.0,5.3634,5e-06
30039010,Homoeopathic medicaments(pure ayurvedic an yunani),Australia,Kg,8.4,1665.00399,0.001665
30039010,Homoeopathic medicaments(pure ayurvedic an yunani),India,Kg,200421.0,123083.50166,0.123084
30039010,Homoeopathic medicaments(pure ayurvedic an yunani),Japan,Kg,7.6,36.82614,3.7e-05
30039010,Homoeopathic medicaments(pure ayurvedic an yunani),"Korea, Republic of",Kg,2.8,25.36557,2.5e-05
30039010,Homoeopathic medicaments(pure ayurvedic an yunani),Malaysia,Kg,3.5,11.62662,1.2e-05
30039010,Homoeopathic medicaments(pure ayurvedic an yunani),New Zealand,Kg,1.0,2.2632,2e-06
30039010,Homoeopathic medicaments(pure ayurvedic an yunani),Saudi Arabia,Kg,2.0,9.89472,1e-05
30039049,"Chyanwanparsh, Dashamularist, Ashokarista, kalpasundari, arjunarista similar products",India,Kg,70801.700073,188248.82875,0.188249
30041000,"Medicaments of penicillins or streptomycin, for retail sale",Australia,Kg,84.15,353.52773,0.000354
30041000,"Medicaments of penicillins or streptomycin, for retail sale",China,Kg,2.37,5.1952,5e-06
30041000,"Medicaments of penicillins or streptomycin, for retail sale",Finland,Kg,1.5,6.30826,6e-06
30041000,"Medicaments of penicillins or streptomycin, for retail sale",Hong Kong,Kg,7.42,47.21851,4.7e-05
30041000,"Medicaments of penicillins or streptomycin, for retail sale",India,Kg,0.4,4.2,4e-06
30041000,"Medicaments of penicillins or streptomycin, for retail sale",Japan,Kg,699.643,811.65338,0.000812
30041000,"Medicaments of penicillins or streptomycin, for retail sale","Korea, Republic of",Kg,65.03,268.77489,0.000269
30041000,"Medicaments of penicillins or streptomycin, for retail sale",Kuwait,Kg,0.5,0.7571,1e-06
30041000,"Medicaments of penicillins or streptomycin, for retail sale",Malaysia,Kg,58.9,1001.72668,0.001002
30041000,"Medicaments of penicillins or streptomycin, for retail sale",Maldives,Kg,20.0,9.34764,9e-06
30041000,"Medicaments of penicillins or streptomycin, for retail sale",New Zealand,Kg,6.43,21.96871,2.2e-05
30041000,"Medicaments of penicillins or streptomycin, for retail sale",Qatar,Kg,4.75,20.52952,2.1e-05
30041000,"Medicaments of penicillins or streptomycin, for retail sale",Saudi Arabia,Kg,6.0,26.46358,2.6e-05
30041000,"Medicaments of penicillins or streptomycin, for retail sale",Switzerland,Kg,0.5,0.03,0.0
30041000,"Medicaments of penicillins or streptomycin, for retail sale",United Arab Emirates,Kg,30.4,155.4155,0.000155
30041000,"Medicaments of penicillins or streptomycin, for retail sale",United Kingdom,Kg,0.6,12.352,1.2e-05
30043900,"Medicaments of other hormones, for retail sale, nes",Bangladesh,Kg,0.43,3.821,4e-06
30049010,Homoeopathic medicaments(Pure ayurvedican yunani),France,Kg,5.0,12.36852,1.2e-05
30049010,Homoeopathic medicaments(Pure ayurvedican yunani),Japan,Kg,0.5,7.35552,7e-06
30049090,Other - Medicaments put up in measured doss or in forms or packing for retail sale,Japan,Kg,7.2,3.83195,4e-06
30049090,Other - Medicaments put up in measured doss or in forms or packing for retail sale,"Korea, Republic of",Kg,0.5,5.33435,5e-06
30049090,Other - Medicaments put up in measured doss or in forms or packing for retail sale,Niger,Kg,2070.0,38143.392,0.038143
30049090,Other - Medicaments put up in measured doss or in forms or packing for retail sale,United Republic of Tanzania,Kg,119.25,5375.262,0.005375
30059020,Bandage,China,Kg,5368.0,1982.6448,0.001983
32019090,Other tanning extracts of vegetable or  gin nes.,Bangladesh,Kg,20000.0,830.304,0.00083
32019090,Other tanning extracts of vegetable or  gin nes.,India,Kg,249000.0,67728.0,0.067728
32030010,Khayar Kachchha  .(Extract of cutch),Bangladesh,Kg,38500.0,1615.54662,0.001616
32030010,Khayar Kachchha  .(Extract of cutch),India,Kg,423250.0,16485.2,0.016485
32131000,Colours in sets,China,Kg,35.0,3.19326,3e-06
32159000,"Other ink, whether or not concentrated or solid, nes",China,Kg,68.0,25.5,2.5e-05
33012900,"Essential oils (incl concretes and absolutes), nes.",France,LTR,300.0,2982.2835,0.002982
33012900,"Essential oils (incl concretes and absolutes), nes.",India,LTR,1226.619994,27885.2,0.027885
33019000,"Concentrates of essential oils in fats  aquous distillates, extracted oleoresi",Australia,LTR,10.0,165.0047,0.000165
33019000,"Concentrates of essential oils in fats  aquous distillates, extracted oleoresi",Canada,LTR,59.0,2202.85825,0.002203
33019000,"Concentrates of essential oils in fats  aquous distillates, extracted oleoresi",China,LTR,14.0,551.4505,0.000551
33019000,"Concentrates of essential oils in fats  aquous distillates, extracted oleoresi",France,LTR,750.0,3510.22994,0.00351
33019000,"Concentrates of essential oils in fats  aquous distillates, extracted oleoresi",Germany,LTR,10.0,561.71895,0.000562
33019000,"Concentrates of essential oils in fats  aquous distillates, extracted oleoresi",Ireland,LTR,8.0,1788.18925,0.001788
33019000,"Concentrates of essential oils in fats  aquous distillates, extracted oleoresi",Japan,LTR,40.09,559.55498,0.00056
33019000,"Concentrates of essential oils in fats  aquous distillates, extracted oleoresi","Korea, Republic of",LTR,250.0,1478.01787,0.001478
33019000,"Concentrates of essential oils in fats  aquous distillates, extracted oleoresi",Spain,LTR,100.0,5856.804,0.005857
33019000,"Concentrates of essential oils in fats  aquous distillates, extracted oleoresi",Sri Lanka,LTR,180.0,549.324,0.000549
33019000,"Concentrates of essential oils in fats  aquous distillates, extracted oleoresi","Taiwan, Province of China",LTR,4.0,72.4224,7.2e-05
33019000,"Concentrates of essential oils in fats  aquous distillates, extracted oleoresi",United Kingdom,LTR,113.0,3062.3504,0.003062
33019000,"Concentrates of essential oils in fats  aquous distillates, extracted oleoresi",United States,LTR,297.0,3810.61325,0.003811
33041000,Lip make-up preparations,Japan,Kg,410.0,6530.7625,0.006531
33049910,Face Cream,France,Kg,4.0,52.40663,5.2e-05
33049910,Face Cream,South Africa,Kg,15.0,54.8352,5.5e-05
33049990,Other beauty or make up preparetions,Australia,Kg,8.93,20.52315,2.1e-05
33049990,Other beauty or make up preparetions,Bangladesh,Kg,6.0,23.0,2.3e-05
33049990,Other beauty or make up preparetions,Japan,Kg,835.614001,886.69736,0.000887
33049990,Other beauty or make up preparetions,"Korea, Republic of",Kg,6.0,5.12992,5e-06
33049990,Other beauty or make up preparetions,Malaysia,Kg,18.1,29.62745,3e-05
33049990,Other beauty or make up preparetions,Maldives,Kg,42.16,34.41183,3.4e-05
33049990,Other beauty or make up preparetions,New Zealand,Kg,129.53,123.41896,0.000123
33049990,Other beauty or make up preparetions,Qatar,Kg,31.16,38.40004,3.8e-05
33049990,Other beauty or make up preparetions,Saudi Arabia,Kg,3.5,10.15921,1e-05
33049990,Other beauty or make up preparetions,United Arab Emirates,Kg,60.0,105.35478,0.000105
33049990,Other beauty or make up preparetions,United Kingdom,Kg,69.0,29.26258,2.9e-05
33051000,Shampoos,Japan,LTR,709.0,216.43064,0.000216
33053000,Hair lacquers,France,Kg,1.0,13.90516,1.4e-05
33059010,Hair Oil,Australia,LTR,1.0,3.8505,4e-06
33059010,Hair Oil,India,LTR,39.360001,10.0,1e-05
33059010,Hair Oil,Japan,LTR,5.0,8.86096,9e-06
33059010,Hair Oil,Malaysia,LTR,2.0,5.02821,5e-06
33059010,Hair Oil,New Zealand,LTR,21.0,6.78524,7e-06
33059010,Hair Oil,South Africa,LTR,10.0,76.16,7.6e-05
33061000,Dentifrices,India,Kg,260150.0,191649.38476,0.191649
33061000,Dentifrices,Japan,Kg,760.0,29.44424,2.9e-05
33069000,"Preparations for oral or dental hygiene (incl denture fixative), nes",Japan,Kg,385.0,122.256,0.000122
33074100,Agarbatti and other odiferous preparations which operate by burning.,Australia,Kg,85.43,3166.6221,0.003167
33074100,Agarbatti and other odiferous preparations which operate by burning.,Canada,Kg,808.0,329.507,0.00033
33074100,Agarbatti and other odiferous preparations which operate by burning.,China,Kg,17089.299995,2510.4035,0.00251
33074100,Agarbatti and other odiferous preparations which operate by burning.,Czech Republic,Kg,50.0,148.90359,0.000149
33074100,Agarbatti and other odiferous preparations which operate by burning.,France,Kg,297.0,1474.44781,0.001474
33074100,Agarbatti and other odiferous preparations which operate by burning.,Germany,Kg,68.0,365.6977,0.000366
33074100,Agarbatti and other odiferous preparations which operate by burning.,Hong Kong,Kg,140.0,61.45584,6.1e-05
33074100,Agarbatti and other odiferous preparations which operate by burning.,Japan,Kg,223.805,168.32176,0.000168
33074100,Agarbatti and other odiferous preparations which operate by burning.,"Korea, Republic of",Kg,47.5,20.4784,2e-05
33074100,Agarbatti and other odiferous preparations which operate by burning.,Lithuania,Kg,35.0,124.8906,0.000125
33074100,Agarbatti and other odiferous preparations which operate by burning.,Malaysia,Kg,126.0,64.49574,6.4e-05
33074100,Agarbatti and other odiferous preparations which operate by burning.,Netherlands,Kg,10.0,50.49521,5e-05
33074100,Agarbatti and other odiferous preparations which operate by burning.,New Zealand,Kg,0.47,3.65256,4e-06
33074100,Agarbatti and other odiferous preparations which operate by burning.,Philippines,Kg,18.0,5.3662,5e-06
33074100,Agarbatti and other odiferous preparations which operate by burning.,Poland,Kg,82.0,320.99719,0.000321
33074100,Agarbatti and other odiferous preparations which operate by burning.,Singapore,Kg,8.0,5.001,5e-06
33074100,Agarbatti and other odiferous preparations which operate by burning.,South Africa,Kg,50.0,83.05751,8.3e-05
33074100,Agarbatti and other odiferous preparations which operate by burning.,Spain,Kg,80.0,75.95963,7.6e-05
33074100,Agarbatti and other odiferous preparations which operate by burning.,Sweden,Kg,4.0,17.551,1.8e-05
33074100,Agarbatti and other odiferous preparations which operate by burning.,"Taiwan, Province of China",Kg,389.0,464.38559,0.000464
33074100,Agarbatti and other odiferous preparations which operate by burning.,Thailand,Kg,210.4,34.84436,3.5e-05
33074100,Agarbatti and other odiferous preparations which operate by burning.,United Arab Emirates,Kg,110.0,406.146,0.000406
33074100,Agarbatti and other odiferous preparations which operate by burning.,United Kingdom,Kg,62.27,14.08214,1.4e-05
33074100,Agarbatti and other odiferous preparations which operate by burning.,United States,Kg,4962.599976,2476.76042,0.002477
33074100,Agarbatti and other odiferous preparations which operate by burning.,Viet Nam,Kg,0.5,0.30159,0.0
34011100,Soap for toilet use including medicaments,"Taiwan, Province of China",Kg,65.0,87.16999,8.7e-05
34011900,"Other Type of Soaps in the forms of bars, cakes, moulded pieces or shapes",India,Kg,5436.0,695.808,0.000696
34011900,"Other Type of Soaps in the forms of bars, cakes, moulded pieces or shapes",Japan,Kg,395.0,42.05025,4.2e-05
34011900,"Other Type of Soaps in the forms of bars, cakes, moulded pieces or shapes",United States,Kg,10.0,15.206,1.5e-05
34039900,"Other lubricating preparations, nes",India,Kg,1.1,0.048,0.0
34049000,"Artificial waxes and prepared waxes, nes",Israel,Kg,9.0,3.88544,4e-06
35069100,Adhesives based on polymers of heading 39.01  to 39.13 or on rubber,India,Kg,18060.0,3092.16278,0.003092
38029000,Activated natural mineral products; animal  black,India,Kg,160980.0,772.704,0.000773
38051000,"Gum, wood or sulphate turpentine oils",India,LTR,262480.0,68367.11,0.068367
38061000,Rosin and resin acids,India,Kg,1155300.0,254543.6,0.254544
38070000,"Wood tar; wood tar oils; wood creosote; wood naphtha, vegetable pitch etc",India,Kg,28505.039062,1596.28225,0.001596
38231100,Stearic acid,India,Kg,34750.0,2502.0,0.002502
38231900,Industrial monocarboxylic fatty acids & acid oils from refining nes.,India,Kg,4764388.0,578240.087,0.57824
38245000,Non-refractory mortars and concretes,India,Kg,30080.0,406.158,0.000406
38252000,Sewage sludge  .,Thailand,Kg,112.0,5.98921,6e-06
38256900,Other wastes from chemical or allied industries,India,Kg,75860.0,364.128,0.000364
39019000,"Other polymers of ethylene, in primary forms, nes",India,Kg,27000.0,864.0,0.000864
39019000,"Other polymers of ethylene, in primary forms, nes",United Kingdom,Kg,0.2,0.4,0.0
39033000,"Acrylonitrile-butadiene-styrene (abs) copolymers, in primary forms",India,Kg,173815.0,5562.08,0.005562
39073000,Epoxide resines,Australia,Kg,0.29,2.77578,3e-06
39073000,Epoxide resines,United Kingdom,Kg,0.5,3.66216,4e-06
39076900,Other Poly(ethylene terephthalate),India,Kg,1157717.451294,122479.51205,0.12248
39172100,"Tubes, pipes and hoses, rigid, of polymers  of ethylene.",India,Kg,2025.0,414.72,0.000415
39173100,"Flexible tubes, pipes and hoses, with a bu  st pressure >=276mpa",India,Kg,102914.30957,26343.4495,0.026343
39181090,Wall or Celling coverings and others of polymer of vinyl chloride,India,Kg,114642.599854,14643.05521,0.014643
39191000,"Self-adhesive tape, plates, strip, in r oll , width =<20cm",Japan,Kg,0.5,2.1315,2e-06
39199000,"Other self-adhesive plates, tape, strip, f  il of plastics, nes.",India,Kg,7054.0,8016.0,0.008016
39199000,"Other self-adhesive plates, tape, strip, f  il of plastics, nes.",Japan,Kg,852.82,32.80208,3.3e-05
39201010,"printed plates, sheets, film, foil and strip, of ethylene polymer",India,Kg,17901.929932,4439.67863,0.00444
39204990,"Other  plates, sheets, film, foil and strip, of polymer, >6%",India,Kg,5737.599976,1384.508,0.001385
39211990,"Other plates, sheets, film, foil and strip, of  other plastic celluler",India,Kg,393.0,94.32,9.4e-05
39219092,Decorative Laminated Sunmica & Formica sheets,India,SQM,151694.370198,21653.61599,0.021654
39231090,"Other Boxes, cases, crates and similar articles of plastics",Japan,Kg,390.0,16.2762,1.6e-05
39233010,Pet bottle (bottle pre-form) of plastics,India,Kg,125378.119112,27709.38069,0.027709
39233090,"Other - Carboys, bottles, flasks and similar articles nes of plastics",India,Kg,60470.0,13846.09157,0.013846
39235000,"Stoppers, lids, caps and other closures of  plastics",India,Kg,85188.600098,31973.238,0.031973
39249090,"other household articles and hygienic or toilet articles, of plastics.",India,Kg,14180.310059,4360.51826,0.004361
39249090,"other household articles and hygienic or toilet articles, of plastics.",United States,Kg,70.0,25.04502,2.5e-05
39253000,"Shutters, blinds and similar articles and parts, of plastics",Bhutan,Kg,9.0,11.0,1.1e-05
39259090,Other builders wares of plastics,Bhutan,Kg,337.0,242.62056,0.000243
39264000,Statuettes and other ornamental articles of plastics,Australia,Kg,4.384,5.451,5e-06
39264000,Statuettes and other ornamental articles of plastics,Netherlands,Kg,1.0,3.08112,3e-06
39264000,Statuettes and other ornamental articles of plastics,Norway,Kg,0.4,0.4,0.0
39264000,Statuettes and other ornamental articles of plastics,Switzerland,Kg,0.055,0.3,0.0
39269010,"Bangles,Tika,Tikuli of plastics",Canada,GRO,18.0,4.56665,5e-06
39269099,Other articles of plastics nes,Australia,Kg,2.48,3.798,4e-06
39269099,Other articles of plastics nes,China,Kg,12.0,5.02392,5e-06
39269099,Other articles of plastics nes,India,Kg,0.2,0.3,0.0
39269099,Other articles of plastics nes,Japan,Kg,0.1,7.5815,8e-06
39269099,Other articles of plastics nes,Switzerland,Kg,14.0,9.37593,9e-06
40030000,"Reclaimed rubber in primary forms or in pl  tes, sheets or strip",Bangladesh,Kg,25000.0,4393.0,0.004393
40030000,"Reclaimed rubber in primary forms or in pl  tes, sheets or strip",India,Kg,75000.0,12640.0,0.01264
40113000,"New pneumatic tyres, of rubber for aircraf",United Arab Emirates,PCS,16.0,4393.4515,0.004393
40113000,"New pneumatic tyres, of rubber for aircraf",United States,PCS,26.0,3167.18487,0.003167
40139010,Inner tubes of a kind used on Agricultural  Tractors.,Sri Lanka,PCS,3469.0,3480.30665,0.00348
40139090,Other inner tubes of rubber nes,Sri Lanka,PCS,25695.0,5161.94885,0.005162
41041900,"Other, leather of bovine or equine animals in the wet state (inclwet blue)",India,Kg,20000.0,3073.71525,0.003074
41044100,"Leather of bovine or eqine  in the dry  state(crust) full grains, unsplit;grainÃ .",China,Kg,44030.0,5649.11375,0.005649
41051000,"Tanned or crust skins of sheep or lambs, wthout wool, in the wet state (inclu",United Kingdom,Kg,12.0,76.03,7.6e-05
41062100,Tanned or crust hides and skins or goats or kids in the wet state (including wet.,China,Kg,29836.0,20498.683,0.020499
41062100,Tanned or crust hides and skins or goats or kids in the wet state (including wet.,Ethiopia,Kg,14476.0,9754.24,0.009754
41062100,Tanned or crust hides and skins or goats or kids in the wet state (including wet.,India,Kg,34060.0,10258.29937,0.010258
41062100,Tanned or crust hides and skins or goats or kids in the wet state (including wet.,Italy,Kg,35672.0,23391.908,0.023392
41079900,"Other, including hides (leather) nes",India,Kg,34353.0,3407.82237,0.003408
42021900,"Trunks, suit-cases, etc, of other materials",China,PCS,180.0,85.6548,8.6e-05
42022200,HandbagsWith outer surface of sheeting of plastics or of textile material,Australia,PCS,3.0,3.3,3e-06
42022200,HandbagsWith outer surface of sheeting of plastics or of textile material,China,PCS,1028.0,195.78885,0.000196
42022200,HandbagsWith outer surface of sheeting of plastics or of textile material,Japan,PCS,166.0,62.52688,6.3e-05
42022200,HandbagsWith outer surface of sheeting of plastics or of textile material,"Korea, Republic of",PCS,1.0,3.5,3e-06
42022200,HandbagsWith outer surface of sheeting of plastics or of textile material,Maldives,PCS,2.0,1.84416,2e-06
42022200,HandbagsWith outer surface of sheeting of plastics or of textile material,United Arab Emirates,PCS,51.0,35.0,3.5e-05
42022990,Hand bags of other,Germany,PCS,180.0,543.88437,0.000544
42023200,"Articles normally carried in pocket or han  bag, of plastics or textiles.",United States,PCS,5000.0,145.103,0.000145
42023990,Others articles of felt carried in the pocket or handbag,China,PCS,631.0,121.05,0.000121
42029200,"Cases and containers, nes, with outer surf  ce ofplastic or textiles.",Australia,PCS,15305.0,1858.64056,0.001859
42029200,"Cases and containers, nes, with outer surf  ce ofplastic or textiles.",Bhutan,PCS,1051.0,197.5826,0.000198
42029200,"Cases and containers, nes, with outer surf  ce ofplastic or textiles.",Cambodia,PCS,9.0,7.61125,8e-06
42029200,"Cases and containers, nes, with outer surf  ce ofplastic or textiles.",Canada,PCS,1862.0,851.3906,0.000851
42029200,"Cases and containers, nes, with outer surf  ce ofplastic or textiles.",China,PCS,2817.0,2528.74569,0.002529
42029200,"Cases and containers, nes, with outer surf  ce ofplastic or textiles.",Finland,PCS,1014.0,879.4,0.000879
42029200,"Cases and containers, nes, with outer surf  ce ofplastic or textiles.",France,PCS,240.0,218.15666,0.000218
42029200,"Cases and containers, nes, with outer surf  ce ofplastic or textiles.",Germany,PCS,849.0,297.52286,0.000298
42029200,"Cases and containers, nes, with outer surf  ce ofplastic or textiles.",Greece,PCS,6000.0,202.262,0.000202
42029200,"Cases and containers, nes, with outer surf  ce ofplastic or textiles.",Hong Kong,PCS,37073.0,2420.75892,0.002421
42029200,"Cases and containers, nes, with outer surf  ce ofplastic or textiles.",India,PCS,60.0,277.22864,0.000277
42029200,"Cases and containers, nes, with outer surf  ce ofplastic or textiles.",Italy,PCS,170.0,8.98208,9e-06
42029200,"Cases and containers, nes, with outer surf  ce ofplastic or textiles.",Japan,PCS,40006.0,12831.3357,0.012831
42029200,"Cases and containers, nes, with outer surf  ce ofplastic or textiles.","Korea, Republic of",PCS,4548.0,1078.2629,0.001078
42029200,"Cases and containers, nes, with outer surf  ce ofplastic or textiles.",Malaysia,PCS,272.0,84.1018,8.4e-05
42029200,"Cases and containers, nes, with outer surf  ce ofplastic or textiles.",Netherlands,PCS,4383.0,559.08205,0.000559
42029200,"Cases and containers, nes, with outer surf  ce ofplastic or textiles.",Pakistan,PCS,43.0,7.61625,8e-06
42029200,"Cases and containers, nes, with outer surf  ce ofplastic or textiles.",Poland,PCS,201.0,44.11602,4.4e-05
42029200,"Cases and containers, nes, with outer surf  ce ofplastic or textiles.",Saudi Arabia,PCS,95.0,18.3684,1.8e-05
42029200,"Cases and containers, nes, with outer surf  ce ofplastic or textiles.",South Africa,PCS,2164.0,401.68938,0.000402
42029200,"Cases and containers, nes, with outer surf  ce ofplastic or textiles.",Spain,PCS,691.0,332.33509,0.000332
42029200,"Cases and containers, nes, with outer surf  ce ofplastic or textiles.",Sweden,PCS,1266.0,315.64112,0.000316
42029200,"Cases and containers, nes, with outer surf  ce ofplastic or textiles.",Thailand,PCS,9.0,3.8465,4e-06
42029200,"Cases and containers, nes, with outer surf  ce ofplastic or textiles.",Turkmenistan,PCS,2.0,106.869,0.000107
42029200,"Cases and containers, nes, with outer surf  ce ofplastic or textiles.",United Arab Emirates,PCS,3681.0,419.03401,0.000419
42029200,"Cases and containers, nes, with outer surf  ce ofplastic or textiles.",United Kingdom,PCS,33303.0,6318.69154,0.006319
42029200,"Cases and containers, nes, with outer surf  ce ofplastic or textiles.",United Republic of Tanzania,PCS,30.0,37.0104,3.7e-05
42029200,"Cases and containers, nes, with outer surf  ce ofplastic or textiles.",United States,PCS,32796.0,20939.59357,0.02094
42029200,"Cases and containers, nes, with outer surf  ce ofplastic or textiles.",Viet Nam,PCS,4.0,3.79075,4e-06
42029990,"Cases and containers, nes, with outer surf  ce of other materials, nes",China,PCS,1360.0,283.0,0.000283
42029990,"Cases and containers, nes, with outer surf  ce of other materials, nes",Japan,PCS,30.0,19.8471,2e-05
44012110,Coniferous wood in chips or particles,India,Kg,516876.0,20675.04,0.020675
44014100,Sawdust,India,Kg,17730.0,63.6816,6.4e-05
44081000,"Coniferous veneer sheets and sheets for pl  wood, etc, =<6mm thick",India,FTK,6026520.0,84973.9136,0.084974
44089000,"Veneer sheets and sheets for plywood and o  her wood, =<6mm thick, nes",India,FTK,19221835.0,391913.97523,0.391914
44123100,With at least one outer ply of tropical woo  specified in Subhead. Note 2 to this,India,MTQ,437593.67436,514993.85965,0.514994
44123900,Other plywood consisting solely of sheets   f wood,India,MTQ,384.866006,8157.53505,0.008158
44129900,"Other, with both outer plies of coniferous wood",India,Kg,20675862.869446,895945.46616,0.895945
44151000,"Cases, boxes, crates, drums and similar pa  kings of wood; cable-drums",Australia,PCS,3.0,145.6692,0.000146
44151000,"Cases, boxes, crates, drums and similar pa  kings of wood; cable-drums",Chile,PCS,179.0,840.51,0.000841
44151000,"Cases, boxes, crates, drums and similar pa  kings of wood; cable-drums",Denmark,PCS,1.0,12.29728,1.2e-05
44151000,"Cases, boxes, crates, drums and similar pa  kings of wood; cable-drums",France,PCS,132.0,193.8878,0.000194
44151000,"Cases, boxes, crates, drums and similar pa  kings of wood; cable-drums",Netherlands,PCS,70.0,78.83105,7.9e-05
44151000,"Cases, boxes, crates, drums and similar pa  kings of wood; cable-drums",United Kingdom,PCS,16.0,123.69668,0.000124
44151000,"Cases, boxes, crates, drums and similar pa  kings of wood; cable-drums",United States,PCS,965.0,167.83901,0.000168
44152000,"Pallets, box pallets and other load boards  of wood; pallet collars of wood",Japan,PCS,27.0,13.89934,1.4e-05
44181900,"Windows, French-windows and their frames of Other wood",Viet Nam,PCS,3.0,11.56575,1.2e-05
44182900,Doors and their frames and thresholds of Other wood,India,PCS,4199.0,3641.3795,0.003641
44189900,"Other Builders' joinery&carpentry, panels, flooring, shingles&shakes (exl bamboo&wood",China,Kg,5798.0,467.0931,0.000467
44189900,"Other Builders' joinery&carpentry, panels, flooring, shingles&shakes (exl bamboo&wood",United Kingdom,Kg,8.0,0.98839,1e-06
44189900,"Other Builders' joinery&carpentry, panels, flooring, shingles&shakes (exl bamboo&wood",United States,Kg,200.0,84.5901,8.5e-05
44199000,Tableware and kitchenware of other wood,China,Kg,595.0,43.251,4.3e-05
44199000,Tableware and kitchenware of other wood,"Taiwan, Province of China",Kg,3.0,0.7603,1e-06
44199000,Tableware and kitchenware of other wood,United States,Kg,315.0,162.17459,0.000162
44209000,"Wood marquetry, inlaid wood; caskets & cases for jewellery a similar article of wood",France,Kg,8.0,6.17929,6e-06
44209000,"Wood marquetry, inlaid wood; caskets & cases for jewellery a similar article of wood",Germany,Kg,10.0,77.58225,7.8e-05
44209000,"Wood marquetry, inlaid wood; caskets & cases for jewellery a similar article of wood",Netherlands,Kg,90.0,7.09366,7e-06
44209000,"Wood marquetry, inlaid wood; caskets & cases for jewellery a similar article of wood","Taiwan, Province of China",Kg,250.0,324.58738,0.000325
44209000,"Wood marquetry, inlaid wood; caskets & cases for jewellery a similar article of wood",United Kingdom,Kg,200.0,20.51138,2.1e-05
44209000,"Wood marquetry, inlaid wood; caskets & cases for jewellery a similar article of wood",United States,Kg,140.0,173.6217,0.000174
44211000,Clothes hangers of wood,France,Kg,26.0,34.8,3.5e-05
44219110,"Spools, bobbins, reels and the like Of bamboo",Australia,Kg,8.0,8.0,8e-06
44219110,"Spools, bobbins, reels and the like Of bamboo",United Kingdom,Kg,1.4,3.0326,3e-06
44219910,"Spools, bobbins, reels and the like of wood",Canada,Kg,90.0,100.23622,0.0001
44219990,Others article of wood,Australia,Kg,0.12,0.3,0.0
44219990,Others article of wood,Austria,Kg,232.0,263.34,0.000263
44219990,Others article of wood,China,Kg,7419.0,1006.25477,0.001006
44219990,Others article of wood,Hong Kong,Kg,115.0,268.82257,0.000269
44219990,Others article of wood,Italy,Kg,120.0,428.36431,0.000428
44219990,Others article of wood,"Korea, Republic of",Kg,0.035,0.15,0.0
44219990,Others article of wood,Philippines,Kg,0.2,0.5,0.0
44219990,Others article of wood,"Taiwan, Province of China",Kg,52.0,215.894,0.000216
44219990,Others article of wood,United Kingdom,Kg,8.0,2.31315,2e-06
44219990,Others article of wood,United States,Kg,221.57,249.01492,0.000249
44219990,Others article of wood,Viet Nam,Kg,180.0,60.6081,6.1e-05
46021100,"Basket work, wicker work & other articles   f bamboo",United Arab Emirates,PCS,60.0,8.79379,9e-06
46021100,"Basket work, wicker work & other articles   f bamboo",United States,PCS,345.0,219.1532,0.000219
47071000,Unbleached kraft paper or paperboard or co  rugated paper or paperboard,"Taiwan, Province of China",Kg,25.0,7.612,8e-06
48021000,Hand-made paper and paperboard,Australia,Kg,7992.6,6010.05565,0.00601
48021000,Hand-made paper and paperboard,Austria,Kg,335.0,2075.07787,0.002075
48021000,Hand-made paper and paperboard,Belgium,Kg,11.0,8.60559,9e-06
48021000,Hand-made paper and paperboard,Bhutan,Kg,5196.890015,2607.60771,0.002608
48021000,Hand-made paper and paperboard,Canada,Kg,81.0,600.7491,0.000601
48021000,Hand-made paper and paperboard,Chile,Kg,8.0,0.53788,1e-06
48021000,Hand-made paper and paperboard,China,Kg,4463.5,642.24162,0.000642
48021000,Hand-made paper and paperboard,Costa Rica,Kg,48.0,1048.8285,0.001049
48021000,Hand-made paper and paperboard,Czech Republic,Kg,65.0,4.1811,4e-06
48021000,Hand-made paper and paperboard,Denmark,Kg,97.0,779.19381,0.000779
48021000,Hand-made paper and paperboard,Ecuador,Kg,125.0,34.48534,3.4e-05
48021000,Hand-made paper and paperboard,France,Kg,802.0,3814.52792,0.003815
48021000,Hand-made paper and paperboard,Germany,Kg,2339.0,8268.89757,0.008269
48021000,Hand-made paper and paperboard,Hong Kong,Kg,1711.9,3381.93088,0.003382
48021000,Hand-made paper and paperboard,India,Kg,3125.549999,993.83929,0.000994
48021000,Hand-made paper and paperboard,Italy,Kg,38.0,88.66408,8.9e-05
48021000,Hand-made paper and paperboard,Japan,Kg,9173.0,26489.21659,0.026489
48021000,Hand-made paper and paperboard,"Korea, Republic of",Kg,14.67,218.8539,0.000219
48021000,Hand-made paper and paperboard,Malaysia,Kg,247.6,159.75937,0.00016
48021000,Hand-made paper and paperboard,Netherlands,Kg,755.0,2351.00069,0.002351
48021000,Hand-made paper and paperboard,Singapore,Kg,0.7,126.0832,0.000126
48021000,Hand-made paper and paperboard,Slovakia,Kg,400.0,1223.34938,0.001223
48021000,Hand-made paper and paperboard,Spain,Kg,159.0,1244.03524,0.001244
48021000,Hand-made paper and paperboard,Sweden,Kg,1043.0,2353.07475,0.002353
48021000,Hand-made paper and paperboard,Switzerland,Kg,680.5,4004.98312,0.004005
48021000,Hand-made paper and paperboard,Thailand,Kg,32.0,30.80511,3.1e-05
48021000,Hand-made paper and paperboard,Turkey,Kg,75.0,541.30988,0.000541
48021000,Hand-made paper and paperboard,United Arab Emirates,Kg,41285.259998,10747.31766,0.010747
48021000,Hand-made paper and paperboard,United Kingdom,Kg,18895.5,31663.51899,0.031664
48021000,Hand-made paper and paperboard,United States,Kg,6520.02,32855.12591,0.032855
48021000,Hand-made paper and paperboard,Viet Nam,Kg,280.0,51.36068,5.1e-05
48024000,"Wallpaper base, uncoated, in rolls or shee  s",United Kingdom,Kg,1.0,1.5241,2e-06
48025700,Other paper & paperboard weighing 40 g/m2   r more but not more than 150 g/m2,Australia,Kg,0.2,0.25,0.0
48025700,Other paper & paperboard weighing 40 g/m2   r more but not more than 150 g/m2,India,Kg,90062.699219,7925.15712,0.007925
48026100,"Paper (>10% of mechanical fibres), unco ate , in rolls, nes.",India,Kg,183460.0,13066.59524,0.013067
48026200,Paperin sheets with one side >= 435mm an d  ther side <= 297mm in the unfolded s.,Japan,Kg,1.0,0.8,1e-06
48059300,"Other paper, weighing 225 g/m2 or more",India,Kg,1496527.397461,75787.48342,0.075787
48089000,"Paper and paperboard, corrugated, creped,   tc, in rolls or sheets, nes",India,Kg,0.01,0.1,0.0
48109900,"Other paper and paperboard, nes",India,Kg,142545.100098,9083.43186,0.009083
48201000,"Registers,accbooks,note books,order&recei p  books,letpad,memopadofpaper,pap.",United Kingdom,Kg,38.0,5.17974,5e-06
48201000,"Registers,accbooks,note books,order&recei p  books,letpad,memopadofpaper,pap.",United States,Kg,45.0,262.0744,0.000262
48209000,"Blotting pads, book covers and other artic  es of stationery of paper or paperboa",Switzerland,Kg,15.0,9.94375,1e-05
48236900,"Other - Trays, dishes, plates, cups & the   ike of paper or paperboard",India,Kg,153926.0,9626.58487,0.009627
48236900,"Other - Trays, dishes, plates, cups & the   ike of paper or paperboard",Japan,Kg,68.0,52.98288,5.3e-05
48239000,"Paper and paperboard, cut to size and arti  les of paper, etc, nes",China,Kg,855.0,92.8534,9.3e-05
49011000,"Printed books,brochures,leaflets&similar p  inted matter,in single sheets, whethe",Australia,PCS,490.0,330.2092,0.00033
49011000,"Printed books,brochures,leaflets&similar p  inted matter,in single sheets, whethe",France,PCS,1.0,2.0,2e-06
49011000,"Printed books,brochures,leaflets&similar p  inted matter,in single sheets, whethe",India,PCS,11335.0,2030.454,0.00203
49011000,"Printed books,brochures,leaflets&similar p  inted matter,in single sheets, whethe",Italy,PCS,2.0,3.6,4e-06
49011000,"Printed books,brochures,leaflets&similar p  inted matter,in single sheets, whethe",Japan,PCS,377.0,189.77369,0.00019
49011000,"Printed books,brochures,leaflets&similar p  inted matter,in single sheets, whethe","Korea, Republic of",PCS,8.0,6.385,6e-06
49011000,"Printed books,brochures,leaflets&similar p  inted matter,in single sheets, whethe",Malaysia,PCS,14.0,13.10712,1.3e-05
49011000,"Printed books,brochures,leaflets&similar p  inted matter,in single sheets, whethe",New Zealand,PCS,71.0,26.35595,2.6e-05
49011000,"Printed books,brochures,leaflets&similar p  inted matter,in single sheets, whethe",Norway,PCS,1.0,0.9,1e-06
49011000,"Printed books,brochures,leaflets&similar p  inted matter,in single sheets, whethe",Sri Lanka,PCS,1.0,1.52,2e-06
49011000,"Printed books,brochures,leaflets&similar p  inted matter,in single sheets, whethe",Switzerland,PCS,3.0,0.564,1e-06
49011000,"Printed books,brochures,leaflets&similar p  inted matter,in single sheets, whethe",Turkey,PCS,14.0,9.625,1e-05
49011000,"Printed books,brochures,leaflets&similar p  inted matter,in single sheets, whethe",United Arab Emirates,PCS,34.0,17.445,1.7e-05
49011000,"Printed books,brochures,leaflets&similar p  inted matter,in single sheets, whethe",United Kingdom,PCS,42.0,17.771,1.8e-05
49019900,"Printed books, brochures, leaflets and similar printed matter, nes",Australia,PCS,382.0,246.77854,0.000247
49019900,"Printed books, brochures, leaflets and similar printed matter, nes",Bangladesh,PCS,3.0,3.5,3e-06
49019900,"Printed books, brochures, leaflets and similar printed matter, nes",Germany,PCS,84.0,72.80432,7.3e-05
49019900,"Printed books, brochures, leaflets and similar printed matter, nes",Hong Kong,PCS,24.0,16.5,1.7e-05
49019900,"Printed books, brochures, leaflets and similar printed matter, nes",India,PCS,22.0,11.334,1.1e-05
49019900,"Printed books, brochures, leaflets and similar printed matter, nes",Italy,PCS,1.0,0.25,0.0
49019900,"Printed books, brochures, leaflets and similar printed matter, nes",Japan,PCS,422.0,196.32321,0.000196
49019900,"Printed books, brochures, leaflets and similar printed matter, nes","Korea, Republic of",PCS,44.0,36.997,3.7e-05
49019900,"Printed books, brochures, leaflets and similar printed matter, nes",Malaysia,PCS,146.0,48.93896,4.9e-05
49019900,"Printed books, brochures, leaflets and similar printed matter, nes",Norway,PCS,21.0,4.5,5e-06
49019900,"Printed books, brochures, leaflets and similar printed matter, nes",Switzerland,PCS,85.0,53.45,5.3e-05
49019900,"Printed books, brochures, leaflets and similar printed matter, nes",Thailand,PCS,200.0,22.70313,2.3e-05
49019900,"Printed books, brochures, leaflets and similar printed matter, nes",United Arab Emirates,PCS,14.0,6.817,7e-06
49019900,"Printed books, brochures, leaflets and similar printed matter, nes",United Kingdom,PCS,48.0,28.902,2.9e-05
49019900,"Printed books, brochures, leaflets and similar printed matter, nes",United States,PCS,34.0,29.78397,3e-05
49029000,"Newspapers, journals and periodicals, appe  ring less than four times a week.",Japan,Kg,0.268,0.9114,1e-06
49059000,"Maps and hydrographic or similar charts of all kinds, atlases, etc not in book form",New Zealand,Kg,0.2,1.5,2e-06
49070090,"Unused postage, stamp-impressed paper;  ban  note, stock, share, cheque forms,",United Kingdom,Kg,34.0,1.37619,1e-06
49090000,"Printed or illustrated postcards; printed   ards bearing greetings, messages etc.",Germany,PCS,3812.0,632.42923,0.000632
49090000,"Printed or illustrated postcards; printed   ards bearing greetings, messages etc.",United Kingdom,PCS,17.0,3.92178,4e-06
49111000,"Trade advertising material, commercial cat  logues and the like",Japan,Kg,190.0,88.55073,8.9e-05
49111000,"Trade advertising material, commercial cat  logues and the like",Saudi Arabia,Kg,29.0,15.224,1.5e-05
49111000,"Trade advertising material, commercial cat  logues and the like",United Kingdom,Kg,18.0,3.8465,4e-06
49111000,"Trade advertising material, commercial cat  logues and the like",United States,Kg,14.0,0.7603,1e-06
49119100,"Pictures, designs and photographs   .",Australia,Kg,20.5,21.0941,2.1e-05
49119100,"Pictures, designs and photographs   .",China,Kg,0.355,3.058,3e-06
49119100,"Pictures, designs and photographs   .",Japan,Kg,10.9,12.3963,1.2e-05
49119100,"Pictures, designs and photographs   .","Korea, Republic of",Kg,0.94,3.5,3e-06
49119100,"Pictures, designs and photographs   .",United States,Kg,25.0,11.424,1.1e-05
49119990,Other Printed Materials  .,Australia,Kg,4.0,4.6263,5e-06
49119990,Other Printed Materials  .,Hong Kong,Kg,0.05,0.2,0.0
49119990,Other Printed Materials  .,India,Kg,8.0,5.001,5e-06
49119990,Other Printed Materials  .,Japan,Kg,4.5,13.35264,1.3e-05
49119990,Other Printed Materials  .,"Korea, Republic of",Kg,1.0,2.7,3e-06
49119990,Other Printed Materials  .,Qatar,Kg,0.5,2.0,2e-06
49119990,Other Printed Materials  .,United Kingdom,Kg,7.5,6.0,6e-06
51071000,"Yarn of combed wool, not put up for retail  sale, with >=85% weight of wool",India,Kg,1373.0,1539.36,0.001539
51072000,"Yarn of combed wool, not put up for retail  sale, with <85% weight of wool",India,Kg,547.0,711.53763,0.000712
51091090,"otherYarn of wool, with>=85% weight of wool or of fine animal hair, put up for retail",United States,Kg,15.0,79.8138,8e-05
52062200,"Combed single cotton yarn, with <85% cotto  , nprs, >14mn but <=43mn.","Korea, Republic of",Kg,4012.0,3918.023,0.003918
52111100,"Unbleached plain cotton weave, with <85% c  tton, >200g/m2 by weight",China,SQM,655.0,99.7172,0.0001
53021000,"True hemp, raw or retted  .",Netherlands,Kg,120.0,35.176,3.5e-05
53072000,Multiple or cabled yarn of jute or of othe   textile bast fibres of heading 5303.,India,Kg,875530.0,200933.33866,0.200933
53081000,Coir yarn of other vegetable textile fibre,India,Kg,2115.0,2131.28,0.002131
53082000,True hemp yarn of other vegetable textile   ibres,India,Kg,1102.649994,633.61519,0.000634
53082000,True hemp yarn of other vegetable textile   ibres,United States,Kg,15.0,29.051,2.9e-05
53089000,"Yarn of vegetable textile fibres, nes",India,Kg,737.87001,989.69431,0.00099
53101000,Unbleached woven fabrics of jute or of oth  r textile bast fibre of heading 5303.,India,SQM,29957141.0,2234995.86185,2.234996
54023400,"Textured yarn of polypropylene, nprs  .",India,Kg,194789.319824,56192.44849,0.056192
54026300,Of Polypropylene,India,Kg,11185.200195,3668.7455,0.003669
54072000,Woven fabrics obtained from synthetic stri   or the like,India,SQM,42626651.285156,737502.57762,0.737503
55012000,Synthetic filament tow of polyesters  .,India,Kg,3514.399902,1520.97612,0.001521
55051000,"Waste of synthetic fibre, (incl noils, ya r  waste and garnetted stock)",India,Kg,79080.0,4675.175,0.004675
55092100,"Single yarn, with >=85% polyester staple f  bres, nprs",India,Kg,5080389.701691,1296115.29701,1.296115
55092100,"Single yarn, with >=85% polyester staple f  bres, nprs",Turkey,Kg,21624.599609,6360.12,0.00636
55092200,"Multiple or cabled yarn, with >=85% polyes  er staple fibres, nprs",India,Kg,974743.599792,261787.76052,0.261788
55092200,"Multiple or cabled yarn, with >=85% polyes  er staple fibres, nprs",Turkey,Kg,23740.0,8596.539,0.008597
55093100,"Single yarn, with >=85% acrylic or modacry  ic staple fibres, nprs",India,Kg,224128.797363,118526.471,0.118526
55093200,"Multiple or cabled yarn, >=85% acrylic or   odacrylic staple fibres, nprs",India,Kg,305177.398499,129859.98716,0.12986
55095100,"Other yarn, <85% polyester staple fibres,   ith artificial staple fibres, nprs",India,Kg,3777006.803864,1168658.73763,1.168659
55095100,"Other yarn, <85% polyester staple fibres,   ith artificial staple fibres, nprs",Turkey,Kg,467435.201172,192169.07938,0.192169
55095200,"Other yarn, <85% polyester staple fibres,   ith wool or fine animal hair, nprs",India,Kg,49483.300095,16513.55451,0.016514
55095300,"Other yarn, <85% polyester staple fibres,   ixed with cotton, nprs",India,Kg,18162.200195,5204.22494,0.005204
55095900,"Other yarn, <85% polyester staple fibres,   es, nprs",India,Kg,222733.5,54974.6963,0.054975
55101100,"Single yarn (other than sewing thread), wi  h >=85% artificial staple fibres, npr",India,Kg,198920.700806,75639.72461,0.07564
55101200,"Multiple or cabled yarn, with >=85% artifi  ial staple fibres, nprs",India,Kg,196994.200684,81516.88237,0.081517
55109000,"Other yarn, with <85% artificial staple fi  res, nes, nprs",India,Kg,90372.899658,39961.97293,0.039962
56021000,Needleloom felt and stitch-bonded fibre fa  rics,Germany,Kg,3884.790039,8194.237,0.008194
56022100,"Felt of wool or fine animal hair (excl im p egnated, coated, etc)",Germany,Kg,6399.299805,13098.326,0.013098
56022100,"Felt of wool or fine animal hair (excl im p egnated, coated, etc)",India,Kg,4299.39999,8448.79795,0.008449
56022100,"Felt of wool or fine animal hair (excl im p egnated, coated, etc)",United States,Kg,26464.699707,34879.5881,0.03488
56022900,"Felt of textile materials (excl impregnat e , coated, etc)",France,Kg,30.0,583.12523,0.000583
56022900,"Felt of textile materials (excl impregnat e , coated, etc)",Germany,Kg,1655.0,3318.58925,0.003319
56029000,"other Felt, whether or not impregnated, coated, covered or laminated. nes  .",Australia,Kg,21975.240002,123432.10097,0.123432
56029000,"other Felt, whether or not impregnated, coated, covered or laminated. nes  .",Austria,Kg,1230.0,5976.10642,0.005976
56029000,"other Felt, whether or not impregnated, coated, covered or laminated. nes  .",Belgium,Kg,335.0,1758.70756,0.001759
56029000,"other Felt, whether or not impregnated, coated, covered or laminated. nes  .",Canada,Kg,8015.720001,43643.87821,0.043644
56029000,"other Felt, whether or not impregnated, coated, covered or laminated. nes  .",China,Kg,26199.240031,24979.05407,0.024979
56029000,"other Felt, whether or not impregnated, coated, covered or laminated. nes  .",Colombia,Kg,5.0,251.23331,0.000251
56029000,"other Felt, whether or not impregnated, coated, covered or laminated. nes  .",Czech Republic,Kg,115.0,462.22219,0.000462
56029000,"other Felt, whether or not impregnated, coated, covered or laminated. nes  .",Denmark,Kg,27999.840027,135088.87211,0.135089
56029000,"other Felt, whether or not impregnated, coated, covered or laminated. nes  .",El Salvador,Kg,189.0,864.19281,0.000864
56029000,"other Felt, whether or not impregnated, coated, covered or laminated. nes  .",Estonia,Kg,1000.0,3087.87225,0.003088
56029000,"other Felt, whether or not impregnated, coated, covered or laminated. nes  .",Finland,Kg,279.0,419.18015,0.000419
56029000,"other Felt, whether or not impregnated, coated, covered or laminated. nes  .",France,Kg,7629.0,31512.94454,0.031513
56029000,"other Felt, whether or not impregnated, coated, covered or laminated. nes  .",Germany,Kg,38410.965004,168169.17094,0.168169
56029000,"other Felt, whether or not impregnated, coated, covered or laminated. nes  .",Hong Kong,Kg,1738.0,2750.14875,0.00275
56029000,"other Felt, whether or not impregnated, coated, covered or laminated. nes  .",Hungary,Kg,5.0,68.805,6.9e-05
56029000,"other Felt, whether or not impregnated, coated, covered or laminated. nes  .",Iceland,Kg,1106.0,6861.12445,0.006861
56029000,"other Felt, whether or not impregnated, coated, covered or laminated. nes  .",India,Kg,240.0,66.577,6.7e-05
56029000,"other Felt, whether or not impregnated, coated, covered or laminated. nes  .",Indonesia,Kg,1110.0,2220.88925,0.002221
56029000,"other Felt, whether or not impregnated, coated, covered or laminated. nes  .",Ireland,Kg,1724.52,10515.09569,0.010515
56029000,"other Felt, whether or not impregnated, coated, covered or laminated. nes  .",Italy,Kg,5268.995117,22036.11018,0.022036
56029000,"other Felt, whether or not impregnated, coated, covered or laminated. nes  .",Japan,Kg,6926.0,27503.13858,0.027503
56029000,"other Felt, whether or not impregnated, coated, covered or laminated. nes  .","Korea, Republic of",Kg,6224.580078,13112.58253,0.013113
56029000,"other Felt, whether or not impregnated, coated, covered or laminated. nes  .",Latvia,Kg,420.0,595.96022,0.000596
56029000,"other Felt, whether or not impregnated, coated, covered or laminated. nes  .",Malaysia,Kg,680.0,145.25809,0.000145
56029000,"other Felt, whether or not impregnated, coated, covered or laminated. nes  .",Maldives,Kg,2070.0,121.12866,0.000121
56029000,"other Felt, whether or not impregnated, coated, covered or laminated. nes  .",Mexico,Kg,136.800003,1142.65057,0.001143
56029000,"other Felt, whether or not impregnated, coated, covered or laminated. nes  .",Mongolia,Kg,172.0,414.91987,0.000415
56029000,"other Felt, whether or not impregnated, coated, covered or laminated. nes  .",Netherlands,Kg,14989.0,52766.882,0.052767
56029000,"other Felt, whether or not impregnated, coated, covered or laminated. nes  .",New Zealand,Kg,2280.5,6449.62113,0.00645
56029000,"other Felt, whether or not impregnated, coated, covered or laminated. nes  .",Norway,Kg,3639.86998,13817.23913,0.013817
56029000,"other Felt, whether or not impregnated, coated, covered or laminated. nes  .",Poland,Kg,2897.849976,20251.23897,0.020251
56029000,"other Felt, whether or not impregnated, coated, covered or laminated. nes  .",Portugal,Kg,90.0,33.53196,3.4e-05
56029000,"other Felt, whether or not impregnated, coated, covered or laminated. nes  .",Slovakia,Kg,1700.0,2618.632,0.002619
56029000,"other Felt, whether or not impregnated, coated, covered or laminated. nes  .",South Africa,Kg,210.0,254.92454,0.000255
56029000,"other Felt, whether or not impregnated, coated, covered or laminated. nes  .",Spain,Kg,3924.130028,10781.1009,0.010781
56029000,"other Felt, whether or not impregnated, coated, covered or laminated. nes  .",Sweden,Kg,8745.539978,39855.01575,0.039855
56029000,"other Felt, whether or not impregnated, coated, covered or laminated. nes  .",Switzerland,Kg,1715.0,7354.64717,0.007355
56029000,"other Felt, whether or not impregnated, coated, covered or laminated. nes  .","Taiwan, Province of China",Kg,2372.720001,9554.39031,0.009554
56029000,"other Felt, whether or not impregnated, coated, covered or laminated. nes  .",United Arab Emirates,Kg,2913.0,1043.74343,0.001044
56029000,"other Felt, whether or not impregnated, coated, covered or laminated. nes  .",United Kingdom,Kg,27405.569999,104229.96203,0.10423
56029000,"other Felt, whether or not impregnated, coated, covered or laminated. nes  .",United States,Kg,130690.970005,509011.52767,0.509012
56029000,"other Felt, whether or not impregnated, coated, covered or laminated. nes  .",Viet Nam,Kg,48.0,137.403,0.000137
56072900,"Twine, cordage, rope and cables, of sisal,  etc, of the genus agave, nes.",Australia,PCS,9.0,0.84,1e-06
56072900,"Twine, cordage, rope and cables, of sisal,  etc, of the genus agave, nes.",India,PCS,18.0,3.05,3e-06
56074900,"Twine, cordage, rope and cables, of polyet  ylene or polypropylene",China,Kg,160.0,25.3792,2.5e-05
56074900,"Twine, cordage, rope and cables, of polyet  ylene or polypropylene",India,Kg,68335.399414,16214.4765,0.016214
57011000,"Carpets and other textile floor coverings,  of wool or fine animal hair, knotted.",Argentina,SQM,25.57,946.11811,0.000946
57011000,"Carpets and other textile floor coverings,  of wool or fine animal hair, knotted.",Australia,SQM,1098.439998,43346.20642,0.043346
57011000,"Carpets and other textile floor coverings,  of wool or fine animal hair, knotted.",Austria,SQM,107.170002,4325.18566,0.004325
57011000,"Carpets and other textile floor coverings,  of wool or fine animal hair, knotted.",Belgium,SQM,1328.849997,33567.71114,0.033568
57011000,"Carpets and other textile floor coverings,  of wool or fine animal hair, knotted.",Brazil,SQM,279.900006,5098.17695,0.005098
57011000,"Carpets and other textile floor coverings,  of wool or fine animal hair, knotted.",Brunei Darussalam,SQM,2.82,114.18681,0.000114
57011000,"Carpets and other textile floor coverings,  of wool or fine animal hair, knotted.",Bulgaria,SQM,3.87,94.77109,9.5e-05
57011000,"Carpets and other textile floor coverings,  of wool or fine animal hair, knotted.",Canada,SQM,406.060005,20269.47471,0.020269
57011000,"Carpets and other textile floor coverings,  of wool or fine animal hair, knotted.",China,SQM,3202.988993,35087.17231,0.035087
57011000,"Carpets and other textile floor coverings,  of wool or fine animal hair, knotted.",Czech Republic,SQM,48.420001,415.35856,0.000415
57011000,"Carpets and other textile floor coverings,  of wool or fine animal hair, knotted.",Finland,SQM,96.29,4045.16996,0.004045
57011000,"Carpets and other textile floor coverings,  of wool or fine animal hair, knotted.",France,SQM,1467.322005,67722.65255,0.067723
57011000,"Carpets and other textile floor coverings,  of wool or fine animal hair, knotted.",Georgia,SQM,9.93,1175.2375,0.001175
57011000,"Carpets and other textile floor coverings,  of wool or fine animal hair, knotted.",Germany,SQM,2041.899995,74079.76246,0.07408
57011000,"Carpets and other textile floor coverings,  of wool or fine animal hair, knotted.",Hong Kong,SQM,377.02,3534.43699,0.003534
57011000,"Carpets and other textile floor coverings,  of wool or fine animal hair, knotted.",Ireland,SQM,21.74,712.56044,0.000713
57011000,"Carpets and other textile floor coverings,  of wool or fine animal hair, knotted.",Israel,SQM,21.700001,473.96482,0.000474
57011000,"Carpets and other textile floor coverings,  of wool or fine animal hair, knotted.",Italy,SQM,1872.69999,66952.90093,0.066953
57011000,"Carpets and other textile floor coverings,  of wool or fine animal hair, knotted.",Japan,SQM,105.749997,5932.59894,0.005933
57011000,"Carpets and other textile floor coverings,  of wool or fine animal hair, knotted.","Korea, Republic of",SQM,45.75,1864.93688,0.001865
57011000,"Carpets and other textile floor coverings,  of wool or fine animal hair, knotted.",Kyrgyzstan,SQM,19.41,1036.62019,0.001037
57011000,"Carpets and other textile floor coverings,  of wool or fine animal hair, knotted.",Latvia,SQM,43.93,1941.39,0.001941
57011000,"Carpets and other textile floor coverings,  of wool or fine animal hair, knotted.",Lebanon,SQM,33.0,1471.31462,0.001471
57011000,"Carpets and other textile floor coverings,  of wool or fine animal hair, knotted.",Mexico,SQM,171.440004,7894.07425,0.007894
57011000,"Carpets and other textile floor coverings,  of wool or fine animal hair, knotted.",Netherlands,SQM,142.240002,5285.03131,0.005285
57011000,"Carpets and other textile floor coverings,  of wool or fine animal hair, knotted.",New Zealand,SQM,93.159999,3650.10079,0.00365
57011000,"Carpets and other textile floor coverings,  of wool or fine animal hair, knotted.",Oman,SQM,74.850002,2067.79093,0.002068
57011000,"Carpets and other textile floor coverings,  of wool or fine animal hair, knotted.",Philippines,SQM,12.41,720.78025,0.000721
57011000,"Carpets and other textile floor coverings,  of wool or fine animal hair, knotted.",Russian Federation,SQM,167.569998,3264.94132,0.003265
57011000,"Carpets and other textile floor coverings,  of wool or fine animal hair, knotted.",Singapore,SQM,79.63,4073.32306,0.004073
57011000,"Carpets and other textile floor coverings,  of wool or fine animal hair, knotted.",South Africa,SQM,70.570001,2558.84937,0.002559
57011000,"Carpets and other textile floor coverings,  of wool or fine animal hair, knotted.",Spain,SQM,285.08,10106.75193,0.010107
57011000,"Carpets and other textile floor coverings,  of wool or fine animal hair, knotted.",Sweden,SQM,81.449999,2060.45671,0.00206
57011000,"Carpets and other textile floor coverings,  of wool or fine animal hair, knotted.",Switzerland,SQM,273.749999,11623.33383,0.011623
57011000,"Carpets and other textile floor coverings,  of wool or fine animal hair, knotted.","Taiwan, Province of China",SQM,51.18,1893.37337,0.001893
57011000,"Carpets and other textile floor coverings,  of wool or fine animal hair, knotted.",Thailand,SQM,2.0,175.79,0.000176
57011000,"Carpets and other textile floor coverings,  of wool or fine animal hair, knotted.",Turkey,SQM,29.629999,249.63723,0.00025
57011000,"Carpets and other textile floor coverings,  of wool or fine animal hair, knotted.",United Arab Emirates,SQM,1038.889995,17762.86174,0.017763
57011000,"Carpets and other textile floor coverings,  of wool or fine animal hair, knotted.",United Kingdom,SQM,2953.958811,118314.7588,0.118315
57011000,"Carpets and other textile floor coverings,  of wool or fine animal hair, knotted.",United States,SQM,32773.682937,1200529.19115,1.200529
57011000,"Carpets and other textile floor coverings,  of wool or fine animal hair, knotted.",Uzbekistan,SQM,14.04,1059.17763,0.001059
57019000,"Carpets and other textile floor coverings,  of other textiles, knotted",China,SQM,5421.260021,5227.32232,0.005227
57019000,"Carpets and other textile floor coverings,  of other textiles, knotted",Italy,SQM,36.41,1925.1655,0.001925
57019000,"Carpets and other textile floor coverings,  of other textiles, knotted",Japan,SQM,10.0,5.34065,5e-06
57019000,"Carpets and other textile floor coverings,  of other textiles, knotted",United Kingdom,SQM,19.360001,609.53612,0.00061
57019000,"Carpets and other textile floor coverings,  of other textiles, knotted",United States,SQM,46.290001,236.37506,0.000236
57022000,Floor coverings of coconut fibres (coir)  .,Germany,SQM,1.0,43.33212,4.3e-05
57024910,Carpets and floor covering of felt (Jamoth),India,SQM,257373.591129,120098.79861,0.120099
57024910,Carpets and floor covering of felt (Jamoth),Malaysia,SQM,4003.199951,2026.15025,0.002026
57024990,Carpets and floor covering of other textiles materials,Japan,SQM,2.0,18.2844,1.8e-05
57024990,Carpets and floor covering of other textiles materials,Thailand,SQM,2.0,12.1896,1.2e-05
57024990,Carpets and floor covering of other textiles materials,United Arab Emirates,SQM,2.0,6.93945,7e-06
57031000,Of wool or fine animal hair,United States,SQM,8085.77993,32209.54037,0.03221
57032100,Turf,India,SQM,25580.050444,7497.99089,0.007498
57033900,carpet & other textile floor coverings of other man-made textile materials,India,SQM,65682.439819,32451.37327,0.032451
57033900,carpet & other textile floor coverings of other man-made textile materials,Kenya,SQM,3158.5,4647.7595,0.004648
57033900,carpet & other textile floor coverings of other man-made textile materials,United States,SQM,3264.739998,11473.77057,0.011474
57039090,Other floor covering (excluding cotton) nes,China,SQM,6.0,5.02392,5e-06
57039090,Other floor covering (excluding cotton) nes,India,SQM,21004.0,8965.41157,0.008965
57039090,Other floor covering (excluding cotton) nes,Malaysia,SQM,5548.0,2548.82213,0.002549
57039090,Other floor covering (excluding cotton) nes,United States,SQM,2.1,7.28856,7e-06
58019000,"Woven pile and chenille fabrics of other t  xtiles, nes",China,SQM,1475.0,191.75,0.000192
59019000,"Tracing cloth; prepared painting canvas; b  ckram, etc",China,SQM,39936.0,3269.39569,0.003269
59039000,"Textile fabrics impregnated, coated covere   or laminated with plastics,nes",India,SQM,24939.0,1968.51841,0.001969
59080000,"Textile wicks, woven,plaited or knitted fo   lamps,stovesincandescent gas mantl",Australia,Kg,4.3,15.0,1.5e-05
61013000,"Men's or boys' coats, capes, cloaks, etc,   f man-made fibres, knitted or crochet",United States,PCS,2049.0,3199.086,0.003199
61019000,"Men's or boys' coats, capes, cloaks, etc,   f other textiles, knitted or crochete",Japan,PCS,81.0,258.97559,0.000259
61019000,"Men's or boys' coats, capes, cloaks, etc,   f other textiles, knitted or crochete",United Arab Emirates,PCS,2.0,5.0,5e-06
61021000,"Woman's or girls' coats, capes,cloaks,wind  jacket, etc, of wool, knitted or cr",Germany,PCS,4482.0,11821.34343,0.011821
61021000,"Woman's or girls' coats, capes,cloaks,wind  jacket, etc, of wool, knitted or cr",United States,PCS,4.0,147.37008,0.000147
61029000,"Woman's or girls' coats, capes, cloaks, et  , of other textiles, knitted or croch",United States,PCS,4.0,148.92784,0.000149
61032900,"Men's or boys' ensembles of other textiles   nes, knitted or crocheted",Ireland,PCS,658.0,452.83769,0.000453
61033100,"Men's or boys' jackets and blazers of wool  or fine animal hair, knitted or croch",Germany,PCS,76.0,2191.36844,0.002191
61033300,"Men's or boys' jackets & blazers of synthe  ic fibres, knitted or crocheted",Germany,PCS,1350.0,4885.515,0.004886
61033900,"Men's or boys' jackets & blazers of other   extiles, nes, knitted or crocheted",Japan,PCS,31.0,39.31528,3.9e-05
61033900,"Men's or boys' jackets & blazers of other   extiles, nes, knitted or crocheted",Maldives,PCS,4.0,5.22512,5e-06
61034100,"Men's or boys' trousers, bib & brace, shor  s, etc, of wool, knitted or crochet",Austria,PCS,1.0,17.65404,1.8e-05
61034100,"Men's or boys' trousers, bib & brace, shor  s, etc, of wool, knitted or crochet",Germany,PCS,106.0,1507.76673,0.001508
61034100,"Men's or boys' trousers, bib & brace, shor  s, etc, of wool, knitted or crochet",United States,PCS,74.0,1381.15626,0.001381
61034200,"Men's or boys' trousers, bib & brace, shor  s, etc, of cotton, knitted or crochet",Germany,PCS,2379.0,1781.75775,0.001782
61034200,"Men's or boys' trousers, bib & brace, shor  s, etc, of cotton, knitted or crochet",United States,PCS,242.0,337.09537,0.000337
61041900,"Women's or girls' suits of other textiles   aterials, nes, knitted or crocheted",Japan,PCS,2.0,1.524,2e-06
61042900,"Women's or girls' ensembles, of other text  les, knitted or crocheted",United Arab Emirates,PCS,1.0,5.001,5e-06
61043100,"Women's or girls' jackets & brazers of woo   or fine animal hair, knitted or croc",Australia,PCS,65.0,104.364,0.000104
61043100,"Women's or girls' jackets & brazers of woo   or fine animal hair, knitted or croc",Denmark,PCS,816.0,2338.831,0.002339
61043100,"Women's or girls' jackets & brazers of woo   or fine animal hair, knitted or croc",Netherlands,PCS,6529.0,31978.7748,0.031979
61043100,"Women's or girls' jackets & brazers of woo   or fine animal hair, knitted or croc",New Zealand,PCS,3393.0,8565.45437,0.008565
61044100,"Woman's or girls' dresses of wool or fine   nimal hair, knitted or crocheted.",Germany,PCS,102.0,2071.30123,0.002071
61044100,"Woman's or girls' dresses of wool or fine   nimal hair, knitted or crocheted.",United States,PCS,9.0,117.9561,0.000118
61044200,"Woman's or girls' dresses of cotton, knitt  d or crocheted",Canada,PCS,110.0,200.41916,0.0002
61044200,"Woman's or girls' dresses of cotton, knitt  d or crocheted",Hong Kong,PCS,90.0,474.96693,0.000475
61044200,"Woman's or girls' dresses of cotton, knitt  d or crocheted",United States,PCS,374.0,692.90278,0.000693
61045100,"Woman's or girls' skirts and divided skirt   of wool or fine hair, knitted or cro",Germany,PCS,73.0,908.09355,0.000908
61045100,"Woman's or girls' skirts and divided skirt   of wool or fine hair, knitted or cro","Korea, Republic of",PCS,20.0,366.216,0.000366
61045100,"Woman's or girls' skirts and divided skirt   of wool or fine hair, knitted or cro",United Kingdom,PCS,19.0,376.24606,0.000376
61045100,"Woman's or girls' skirts and divided skirt   of wool or fine hair, knitted or cro",United States,PCS,1.0,8.41296,8e-06
61046200,"Women's or girls' trousers, bib & brace, s  orts, etc, of cotton, knitted or croc",Canada,PCS,155.0,159.92577,0.00016
61046200,"Women's or girls' trousers, bib & brace, s  orts, etc, of cotton, knitted or croc",United Kingdom,PCS,28.0,474.17544,0.000474
61046200,"Women's or girls' trousers, bib & brace, s  orts, etc, of cotton, knitted or croc",United States,PCS,363.0,381.71584,0.000382
61059000,"Men's or boys' shirts of other textiles, n  s, knitted or crocheted",Netherlands,PCS,79.0,2069.72413,0.00207
61061000,"Women's or girls' blouses, shirts & shirt-  louses of cotton, knitted or crochete",Australia,PCS,3.0,2.90073,3e-06
61061000,"Women's or girls' blouses, shirts & shirt-  louses of cotton, knitted or crochete",Czech Republic,PCS,1155.0,605.96819,0.000606
61061000,"Women's or girls' blouses, shirts & shirt-  louses of cotton, knitted or crochete",Japan,PCS,36.0,14.2912,1.4e-05
61061000,"Women's or girls' blouses, shirts & shirt-  louses of cotton, knitted or crochete",United States,PCS,878.0,1478.33413,0.001478
61069000,"Women's or girls' blouses,shirt&shirt-blou  es of other textiles nes,knitted or c",Australia,PCS,279.0,216.0718,0.000216
61069000,"Women's or girls' blouses,shirt&shirt-blou  es of other textiles nes,knitted or c",Bangladesh,PCS,1.0,4.5489,5e-06
61069000,"Women's or girls' blouses,shirt&shirt-blou  es of other textiles nes,knitted or c",Brunei Darussalam,PCS,51.0,23.99052,2.4e-05
61069000,"Women's or girls' blouses,shirt&shirt-blou  es of other textiles nes,knitted or c",Germany,PCS,432.0,6435.82991,0.006436
61069000,"Women's or girls' blouses,shirt&shirt-blou  es of other textiles nes,knitted or c",India,PCS,20.0,4.9,5e-06
61069000,"Women's or girls' blouses,shirt&shirt-blou  es of other textiles nes,knitted or c",Japan,PCS,2536.0,999.41793,0.000999
61069000,"Women's or girls' blouses,shirt&shirt-blou  es of other textiles nes,knitted or c",Malaysia,PCS,18.0,9.78048,1e-05
61069000,"Women's or girls' blouses,shirt&shirt-blou  es of other textiles nes,knitted or c",Maldives,PCS,86.0,45.04923,4.5e-05
61069000,"Women's or girls' blouses,shirt&shirt-blou  es of other textiles nes,knitted or c",New Zealand,PCS,65.0,38.38547,3.8e-05
61069000,"Women's or girls' blouses,shirt&shirt-blou  es of other textiles nes,knitted or c",Qatar,PCS,733.0,583.04803,0.000583
61069000,"Women's or girls' blouses,shirt&shirt-blou  es of other textiles nes,knitted or c",Singapore,PCS,58.0,16.41276,1.6e-05
61069000,"Women's or girls' blouses,shirt&shirt-blou  es of other textiles nes,knitted or c",Sri Lanka,PCS,79.0,22.0226,2.2e-05
61069000,"Women's or girls' blouses,shirt&shirt-blou  es of other textiles nes,knitted or c",Thailand,PCS,45.0,33.08834,3.3e-05
61069000,"Women's or girls' blouses,shirt&shirt-blou  es of other textiles nes,knitted or c",United Arab Emirates,PCS,107.0,80.18517,8e-05
61069000,"Women's or girls' blouses,shirt&shirt-blou  es of other textiles nes,knitted or c",United States,PCS,1.0,16.65065,1.7e-05
61089900,"Women's or girls' dressing gowns of oth er  extiles,nes, knitted or crocheted",United States,PCS,7.0,444.22559,0.000444
61091000,"T-shirts, singlets and other vests, of cot  on, knitted or crocheted.",Australia,PCS,2043.0,4509.35129,0.004509
61091000,"T-shirts, singlets and other vests, of cot  on, knitted or crocheted.",Bangladesh,PCS,1.0,1.98133,2e-06
61091000,"T-shirts, singlets and other vests, of cot  on, knitted or crocheted.",Brunei Darussalam,PCS,54.0,17.4611,1.7e-05
61091000,"T-shirts, singlets and other vests, of cot  on, knitted or crocheted.",Canada,PCS,1901.0,1708.15307,0.001708
61091000,"T-shirts, singlets and other vests, of cot  on, knitted or crocheted.",China,PCS,315.0,34.53378,3.5e-05
61091000,"T-shirts, singlets and other vests, of cot  on, knitted or crocheted.",Colombia,PCS,4.0,0.61228,1e-06
61091000,"T-shirts, singlets and other vests, of cot  on, knitted or crocheted.",Czech Republic,PCS,1441.0,1094.68123,0.001095
61091000,"T-shirts, singlets and other vests, of cot  on, knitted or crocheted.",France,PCS,5.0,6.0,6e-06
61091000,"T-shirts, singlets and other vests, of cot  on, knitted or crocheted.",Germany,PCS,3311.0,2312.30337,0.002312
61091000,"T-shirts, singlets and other vests, of cot  on, knitted or crocheted.",India,PCS,49.0,16.0259,1.6e-05
61091000,"T-shirts, singlets and other vests, of cot  on, knitted or crocheted.",Italy,PCS,2268.0,3714.9271,0.003715
61091000,"T-shirts, singlets and other vests, of cot  on, knitted or crocheted.",Japan,PCS,14909.0,13253.53864,0.013254
61091000,"T-shirts, singlets and other vests, of cot  on, knitted or crocheted.","Korea, Republic of",PCS,277.0,666.28538,0.000666
61091000,"T-shirts, singlets and other vests, of cot  on, knitted or crocheted.",Kuwait,PCS,16.0,2.59097,3e-06
61091000,"T-shirts, singlets and other vests, of cot  on, knitted or crocheted.",Malaysia,PCS,385.0,159.5603,0.00016
61091000,"T-shirts, singlets and other vests, of cot  on, knitted or crocheted.",Maldives,PCS,722.0,235.81246,0.000236
61091000,"T-shirts, singlets and other vests, of cot  on, knitted or crocheted.",Mali,PCS,11.0,7.18677,7e-06
61091000,"T-shirts, singlets and other vests, of cot  on, knitted or crocheted.",Mongolia,PCS,687.0,1766.32137,0.001766
61091000,"T-shirts, singlets and other vests, of cot  on, knitted or crocheted.",New Zealand,PCS,1386.0,2804.15267,0.002804
61091000,"T-shirts, singlets and other vests, of cot  on, knitted or crocheted.",Norway,PCS,48.0,25.27694,2.5e-05
61091000,"T-shirts, singlets and other vests, of cot  on, knitted or crocheted.",Philippines,PCS,8.0,764.50238,0.000765
61091000,"T-shirts, singlets and other vests, of cot  on, knitted or crocheted.",Poland,PCS,735.0,644.90988,0.000645
61091000,"T-shirts, singlets and other vests, of cot  on, knitted or crocheted.",Qatar,PCS,581.0,254.614,0.000255
61091000,"T-shirts, singlets and other vests, of cot  on, knitted or crocheted.",Saudi Arabia,PCS,263.0,86.81823,8.7e-05
61091000,"T-shirts, singlets and other vests, of cot  on, knitted or crocheted.",Singapore,PCS,140.0,47.93056,4.8e-05
61091000,"T-shirts, singlets and other vests, of cot  on, knitted or crocheted.",Slovakia,PCS,1.0,1.5206,2e-06
61091000,"T-shirts, singlets and other vests, of cot  on, knitted or crocheted.",Sri Lanka,PCS,33.0,13.48512,1.3e-05
61091000,"T-shirts, singlets and other vests, of cot  on, knitted or crocheted.",Switzerland,PCS,154.0,33.51414,3.4e-05
61091000,"T-shirts, singlets and other vests, of cot  on, knitted or crocheted.",Thailand,PCS,255.0,134.79997,0.000135
61091000,"T-shirts, singlets and other vests, of cot  on, knitted or crocheted.",United Arab Emirates,PCS,642.0,188.72231,0.000189
61091000,"T-shirts, singlets and other vests, of cot  on, knitted or crocheted.",United Kingdom,PCS,87.0,71.37893,7.1e-05
61091000,"T-shirts, singlets and other vests, of cot  on, knitted or crocheted.",United States,PCS,7925.0,11980.1527,0.01198
61099000,"T-shirts, singlets & other vests of other   extiles, nes, knitted or crocheted",Austria,PCS,62.0,876.22839,0.000876
61099000,"T-shirts, singlets & other vests of other   extiles, nes, knitted or crocheted",China,PCS,395.0,118.5,0.000118
61099000,"T-shirts, singlets & other vests of other   extiles, nes, knitted or crocheted",Germany,PCS,107.0,1317.46942,0.001317
61099000,"T-shirts, singlets & other vests of other   extiles, nes, knitted or crocheted",Poland,PCS,104.0,751.26756,0.000751
61099000,"T-shirts, singlets & other vests of other   extiles, nes, knitted or crocheted",Switzerland,PCS,29.0,233.29697,0.000233
61099000,"T-shirts, singlets & other vests of other   extiles, nes, knitted or crocheted",United States,PCS,92.0,834.12292,0.000834
61101100,"Jerseys,pullovers,cardigans,waistcoats & s  milar articles of wool, knitted or cr",Australia,PCS,263.0,188.23555,0.000188
61101100,"Jerseys,pullovers,cardigans,waistcoats & s  milar articles of wool, knitted or cr",Austria,PCS,197.0,1868.478,0.001868
61101100,"Jerseys,pullovers,cardigans,waistcoats & s  milar articles of wool, knitted or cr",Canada,PCS,849.0,2041.51075,0.002042
61101100,"Jerseys,pullovers,cardigans,waistcoats & s  milar articles of wool, knitted or cr",Czech Republic,PCS,2860.0,2411.90126,0.002412
61101100,"Jerseys,pullovers,cardigans,waistcoats & s  milar articles of wool, knitted or cr",Denmark,PCS,166.0,1105.22115,0.001105
61101100,"Jerseys,pullovers,cardigans,waistcoats & s  milar articles of wool, knitted or cr",Finland,PCS,9.0,32.38453,3.2e-05
61101100,"Jerseys,pullovers,cardigans,waistcoats & s  milar articles of wool, knitted or cr",France,PCS,5682.0,57610.40884,0.05761
61101100,"Jerseys,pullovers,cardigans,waistcoats & s  milar articles of wool, knitted or cr",Germany,PCS,2302.0,9152.54443,0.009153
61101100,"Jerseys,pullovers,cardigans,waistcoats & s  milar articles of wool, knitted or cr",India,PCS,141.0,826.21525,0.000826
61101100,"Jerseys,pullovers,cardigans,waistcoats & s  milar articles of wool, knitted or cr",Italy,PCS,19160.0,105754.98447,0.105755
61101100,"Jerseys,pullovers,cardigans,waistcoats & s  milar articles of wool, knitted or cr",Japan,PCS,1030.0,9259.93384,0.00926
61101100,"Jerseys,pullovers,cardigans,waistcoats & s  milar articles of wool, knitted or cr","Korea, Republic of",PCS,234.0,110.22777,0.00011
61101100,"Jerseys,pullovers,cardigans,waistcoats & s  milar articles of wool, knitted or cr",Netherlands,PCS,42.0,911.82,0.000912
61101100,"Jerseys,pullovers,cardigans,waistcoats & s  milar articles of wool, knitted or cr",New Zealand,PCS,981.0,2013.16937,0.002013
61101100,"Jerseys,pullovers,cardigans,waistcoats & s  milar articles of wool, knitted or cr",Slovakia,PCS,11606.0,3522.87073,0.003523
61101100,"Jerseys,pullovers,cardigans,waistcoats & s  milar articles of wool, knitted or cr",Spain,PCS,7824.0,15463.11775,0.015463
61101100,"Jerseys,pullovers,cardigans,waistcoats & s  milar articles of wool, knitted or cr",Sweden,PCS,337.0,1896.73662,0.001897
61101100,"Jerseys,pullovers,cardigans,waistcoats & s  milar articles of wool, knitted or cr",Switzerland,PCS,597.0,2834.89508,0.002835
61101100,"Jerseys,pullovers,cardigans,waistcoats & s  milar articles of wool, knitted or cr",United Arab Emirates,PCS,100.0,18.95513,1.9e-05
61101100,"Jerseys,pullovers,cardigans,waistcoats & s  milar articles of wool, knitted or cr",United Kingdom,PCS,22949.0,53770.57027,0.053771
61101100,"Jerseys,pullovers,cardigans,waistcoats & s  milar articles of wool, knitted or cr",United States,PCS,5930.0,49861.43621,0.049861
61101200,"Jerseys,pullovers,cardigans,waistcoats&sim  lar articles of Kashmir(cashmere) goa",Australia,PCS,1242.0,794.34275,0.000794
61101200,"Jerseys,pullovers,cardigans,waistcoats&sim  lar articles of Kashmir(cashmere) goa",Austria,PCS,1306.0,11086.00226,0.011086
61101200,"Jerseys,pullovers,cardigans,waistcoats&sim  lar articles of Kashmir(cashmere) goa",Canada,PCS,8613.0,3384.81805,0.003385
61101200,"Jerseys,pullovers,cardigans,waistcoats&sim  lar articles of Kashmir(cashmere) goa",Czech Republic,PCS,128.0,1559.65438,0.00156
61101200,"Jerseys,pullovers,cardigans,waistcoats&sim  lar articles of Kashmir(cashmere) goa",Denmark,PCS,17659.0,69551.15522,0.069551
61101200,"Jerseys,pullovers,cardigans,waistcoats&sim  lar articles of Kashmir(cashmere) goa",Finland,PCS,142.0,1223.55139,0.001224
61101200,"Jerseys,pullovers,cardigans,waistcoats&sim  lar articles of Kashmir(cashmere) goa",France,PCS,13340.0,54470.18411,0.05447
61101200,"Jerseys,pullovers,cardigans,waistcoats&sim  lar articles of Kashmir(cashmere) goa",Germany,PCS,31915.0,80463.49162,0.080463
61101200,"Jerseys,pullovers,cardigans,waistcoats&sim  lar articles of Kashmir(cashmere) goa",Hong Kong,PCS,150.0,42.85409,4.3e-05
61101200,"Jerseys,pullovers,cardigans,waistcoats&sim  lar articles of Kashmir(cashmere) goa",India,PCS,618.0,2553.52,0.002554
61101200,"Jerseys,pullovers,cardigans,waistcoats&sim  lar articles of Kashmir(cashmere) goa",Ireland,PCS,680.0,3835.10011,0.003835
61101200,"Jerseys,pullovers,cardigans,waistcoats&sim  lar articles of Kashmir(cashmere) goa",Italy,PCS,6641.0,33119.33827,0.033119
61101200,"Jerseys,pullovers,cardigans,waistcoats&sim  lar articles of Kashmir(cashmere) goa",Japan,PCS,44506.0,37547.04654,0.037547
61101200,"Jerseys,pullovers,cardigans,waistcoats&sim  lar articles of Kashmir(cashmere) goa","Korea, Republic of",PCS,80.0,862.91228,0.000863
61101200,"Jerseys,pullovers,cardigans,waistcoats&sim  lar articles of Kashmir(cashmere) goa",Malaysia,PCS,280.0,59.34254,5.9e-05
61101200,"Jerseys,pullovers,cardigans,waistcoats&sim  lar articles of Kashmir(cashmere) goa",Netherlands,PCS,5525.0,13798.19276,0.013798
61101200,"Jerseys,pullovers,cardigans,waistcoats&sim  lar articles of Kashmir(cashmere) goa",New Zealand,PCS,400.0,2731.17062,0.002731
61101200,"Jerseys,pullovers,cardigans,waistcoats&sim  lar articles of Kashmir(cashmere) goa",Norway,PCS,3389.0,11790.56895,0.011791
61101200,"Jerseys,pullovers,cardigans,waistcoats&sim  lar articles of Kashmir(cashmere) goa",Poland,PCS,32.0,318.38559,0.000318
61101200,"Jerseys,pullovers,cardigans,waistcoats&sim  lar articles of Kashmir(cashmere) goa",South Africa,PCS,92.0,929.20181,0.000929
61101200,"Jerseys,pullovers,cardigans,waistcoats&sim  lar articles of Kashmir(cashmere) goa",Spain,PCS,1503.0,7603.72719,0.007604
61101200,"Jerseys,pullovers,cardigans,waistcoats&sim  lar articles of Kashmir(cashmere) goa",Sweden,PCS,652.0,6206.25444,0.006206
61101200,"Jerseys,pullovers,cardigans,waistcoats&sim  lar articles of Kashmir(cashmere) goa",Switzerland,PCS,560.0,4547.41742,0.004547
61101200,"Jerseys,pullovers,cardigans,waistcoats&sim  lar articles of Kashmir(cashmere) goa",United Arab Emirates,PCS,161.0,1758.64825,0.001759
61101200,"Jerseys,pullovers,cardigans,waistcoats&sim  lar articles of Kashmir(cashmere) goa",United Kingdom,PCS,69671.0,49135.37419,0.049135
61101200,"Jerseys,pullovers,cardigans,waistcoats&sim  lar articles of Kashmir(cashmere) goa",United States,PCS,72999.0,63170.48131,0.06317
61101900,"Other jerseys,pullovers,cardigans,waistcoa  s&similar articles,knitted or crochet",Australia,PCS,30507.0,18752.954,0.018753
61101900,"Other jerseys,pullovers,cardigans,waistcoa  s&similar articles,knitted or crochet",Italy,PCS,1080.0,7277.37694,0.007277
61101900,"Other jerseys,pullovers,cardigans,waistcoa  s&similar articles,knitted or crochet",United States,PCS,374.0,607.47169,0.000607
61102000,"Jerseys, pullovers, cardigans, waistcoats,  etc, of cotton, knitted or crocheted.",Australia,PCS,25.0,127.9404,0.000128
61102000,"Jerseys, pullovers, cardigans, waistcoats,  etc, of cotton, knitted or crocheted.","Korea, Republic of",PCS,10.0,53.2875,5.3e-05
61102000,"Jerseys, pullovers, cardigans, waistcoats,  etc, of cotton, knitted or crocheted.",Netherlands,PCS,5505.0,7600.25637,0.0076
61102000,"Jerseys, pullovers, cardigans, waistcoats,  etc, of cotton, knitted or crocheted.",Sweden,PCS,14.0,51.51385,5.2e-05
61102000,"Jerseys, pullovers, cardigans, waistcoats,  etc, of cotton, knitted or crocheted.",United Kingdom,PCS,281.0,1182.5344,0.001183
61109000,"Jerseys, pullovers,cardigans, waistcoats,   tc,of other textiles,nes,knitted or c",Australia,PCS,24.0,237.7137,0.000238
61109000,"Jerseys, pullovers,cardigans, waistcoats,   tc,of other textiles,nes,knitted or c",Austria,PCS,81.0,1529.14533,0.001529
61109000,"Jerseys, pullovers,cardigans, waistcoats,   tc,of other textiles,nes,knitted or c",Belgium,PCS,272.0,5250.69516,0.005251
61109000,"Jerseys, pullovers,cardigans, waistcoats,   tc,of other textiles,nes,knitted or c",Canada,PCS,270.0,1648.72784,0.001649
61109000,"Jerseys, pullovers,cardigans, waistcoats,   tc,of other textiles,nes,knitted or c",Denmark,PCS,35.0,276.49731,0.000276
61109000,"Jerseys, pullovers,cardigans, waistcoats,   tc,of other textiles,nes,knitted or c",France,PCS,332.0,6184.0428,0.006184
61109000,"Jerseys, pullovers,cardigans, waistcoats,   tc,of other textiles,nes,knitted or c",Germany,PCS,414.0,3335.29366,0.003335
61109000,"Jerseys, pullovers,cardigans, waistcoats,   tc,of other textiles,nes,knitted or c",Greece,PCS,94.0,533.22,0.000533
61109000,"Jerseys, pullovers,cardigans, waistcoats,   tc,of other textiles,nes,knitted or c",Ireland,PCS,91.0,797.09056,0.000797
61109000,"Jerseys, pullovers,cardigans, waistcoats,   tc,of other textiles,nes,knitted or c",Italy,PCS,364.0,3916.37959,0.003916
61109000,"Jerseys, pullovers,cardigans, waistcoats,   tc,of other textiles,nes,knitted or c",Japan,PCS,442.0,3708.0702,0.003708
61109000,"Jerseys, pullovers,cardigans, waistcoats,   tc,of other textiles,nes,knitted or c","Korea, Republic of",PCS,10.0,4.6263,5e-06
61109000,"Jerseys, pullovers,cardigans, waistcoats,   tc,of other textiles,nes,knitted or c",Malaysia,PCS,22.0,8.0,8e-06
61109000,"Jerseys, pullovers,cardigans, waistcoats,   tc,of other textiles,nes,knitted or c",Monaco,PCS,30.0,490.19606,0.00049
61109000,"Jerseys, pullovers,cardigans, waistcoats,   tc,of other textiles,nes,knitted or c",Netherlands,PCS,1530.0,1584.59803,0.001585
61109000,"Jerseys, pullovers,cardigans, waistcoats,   tc,of other textiles,nes,knitted or c",Spain,PCS,817.0,7078.63869,0.007079
61109000,"Jerseys, pullovers,cardigans, waistcoats,   tc,of other textiles,nes,knitted or c",Sweden,PCS,562.0,3621.10836,0.003621
61109000,"Jerseys, pullovers,cardigans, waistcoats,   tc,of other textiles,nes,knitted or c",Switzerland,PCS,442.0,5071.554,0.005072
61109000,"Jerseys, pullovers,cardigans, waistcoats,   tc,of other textiles,nes,knitted or c",Turkey,PCS,507.0,4942.6685,0.004943
61109000,"Jerseys, pullovers,cardigans, waistcoats,   tc,of other textiles,nes,knitted or c",United Arab Emirates,PCS,14.0,5.2808,5e-06
61109000,"Jerseys, pullovers,cardigans, waistcoats,   tc,of other textiles,nes,knitted or c",United Kingdom,PCS,2088.0,1078.32475,0.001078
61109000,"Jerseys, pullovers,cardigans, waistcoats,   tc,of other textiles,nes,knitted or c",United States,PCS,4648.0,18516.14401,0.018516
61119000,"Babies' garments & clothing accessories of  other textiles,nes, knitted or croche",Japan,PCS,540.0,339.82941,0.00034
61130000,"Garments made up of knitted or crocheted f  brics of heading 5903, 5906, 5907",Australia,PCS,2930.0,284.31665,0.000284
61130000,"Garments made up of knitted or crocheted f  brics of heading 5903, 5906, 5907","Korea, Republic of",PCS,237.0,92.0848,9.2e-05
61130000,"Garments made up of knitted or crocheted f  brics of heading 5903, 5906, 5907",Netherlands,PCS,3680.0,257.06525,0.000257
61130000,"Garments made up of knitted or crocheted f  brics of heading 5903, 5906, 5907",New Zealand,PCS,649.0,119.08764,0.000119
61130000,"Garments made up of knitted or crocheted f  brics of heading 5903, 5906, 5907",United Kingdom,PCS,3278.0,436.20251,0.000436
61142000,"Garments of cotton, knitted or crocheted,   es",Canada,PCS,1281.0,2050.24487,0.00205
61142000,"Garments of cotton, knitted or crocheted,   es",Germany,PCS,415.0,92.17194,9.2e-05
61142000,"Garments of cotton, knitted or crocheted,   es",Italy,PCS,8132.0,2039.35888,0.002039
61142000,"Garments of cotton, knitted or crocheted,   es",Japan,PCS,4492.0,856.80909,0.000857
61142000,"Garments of cotton, knitted or crocheted,   es",United Arab Emirates,PCS,590.0,232.80206,0.000233
61142000,"Garments of cotton, knitted or crocheted,   es",United Kingdom,PCS,4533.0,1069.74324,0.00107
61142000,"Garments of cotton, knitted or crocheted,   es",United States,PCS,15283.0,17975.87847,0.017976
61142000,"Garments of cotton, knitted or crocheted,   es",Namibia,PCS,169.0,183.1762,0.000183
61149000,"Garments of other textiles, knitted or cro  heted, nes",France,PCS,15.0,197.9163,0.000198
61149000,"Garments of other textiles, knitted or cro  heted, nes",Morocco,PCS,17.0,117.06012,0.000117
61151000,Graduated compression hosiery (for example   stockings for varicose veins),United States,PR,18.0,78.64356,7.9e-05
61159400,Other hosiery of wool or fine animal hair   .,Ireland,PR,200.0,1270.20875,0.00127
61159500,Other hosiery of Cotton   .,Chile,PR,500.0,304.74,0.000305
61161000,"Impregnated, coated, covered or laminated with plastics or rubber",United States,PR,21.0,228.48266,0.000228
61169100,"Gloves, mittens and mitts, of wool or fine  animal hair, knitted or crocheted",France,PR,2360.0,181.21831,0.000181
61169100,"Gloves, mittens and mitts, of wool or fine  animal hair, knitted or crocheted",Germany,PR,30653.0,16940.74438,0.016941
61169100,"Gloves, mittens and mitts, of wool or fine  animal hair, knitted or crocheted",Ireland,PR,41805.0,12265.62765,0.012266
61169100,"Gloves, mittens and mitts, of wool or fine  animal hair, knitted or crocheted",Italy,PR,18.0,179.98253,0.00018
61169100,"Gloves, mittens and mitts, of wool or fine  animal hair, knitted or crocheted",Japan,PR,434.0,137.2993,0.000137
61169100,"Gloves, mittens and mitts, of wool or fine  animal hair, knitted or crocheted","Korea, Republic of",PR,18.0,123.5979,0.000124
61169100,"Gloves, mittens and mitts, of wool or fine  animal hair, knitted or crocheted",Netherlands,PR,3138.0,1554.69039,0.001555
61169100,"Gloves, mittens and mitts, of wool or fine  animal hair, knitted or crocheted",Poland,PR,70.0,243.7862,0.000244
61169100,"Gloves, mittens and mitts, of wool or fine  animal hair, knitted or crocheted",United Kingdom,PR,8345.0,5782.32331,0.005782
61169100,"Gloves, mittens and mitts, of wool or fine  animal hair, knitted or crocheted",United States,PR,40501.0,28582.63356,0.028583
61169200,"Gloves, mittens and mitts, of cotton, knit  ed or crocheted",United States,PR,6426.0,1997.97013,0.001998
61171000,"Shawls, scarves, mufflers, mantillas, veil  , etc, knitted or crocheted",Austria,PCS,3054.0,13947.9689,0.013948
61171000,"Shawls, scarves, mufflers, mantillas, veil  , etc, knitted or crocheted",Denmark,PCS,70.0,922.56,0.000923
61171000,"Shawls, scarves, mufflers, mantillas, veil  , etc, knitted or crocheted",France,PCS,784.0,3618.70934,0.003619
61171000,"Shawls, scarves, mufflers, mantillas, veil  , etc, knitted or crocheted",Germany,PCS,16575.0,88236.16945,0.088236
61171000,"Shawls, scarves, mufflers, mantillas, veil  , etc, knitted or crocheted",India,PCS,3484.0,3753.792,0.003754
61171000,"Shawls, scarves, mufflers, mantillas, veil  , etc, knitted or crocheted",Italy,PCS,295.0,2185.5645,0.002186
61171000,"Shawls, scarves, mufflers, mantillas, veil  , etc, knitted or crocheted",Japan,PCS,3350.0,1048.06362,0.001048
61171000,"Shawls, scarves, mufflers, mantillas, veil  , etc, knitted or crocheted","Korea, Republic of",PCS,33.0,377.66025,0.000378
61171000,"Shawls, scarves, mufflers, mantillas, veil  , etc, knitted or crocheted",Netherlands,PCS,3503.0,3451.98225,0.003452
61171000,"Shawls, scarves, mufflers, mantillas, veil  , etc, knitted or crocheted",New Zealand,PCS,36.0,10.76786,1.1e-05
61171000,"Shawls, scarves, mufflers, mantillas, veil  , etc, knitted or crocheted",Singapore,PCS,55.0,9.906,1e-05
61171000,"Shawls, scarves, mufflers, mantillas, veil  , etc, knitted or crocheted",Sweden,PCS,108.0,380.98785,0.000381
61171000,"Shawls, scarves, mufflers, mantillas, veil  , etc, knitted or crocheted",Switzerland,PCS,112.0,751.39437,0.000751
61171000,"Shawls, scarves, mufflers, mantillas, veil  , etc, knitted or crocheted",United Arab Emirates,PCS,69.0,210.17584,0.00021
61171000,"Shawls, scarves, mufflers, mantillas, veil  , etc, knitted or crocheted",United Kingdom,PCS,152.0,802.724,0.000803
61171000,"Shawls, scarves, mufflers, mantillas, veil  , etc, knitted or crocheted",United States,PCS,1767.0,6158.7124,0.006159
61178000,"Other clothing accessories, knitted or cro  heted, nes",Hong Kong,PCS,25.0,91.93548,9.2e-05
61178000,"Other clothing accessories, knitted or cro  heted, nes",United States,PCS,3200.0,2145.68672,0.002146
61179000,"Parts of garments or clothing accessories,  knitted or crocheted",Australia,PCS,42.0,205.03935,0.000205
61179000,"Parts of garments or clothing accessories,  knitted or crocheted",Austria,PCS,465.0,2590.74165,0.002591
61179000,"Parts of garments or clothing accessories,  knitted or crocheted",France,PCS,100.0,2770.08925,0.00277
61179000,"Parts of garments or clothing accessories,  knitted or crocheted",Japan,PCS,1150.0,147.55453,0.000148
61179000,"Parts of garments or clothing accessories,  knitted or crocheted",Poland,PCS,150.0,883.53569,0.000884
61179000,"Parts of garments or clothing accessories,  knitted or crocheted",Spain,PCS,385.0,2365.33837,0.002365
61179000,"Parts of garments or clothing accessories,  knitted or crocheted",United Kingdom,PCS,73.0,258.9756,0.000259
61179000,"Parts of garments or clothing accessories,  knitted or crocheted",United States,PCS,1600.0,97.6576,9.8e-05
62012000,"Men's or boys' coats, capes, cloaks, jackets,etc, Of wool or fine animal hair <>62.03",China,PCS,565.0,149.7,0.00015
62013000,"Men's or boys' coats, capes, cloaks, wind jackets, etc, Of cotton other than 62.03",China,PCS,1015.0,27.51462,2.8e-05
62014000,"Men's or boys' coats, capes, cloaks, wind jackets, etc Of man-made fibres <> 62.03",United States,PCS,125.0,4728.12,0.004728
62019000,"Men's or boys' coats, capes, cloaks, jackets, etc Of other textile material <> 62.03",China,PCS,750.0,135.0,0.000135
62024000,"Men's or boys' coats, capes, cloaks, wind jackets, etc Of man-made fibres <> 62.04",United Kingdom,PCS,4.0,47.41402,4.7e-05
62029000,"Men's or boys' coats, capes, cloaks, jackets, etc Of other textile material <> 62.04",Netherlands,PCS,1990.0,3944.3755,0.003944
62031100,Men's or boys' suits of wool or fine anima   hair,United States,PCS,4413.0,7458.8465,0.007459
62033100,Men's or boys' jackets and blazers of wool  or fine animal hair,Germany,PCS,5322.0,7174.00893,0.007174
62033100,Men's or boys' jackets and blazers of wool  or fine animal hair,Italy,PCS,588.0,459.29969,0.000459
62033100,Men's or boys' jackets and blazers of wool  or fine animal hair,Japan,PCS,29.0,5.34065,5e-06
62033100,Men's or boys' jackets and blazers of wool  or fine animal hair,Netherlands,PCS,5593.0,19045.87941,0.019046
62033100,Men's or boys' jackets and blazers of wool  or fine animal hair,United Kingdom,PCS,426.0,18.4512,1.8e-05
62033100,Men's or boys' jackets and blazers of wool  or fine animal hair,United States,PCS,130.0,57.96,5.8e-05
62033200,Men's or boys' jackets and blazers of cott  n,Australia,PCS,572.0,311.31601,0.000311
62033200,Men's or boys' jackets and blazers of cott  n,Canada,PCS,3814.0,319.03984,0.000319
62033200,Men's or boys' jackets and blazers of cott  n,Czech Republic,PCS,2825.0,4468.035,0.004468
62033200,Men's or boys' jackets and blazers of cott  n,Germany,PCS,1765.0,239.27402,0.000239
62033200,Men's or boys' jackets and blazers of cott  n,Japan,PCS,374.0,639.77538,0.00064
62033200,Men's or boys' jackets and blazers of cott  n,Lithuania,PCS,267.0,157.05209,0.000157
62033200,Men's or boys' jackets and blazers of cott  n,Slovakia,PCS,616.0,730.75612,0.000731
62033200,Men's or boys' jackets and blazers of cott  n,South Africa,PCS,143.0,240.32384,0.00024
62033200,Men's or boys' jackets and blazers of cott  n,United Arab Emirates,PCS,792.0,83.62841,8.4e-05
62033200,Men's or boys' jackets and blazers of cott  n,United States,PCS,1320.0,272.70478,0.000273
62033300,Men's or boys' jackets and blazers of synt  etic fibres,Canada,PCS,499.0,1779.26437,0.001779
62033300,Men's or boys' jackets and blazers of synt  etic fibres,United States,PCS,500.0,1724.42137,0.001724
62033900,"Men's or boys' jackets and blazers of othe   textiles materials, nes.",China,PCS,1937.0,1251.5,0.001252
62034200,"Men's or boys' trousers, bib & brace overa  l, breeches & shorts of cotton",Australia,PCS,7993.0,2538.77212,0.002539
62034200,"Men's or boys' trousers, bib & brace overa  l, breeches & shorts of cotton",Canada,PCS,1823.0,1241.05975,0.001241
62034200,"Men's or boys' trousers, bib & brace overa  l, breeches & shorts of cotton",China,PCS,100.0,50.0,5e-05
62034200,"Men's or boys' trousers, bib & brace overa  l, breeches & shorts of cotton",Germany,PCS,9666.0,12827.003,0.012827
62034200,"Men's or boys' trousers, bib & brace overa  l, breeches & shorts of cotton",India,PCS,77962.0,22800.548,0.022801
62034200,"Men's or boys' trousers, bib & brace overa  l, breeches & shorts of cotton",Italy,PCS,5005.0,1353.09875,0.001353
62034200,"Men's or boys' trousers, bib & brace overa  l, breeches & shorts of cotton",Japan,PCS,21.0,93.69557,9.4e-05
62034200,"Men's or boys' trousers, bib & brace overa  l, breeches & shorts of cotton","Korea, Republic of",PCS,80.0,1130.55325,0.001131
62034200,"Men's or boys' trousers, bib & brace overa  l, breeches & shorts of cotton",Many Countries,PCS,640.0,152.05591,0.000152
62034200,"Men's or boys' trousers, bib & brace overa  l, breeches & shorts of cotton",Netherlands,PCS,2393.0,4158.70461,0.004159
62034200,"Men's or boys' trousers, bib & brace overa  l, breeches & shorts of cotton",New Zealand,PCS,13.0,91.68,9.2e-05
62034200,"Men's or boys' trousers, bib & brace overa  l, breeches & shorts of cotton",Spain,PCS,66.0,177.32,0.000177
62034200,"Men's or boys' trousers, bib & brace overa  l, breeches & shorts of cotton",Switzerland,PCS,801.0,526.568,0.000527
62034200,"Men's or boys' trousers, bib & brace overa  l, breeches & shorts of cotton",United Arab Emirates,PCS,70.0,197.37545,0.000197
62034200,"Men's or boys' trousers, bib & brace overa  l, breeches & shorts of cotton",United Kingdom,PCS,3870.0,4366.92089,0.004367
62034200,"Men's or boys' trousers, bib & brace overa  l, breeches & shorts of cotton",United States,PCS,42268.0,16642.33797,0.016642
62034300,"Men's or boys' trousers, bib & brace overa  l, breeches & shorts of synthetic fib",Finland,PCS,216.0,290.19025,0.00029
62034900,"Men's or boys' trousers, bib & brace overa  l, breeches & shorts of other textile",China,PCS,326.0,154.85,0.000155
62034900,"Men's or boys' trousers, bib & brace overa  l, breeches & shorts of other textile",Germany,PCS,9736.0,10532.7,0.010533
62041900,"Women's or girls' suits of other textiles   aterials, nes",United Kingdom,PCS,599.0,96.12635,9.6e-05
62042200,Women's or girls' ensembles of cotton   .,United Kingdom,PCS,26.0,6.87955,7e-06
62043100,Women's or girls' jackets and blazers of w  ol or fine animal hair,Italy,PCS,12674.0,1838.31237,0.001838
62043100,Women's or girls' jackets and blazers of w  ol or fine animal hair,Kenya,PCS,305.0,151.63441,0.000152
62043100,Women's or girls' jackets and blazers of w  ol or fine animal hair,United States,PCS,512.0,95.45658,9.5e-05
62043200,Women's or girls' jackets and blazers of c  tton.,Australia,PCS,3299.0,441.18177,0.000441
62043200,Women's or girls' jackets and blazers of c  tton.,Germany,PCS,2735.0,2360.40125,0.00236
62043200,Women's or girls' jackets and blazers of c  tton.,Hungary,PCS,1148.0,1929.88738,0.00193
62043200,Women's or girls' jackets and blazers of c  tton.,Japan,PCS,4.0,370.05041,0.00037
62043200,Women's or girls' jackets and blazers of c  tton.,Netherlands,PCS,18109.0,7767.33742,0.007767
62043200,Women's or girls' jackets and blazers of c  tton.,New Zealand,PCS,588.0,32.109,3.2e-05
62043200,Women's or girls' jackets and blazers of c  tton.,Spain,PCS,35.0,125.0239,0.000125
62043200,Women's or girls' jackets and blazers of c  tton.,United Arab Emirates,PCS,4812.0,443.2609,0.000443
62043200,Women's or girls' jackets and blazers of c  tton.,United Kingdom,PCS,39888.0,6976.02044,0.006976
62043200,Women's or girls' jackets and blazers of c  tton.,United States,PCS,5001.0,9826.34522,0.009826
62044200,Women's or girls' dresses of cotton   .,Australia,PCS,35697.0,10804.79584,0.010805
62044200,Women's or girls' dresses of cotton   .,Bulgaria,PCS,1689.0,475.78047,0.000476
62044200,Women's or girls' dresses of cotton   .,Canada,PCS,6388.0,3056.89296,0.003057
62044200,Women's or girls' dresses of cotton   .,China,PCS,120682.0,986.40765,0.000986
62044200,Women's or girls' dresses of cotton   .,Czech Republic,PCS,8698.0,6994.5693,0.006995
62044200,Women's or girls' dresses of cotton   .,Estonia,PCS,201.0,730.95906,0.000731
62044200,Women's or girls' dresses of cotton   .,France,PCS,872.0,417.26342,0.000417
62044200,Women's or girls' dresses of cotton   .,Germany,PCS,14427.0,16466.50837,0.016467
62044200,Women's or girls' dresses of cotton   .,Hong Kong,PCS,886.0,986.48874,0.000986
62044200,Women's or girls' dresses of cotton   .,Hungary,PCS,1792.0,1470.44262,0.00147
62044200,Women's or girls' dresses of cotton   .,Ireland,PCS,1839.0,2607.583,0.002608
62044200,Women's or girls' dresses of cotton   .,Israel,PCS,659.0,53.26878,5.3e-05
62044200,Women's or girls' dresses of cotton   .,Japan,PCS,33292.0,8499.89673,0.0085
62044200,Women's or girls' dresses of cotton   .,Netherlands,PCS,46981.0,10670.82478,0.010671
62044200,Women's or girls' dresses of cotton   .,New Zealand,PCS,527.0,62.00376,6.2e-05
62044200,Women's or girls' dresses of cotton   .,Saudi Arabia,PCS,323.0,273.38302,0.000273
62044200,Women's or girls' dresses of cotton   .,Singapore,PCS,2.0,36.9663,3.7e-05
62044200,Women's or girls' dresses of cotton   .,South Africa,PCS,114.0,218.2037,0.000218
62044200,Women's or girls' dresses of cotton   .,Spain,PCS,5.0,26.382,2.6e-05
62044200,Women's or girls' dresses of cotton   .,"Taiwan, Province of China",PCS,1298.0,707.40819,0.000707
62044200,Women's or girls' dresses of cotton   .,Thailand,PCS,30.0,15.166,1.5e-05
62044200,Women's or girls' dresses of cotton   .,United Arab Emirates,PCS,4603.0,1206.17386,0.001206
62044200,Women's or girls' dresses of cotton   .,United Kingdom,PCS,121536.0,60189.37671,0.060189
62044200,Women's or girls' dresses of cotton   .,United States,PCS,61459.0,36351.8404,0.036352
62044300,Women's or girls' dresses of synthetic fib  es,Australia,PCS,4.0,7.1619,7e-06
62044300,Women's or girls' dresses of synthetic fib  es,China,PCS,1260.0,38.86092,3.9e-05
62044300,Women's or girls' dresses of synthetic fib  es,Japan,PCS,133.0,60.0986,6e-05
62044300,Women's or girls' dresses of synthetic fib  es,"Korea, Republic of",PCS,20.0,12.79404,1.3e-05
62044300,Women's or girls' dresses of synthetic fib  es,Malaysia,PCS,35.0,5.63547,6e-06
62044300,Women's or girls' dresses of synthetic fib  es,Maldives,PCS,3.0,2.58927,3e-06
62044300,Women's or girls' dresses of synthetic fib  es,New Zealand,PCS,35.0,5.63547,6e-06
62044300,Women's or girls' dresses of synthetic fib  es,United Arab Emirates,PCS,195.0,19.8783,2e-05
62044900,"Women's or girls' dresses of other textile  , nes",Canada,PCS,43.0,11.46867,1.1e-05
62045200,Women's or girls' skirts and divided skirt   of cotton,Cyprus,PCS,286.0,227.84109,0.000228
62045200,Women's or girls' skirts and divided skirt   of cotton,Czech Republic,PCS,175.0,182.942,0.000183
62045200,Women's or girls' skirts and divided skirt   of cotton,Japan,PCS,230.0,150.74028,0.000151
62045200,Women's or girls' skirts and divided skirt   of cotton,Netherlands,PCS,566.0,993.09419,0.000993
62045200,Women's or girls' skirts and divided skirt   of cotton,United States,PCS,35753.0,14093.35512,0.014093
62045300,Women's or girls' skirts and divided skirt   of synthetic fibres.,China,PCS,264.0,30.10392,3e-05
62046200,"Women's or girls' trousers, breeches, etc,  of cotton",Australia,PCS,46945.0,22385.65352,0.022386
62046200,"Women's or girls' trousers, breeches, etc,  of cotton",Austria,PCS,11137.0,5897.20184,0.005897
62046200,"Women's or girls' trousers, breeches, etc,  of cotton",Belgium,PCS,7955.0,1064.69136,0.001065
62046200,"Women's or girls' trousers, breeches, etc,  of cotton",Bhutan,PCS,3169.0,838.31707,0.000838
62046200,"Women's or girls' trousers, breeches, etc,  of cotton",Bulgaria,PCS,315.0,427.75641,0.000428
62046200,"Women's or girls' trousers, breeches, etc,  of cotton",Canada,PCS,19375.0,9703.43252,0.009703
62046200,"Women's or girls' trousers, breeches, etc,  of cotton",Chile,PCS,5860.0,1137.3599,0.001137
62046200,"Women's or girls' trousers, breeches, etc,  of cotton",China,PCS,492071.0,15975.23979,0.015975
62046200,"Women's or girls' trousers, breeches, etc,  of cotton",Costa Rica,PCS,93.0,130.55343,0.000131
62046200,"Women's or girls' trousers, breeches, etc,  of cotton",Cyprus,PCS,156.0,35.30833,3.5e-05
62046200,"Women's or girls' trousers, breeches, etc,  of cotton",Czech Republic,PCS,15458.0,9258.07915,0.009258
62046200,"Women's or girls' trousers, breeches, etc,  of cotton",Denmark,PCS,8052.0,3679.10443,0.003679
62046200,"Women's or girls' trousers, breeches, etc,  of cotton",Ethiopia,PCS,12.0,15.241,1.5e-05
62046200,"Women's or girls' trousers, breeches, etc,  of cotton",Finland,PCS,256.0,326.43584,0.000326
62046200,"Women's or girls' trousers, breeches, etc,  of cotton",France,PCS,27866.0,13109.39235,0.013109
62046200,"Women's or girls' trousers, breeches, etc,  of cotton",Georgia,PCS,4396.0,1382.10835,0.001382
62046200,"Women's or girls' trousers, breeches, etc,  of cotton",Germany,PCS,108145.0,86060.08995,0.08606
62046200,"Women's or girls' trousers, breeches, etc,  of cotton",Greece,PCS,3387.0,1429.29775,0.001429
62046200,"Women's or girls' trousers, breeches, etc,  of cotton",Hong Kong,PCS,16785.0,6033.95382,0.006034
62046200,"Women's or girls' trousers, breeches, etc,  of cotton",Ireland,PCS,2834.0,1083.50647,0.001084
62046200,"Women's or girls' trousers, breeches, etc,  of cotton",Israel,PCS,3381.0,548.84438,0.000549
62046200,"Women's or girls' trousers, breeches, etc,  of cotton",Italy,PCS,15508.0,6848.95616,0.006849
62046200,"Women's or girls' trousers, breeches, etc,  of cotton",Japan,PCS,67176.0,20331.25669,0.020331
62046200,"Women's or girls' trousers, breeches, etc,  of cotton",Kazakstan,PCS,4816.0,766.43178,0.000766
62046200,"Women's or girls' trousers, breeches, etc,  of cotton",Kenya,PCS,340.0,126.3768,0.000126
62046200,"Women's or girls' trousers, breeches, etc,  of cotton","Korea, Republic of",PCS,8946.0,7772.76537,0.007773
62046200,"Women's or girls' trousers, breeches, etc,  of cotton",Kuwait,PCS,845.0,61.40816,6.1e-05
62046200,"Women's or girls' trousers, breeches, etc,  of cotton",Lithuania,PCS,534.0,90.47418,9e-05
62046200,"Women's or girls' trousers, breeches, etc,  of cotton",Malaysia,PCS,114.0,190.22616,0.00019
62046200,"Women's or girls' trousers, breeches, etc,  of cotton",Mexico,PCS,79.0,23.18001,2.3e-05
62046200,"Women's or girls' trousers, breeches, etc,  of cotton",Netherlands,PCS,18487.0,9879.40538,0.009879
62046200,"Women's or girls' trousers, breeches, etc,  of cotton",New Zealand,PCS,1248.0,283.60289,0.000284
62046200,"Women's or girls' trousers, breeches, etc,  of cotton",Norway,PCS,3974.0,2654.2572,0.002654
62046200,"Women's or girls' trousers, breeches, etc,  of cotton",Poland,PCS,2765.0,1536.31171,0.001536
62046200,"Women's or girls' trousers, breeches, etc,  of cotton",Portugal,PCS,738.0,232.35366,0.000232
62046200,"Women's or girls' trousers, breeches, etc,  of cotton",Singapore,PCS,2952.0,549.25486,0.000549
62046200,"Women's or girls' trousers, breeches, etc,  of cotton",Slovakia,PCS,340.0,220.176,0.00022
62046200,"Women's or girls' trousers, breeches, etc,  of cotton",South Africa,PCS,4004.0,1938.0485,0.001938
62046200,"Women's or girls' trousers, breeches, etc,  of cotton",Spain,PCS,13817.0,2922.74982,0.002923
62046200,"Women's or girls' trousers, breeches, etc,  of cotton",Sweden,PCS,1918.0,805.72392,0.000806
62046200,"Women's or girls' trousers, breeches, etc,  of cotton",Switzerland,PCS,1519.0,508.97879,0.000509
62046200,"Women's or girls' trousers, breeches, etc,  of cotton","Taiwan, Province of China",PCS,7643.0,2703.8652,0.002704
62046200,"Women's or girls' trousers, breeches, etc,  of cotton",Thailand,PCS,405.0,85.841,8.6e-05
62046200,"Women's or girls' trousers, breeches, etc,  of cotton",United Arab Emirates,PCS,19254.0,3883.92138,0.003884
62046200,"Women's or girls' trousers, breeches, etc,  of cotton",United Kingdom,PCS,261640.0,67547.27182,0.067547
62046200,"Women's or girls' trousers, breeches, etc,  of cotton",United States,PCS,298990.0,226951.48674,0.226951
62046200,"Women's or girls' trousers, breeches, etc,  of cotton",Viet Nam,PCS,1385.0,228.16374,0.000228
62046900,"Women's or girls' trousers, breeches, etc,  of other textiles materials, nes.",United States,PCS,2365.0,190.37295,0.00019
62052000,Men's or boys' shirts of cotton   .,Australia,PCS,9275.0,4160.34092,0.00416
62052000,Men's or boys' shirts of cotton   .,Canada,PCS,4473.0,2083.51273,0.002084
62052000,Men's or boys' shirts of cotton   .,Germany,PCS,28414.0,35153.26964,0.035153
62052000,Men's or boys' shirts of cotton   .,India,PCS,62.0,40.0,4e-05
62052000,Men's or boys' shirts of cotton   .,Maldives,PCS,22328.0,684.77841,0.000685
62052000,Men's or boys' shirts of cotton   .,Netherlands,PCS,4545.0,430.52741,0.000431
62052000,Men's or boys' shirts of cotton   .,South Africa,PCS,1254.0,517.25887,0.000517
62052000,Men's or boys' shirts of cotton   .,Spain,PCS,25887.0,10222.77162,0.010223
62052000,Men's or boys' shirts of cotton   .,Sweden,PCS,1914.0,8462.141,0.008462
62052000,Men's or boys' shirts of cotton   .,Switzerland,PCS,1408.0,4923.8265,0.004924
62052000,Men's or boys' shirts of cotton   .,United Arab Emirates,PCS,685.0,21.51549,2.2e-05
62052000,Men's or boys' shirts of cotton   .,United Kingdom,PCS,20121.0,8759.36742,0.008759
62052000,Men's or boys' shirts of cotton   .,United States,PCS,22300.0,18448.8696,0.018449
62053000,Men's or boys' shirts of man-made fibres  . .,United Kingdom,PCS,30.0,7.37425,7e-06
62053000,Men's or boys' shirts of man-made fibres  . .,United States,PCS,19108.0,18255.468,0.018255
62059000,"Men's or boys' shirts of other textiles ma  erials, nes",France,PCS,1338.0,502.13791,0.000502
62059000,"Men's or boys' shirts of other textiles ma  erials, nes",United States,PCS,77.0,726.86962,0.000727
62063000,"Women's or girls' blouses, shirts, shirt-b  ouse of cotton",Japan,PCS,620.0,368.78591,0.000369
62069000,"Women's or girls' blouses, shirts, shirt-b  ouse of other textiles, nes",Bahamas,PCS,12.0,300.20831,0.0003
62069000,"Women's or girls' blouses, shirts, shirt-b  ouse of other textiles, nes",United States,PCS,114.0,494.80325,0.000495
62092000,Babies' garments and clothing accessories   f cotton.,India,PCS,163.0,289.36992,0.000289
62092000,Babies' garments and clothing accessories   f cotton.,United Kingdom,PCS,56.0,10.96253,1.1e-05
62099000,"Babies' garments and clothing accessories   f other textiles, nes",Australia,PCS,2.0,1.5241,2e-06
62099000,"Babies' garments and clothing accessories   f other textiles, nes",Japan,PCS,772.0,313.83127,0.000314
62099000,"Babies' garments and clothing accessories   f other textiles, nes","Korea, Republic of",PCS,30.0,7.18658,7e-06
62099000,"Babies' garments and clothing accessories   f other textiles, nes",Malaysia,PCS,8.0,8.382,8e-06
62099000,"Babies' garments and clothing accessories   f other textiles, nes",Maldives,PCS,30.0,18.2892,1.8e-05
62099000,"Babies' garments and clothing accessories   f other textiles, nes",New Zealand,PCS,30.0,18.2892,1.8e-05
62099000,"Babies' garments and clothing accessories   f other textiles, nes",Qatar,PCS,15.0,9.1446,9e-06
62099000,"Babies' garments and clothing accessories   f other textiles, nes",Singapore,PCS,46.0,41.09568,4.1e-05
62099000,"Babies' garments and clothing accessories   f other textiles, nes",Sri Lanka,PCS,3.0,1.5241,2e-06
62099000,"Babies' garments and clothing accessories   f other textiles, nes",United Arab Emirates,PCS,45.0,14.02172,1.4e-05
62114220,"Saree, Lungi & Dhoti women's or girls' of cotton",Australia,PCS,12.0,14.19991,1.4e-05
62114220,"Saree, Lungi & Dhoti women's or girls' of cotton",Japan,PCS,193.0,128.71654,0.000129
62114220,"Saree, Lungi & Dhoti women's or girls' of cotton",Malaysia,PCS,2.0,2.41408,2e-06
62114220,"Saree, Lungi & Dhoti women's or girls' of cotton",Maldives,PCS,18.0,6.7896,7e-06
62114220,"Saree, Lungi & Dhoti women's or girls' of cotton",Norway,PCS,15.0,6.87015,7e-06
62114220,"Saree, Lungi & Dhoti women's or girls' of cotton",Qatar,PCS,13.0,10.45568,1e-05
62114290,"Other garments, women's or girls of cotton  .",Japan,PCS,26.0,0.046,0.0
62114990,Other garments of other textiles material,China,PCS,35552.0,6464.2709,0.006464
62132000,Handkerchiefs of cotton   .,"Korea, Republic of",PCS,3.0,3.81475,4e-06
62141000,"Shawls, scarves, mufflers, mantillas, veil  , etc, of silk or silk waste.",China,PCS,330.0,98.548,9.9e-05
62142000,"Shawls, scarves, mufflers, mantillas, veil  , etc, of wool or fine animal hair",Australia,PCS,619.0,2376.98194,0.002377
62142000,"Shawls, scarves, mufflers, mantillas, veil  , etc, of wool or fine animal hair",Austria,PCS,11942.0,84105.35663,0.084105
62142000,"Shawls, scarves, mufflers, mantillas, veil  , etc, of wool or fine animal hair",Belgium,PCS,480.0,2168.0705,0.002168
62142000,"Shawls, scarves, mufflers, mantillas, veil  , etc, of wool or fine animal hair",Bulgaria,PCS,259.0,675.44206,0.000675
62142000,"Shawls, scarves, mufflers, mantillas, veil  , etc, of wool or fine animal hair",Canada,PCS,3551.0,6519.07325,0.006519
62142000,"Shawls, scarves, mufflers, mantillas, veil  , etc, of wool or fine animal hair",China,PCS,503764.0,12743.85331,0.012744
62142000,"Shawls, scarves, mufflers, mantillas, veil  , etc, of wool or fine animal hair",Czech Republic,PCS,40.0,426.272,0.000426
62142000,"Shawls, scarves, mufflers, mantillas, veil  , etc, of wool or fine animal hair",Denmark,PCS,1046.0,6196.19766,0.006196
62142000,"Shawls, scarves, mufflers, mantillas, veil  , etc, of wool or fine animal hair",Finland,PCS,1331.0,340.75004,0.000341
62142000,"Shawls, scarves, mufflers, mantillas, veil  , etc, of wool or fine animal hair",France,PCS,8156.0,78910.88688,0.078911
62142000,"Shawls, scarves, mufflers, mantillas, veil  , etc, of wool or fine animal hair",Georgia,PCS,183.0,1988.92325,0.001989
62142000,"Shawls, scarves, mufflers, mantillas, veil  , etc, of wool or fine animal hair",Germany,PCS,78117.0,197649.16102,0.197649
62142000,"Shawls, scarves, mufflers, mantillas, veil  , etc, of wool or fine animal hair",Hong Kong,PCS,7.0,5.82312,6e-06
62142000,"Shawls, scarves, mufflers, mantillas, veil  , etc, of wool or fine animal hair",India,PCS,27445.0,42039.20175,0.042039
62142000,"Shawls, scarves, mufflers, mantillas, veil  , etc, of wool or fine animal hair",Ireland,PCS,389.0,2031.73441,0.002032
62142000,"Shawls, scarves, mufflers, mantillas, veil  , etc, of wool or fine animal hair",Italy,PCS,8846.0,24003.47548,0.024003
62142000,"Shawls, scarves, mufflers, mantillas, veil  , etc, of wool or fine animal hair",Japan,PCS,17964.0,48637.48812,0.048637
62142000,"Shawls, scarves, mufflers, mantillas, veil  , etc, of wool or fine animal hair",Kenya,PCS,900.0,214.048,0.000214
62142000,"Shawls, scarves, mufflers, mantillas, veil  , etc, of wool or fine animal hair","Korea, Republic of",PCS,3533.0,15247.46109,0.015247
62142000,"Shawls, scarves, mufflers, mantillas, veil  , etc, of wool or fine animal hair",Liechtenstein,PCS,42.0,334.41856,0.000334
62142000,"Shawls, scarves, mufflers, mantillas, veil  , etc, of wool or fine animal hair",Malaysia,PCS,7.0,186.20019,0.000186
62142000,"Shawls, scarves, mufflers, mantillas, veil  , etc, of wool or fine animal hair",Netherlands,PCS,3817.0,12721.35611,0.012721
62142000,"Shawls, scarves, mufflers, mantillas, veil  , etc, of wool or fine animal hair",New Zealand,PCS,1920.0,2216.96726,0.002217
62142000,"Shawls, scarves, mufflers, mantillas, veil  , etc, of wool or fine animal hair",Norway,PCS,6551.0,9798.08944,0.009798
62142000,"Shawls, scarves, mufflers, mantillas, veil  , etc, of wool or fine animal hair",Poland,PCS,773.0,6311.2368,0.006311
62142000,"Shawls, scarves, mufflers, mantillas, veil  , etc, of wool or fine animal hair",Singapore,PCS,35.0,5.3312,5e-06
62142000,"Shawls, scarves, mufflers, mantillas, veil  , etc, of wool or fine animal hair",Slovakia,PCS,719.0,423.12394,0.000423
62142000,"Shawls, scarves, mufflers, mantillas, veil  , etc, of wool or fine animal hair",Spain,PCS,2094.0,6678.99108,0.006679
62142000,"Shawls, scarves, mufflers, mantillas, veil  , etc, of wool or fine animal hair",Sweden,PCS,41.0,502.89135,0.000503
62142000,"Shawls, scarves, mufflers, mantillas, veil  , etc, of wool or fine animal hair",Switzerland,PCS,4561.0,39486.98995,0.039487
62142000,"Shawls, scarves, mufflers, mantillas, veil  , etc, of wool or fine animal hair","Taiwan, Province of China",PCS,582.0,520.74959,0.000521
62142000,"Shawls, scarves, mufflers, mantillas, veil  , etc, of wool or fine animal hair",Thailand,PCS,50.0,483.38286,0.000483
62142000,"Shawls, scarves, mufflers, mantillas, veil  , etc, of wool or fine animal hair",United Arab Emirates,PCS,1455.0,590.4432,0.00059
62142000,"Shawls, scarves, mufflers, mantillas, veil  , etc, of wool or fine animal hair",United Kingdom,PCS,20645.0,53801.17187,0.053801
62142000,"Shawls, scarves, mufflers, mantillas, veil  , etc, of wool or fine animal hair",United States,PCS,73651.0,161712.8468,0.161713
62143000,"Shawls, scarves, mufflers, mantillas, veil  , etc, of synthetic fibres",Australia,PCS,2.0,1.0402,1e-06
62143000,"Shawls, scarves, mufflers, mantillas, veil  , etc, of synthetic fibres",India,PCS,1.0,0.7602,1e-06
62144000,"Shawls, scarves, mufflers, mantillas, veil  , etc, of artificial fibres",Germany,PCS,287.0,312.87363,0.000313
62171000,"Other made up clothing accessories, nes",Australia,PCS,1441.0,1264.25826,0.001264
62171000,"Other made up clothing accessories, nes",Bhutan,PCS,492.0,82.91986,8.3e-05
62171000,"Other made up clothing accessories, nes",Canada,PCS,12079.0,15958.462,0.015958
62171000,"Other made up clothing accessories, nes",China,PCS,780.0,141.0,0.000141
62171000,"Other made up clothing accessories, nes",France,PCS,7.0,2.13318,2e-06
62171000,"Other made up clothing accessories, nes",Hong Kong,PCS,425.0,80.74216,8.1e-05
62171000,"Other made up clothing accessories, nes",Japan,PCS,509.0,11.77393,1.2e-05
62171000,"Other made up clothing accessories, nes",New Zealand,PCS,1.0,1.5386,2e-06
62171000,"Other made up clothing accessories, nes",Norway,PCS,14.0,287.32459,0.000287
62171000,"Other made up clothing accessories, nes",Switzerland,PCS,18.0,30.48,3e-05
62171000,"Other made up clothing accessories, nes","Taiwan, Province of China",PCS,11.0,143.35685,0.000143
62171000,"Other made up clothing accessories, nes",United Arab Emirates,PCS,4480.0,581.06557,0.000581
62171000,"Other made up clothing accessories, nes",United Kingdom,PCS,1172.0,3006.92725,0.003007
62171000,"Other made up clothing accessories, nes",United States,PCS,4313.0,1704.99866,0.001705
62179000,"Parts of garments or of clothing accessori  s, other than those of heading 6212,",China,PCS,2301.0,427.03829,0.000427
62179000,"Parts of garments or of clothing accessori  s, other than those of heading 6212,",India,PCS,1.0,0.17,0.0
63012000,"Blankets (excl electric blankets) and tra v lling rugs, of wool or fine animal ha",China,PCS,280.0,89.46,8.9e-05
63012000,"Blankets (excl electric blankets) and tra v lling rugs, of wool or fine animal ha",France,PCS,1093.0,34786.3215,0.034786
63012000,"Blankets (excl electric blankets) and tra v lling rugs, of wool or fine animal ha",Germany,PCS,43.0,1386.84933,0.001387
63012000,"Blankets (excl electric blankets) and tra v lling rugs, of wool or fine animal ha",India,PCS,1375.0,2138.4,0.002138
63012000,"Blankets (excl electric blankets) and tra v lling rugs, of wool or fine animal ha",Japan,PCS,6.0,618.65038,0.000619
63012000,"Blankets (excl electric blankets) and tra v lling rugs, of wool or fine animal ha",United Kingdom,PCS,53.0,1547.26637,0.001547
63012000,"Blankets (excl electric blankets) and tra v lling rugs, of wool or fine animal ha",United States,PCS,29.0,848.31481,0.000848
63013000,"Blankets (excl electric blankets) and tra v lling rugs, of cotton",India,PCS,175.0,407.06527,0.000407
63019000,"Other blankets and travelling rugs, nes   .",Belgium,PCS,2.0,116.028,0.000116
63019000,"Other blankets and travelling rugs, nes   .",China,PCS,1090.0,563.65,0.000564
63019000,"Other blankets and travelling rugs, nes   .",Denmark,PCS,200.0,1447.515,0.001448
63019000,"Other blankets and travelling rugs, nes   .",France,PCS,14.0,449.85969,0.00045
63019000,"Other blankets and travelling rugs, nes   .",Germany,PCS,102.0,555.67887,0.000556
63019000,"Other blankets and travelling rugs, nes   .",Greece,PCS,3.0,65.532,6.6e-05
63019000,"Other blankets and travelling rugs, nes   .",Italy,PCS,18.0,94.7646,9.5e-05
63019000,"Other blankets and travelling rugs, nes   .",Malaysia,PCS,12.0,82.41089,8.2e-05
63019000,"Other blankets and travelling rugs, nes   .",Spain,PCS,61.0,36.40716,3.6e-05
63019000,"Other blankets and travelling rugs, nes   .",United Kingdom,PCS,87.0,7299.29586,0.007299
63019000,"Other blankets and travelling rugs, nes   .",United States,PCS,650.0,20584.60522,0.020585
63022110,"Pillow cover, Printed of cotton (excl knitted or crocheted).",United States,PCS,37.0,345.20866,0.000345
63025900,"Other Table linen of other textiles, nes (excl  knitted or crocheted)",United Arab Emirates,PCS,3.0,6.8778,7e-06
63031200,"Curtains, interior blinds, bed, valances o   synthetic fibres, knitted or crochet",Switzerland,PCS,251.0,272.42962,0.000272
63039900,Curtains and interior blinds; curtain/bed   alances of other textiles materials,India,PCS,70.0,14.0,1.4e-05
63041100,Knitted or crocheted bedspreads   .,Australia,PCS,1.0,0.1,0.0
63041900,Bedspreads (excl knitted or crocheted)   .,Germany,PCS,100.0,986.12101,0.000986
63041900,Bedspreads (excl knitted or crocheted)   .,Netherlands,PCS,26.0,25.46007,2.5e-05
63041900,Bedspreads (excl knitted or crocheted)   .,United States,PCS,4257.0,313.77583,0.000314
63049100,"Knitted or crocheted furnishing articles,   es",China,PCS,750.0,136.854,0.000137
63049100,"Knitted or crocheted furnishing articles,   es",Switzerland,PCS,155.0,96.75488,9.7e-05
63049210,Cushion cover of cottion not knitted or croacheted,Germany,PCS,335.0,182.55812,0.000183
63051000,Sacks and bags of jute,India,Kg,462657.0,114493.98537,0.114494
63052000,"Sacks and bags, used for packing goods, of  cotton",Australia,Kg,145.0,77.02078,7.7e-05
63052000,"Sacks and bags, used for packing goods, of  cotton",China,Kg,1304.5,227.02812,0.000227
63052000,"Sacks and bags, used for packing goods, of  cotton",Denmark,Kg,8.0,11.08044,1.1e-05
63052000,"Sacks and bags, used for packing goods, of  cotton",Finland,Kg,40.9,103.40593,0.000103
63052000,"Sacks and bags, used for packing goods, of  cotton",France,Kg,1075.0,2089.19196,0.002089
63052000,"Sacks and bags, used for packing goods, of  cotton",Germany,Kg,127.0,1131.09925,0.001131
63052000,"Sacks and bags, used for packing goods, of  cotton",Israel,Kg,840.0,640.13331,0.00064
63052000,"Sacks and bags, used for packing goods, of  cotton",Japan,Kg,6.0,4.44706,4e-06
63052000,"Sacks and bags, used for packing goods, of  cotton",Mexico,Kg,371.0,1044.344,0.001044
63052000,"Sacks and bags, used for packing goods, of  cotton",Netherlands,Kg,44.4,383.96935,0.000384
63052000,"Sacks and bags, used for packing goods, of  cotton",Norway,Kg,200.0,34.29225,3.4e-05
63052000,"Sacks and bags, used for packing goods, of  cotton",United Kingdom,Kg,660.0,1386.28635,0.001386
63052000,"Sacks and bags, used for packing goods, of  cotton",United States,Kg,7717.0,20291.67321,0.020292
63053300,"Sacks and bags,used for packing goods, of   olyethylene or polypropylene strip",India,Kg,5472.299805,2041.42512,0.002041
63061900,"Tarpaulins, awnings and sunblinds, of othe   textiles materials, nes.",India,PCS,1.0,1.8,2e-06
63071000,"Floor-cloths, dish-cloths, dusters and sim  lar cleaning cloths.",United States,PCS,123.0,524.61281,0.000525
63079010,"Cloth, cut into triangular shape in the fo  m to cover umbrella ribs.",Australia,PCS,2.0,1.75177,2e-06
63079010,"Cloth, cut into triangular shape in the fo  m to cover umbrella ribs.",Germany,PCS,5808.0,2632.141,0.002632
63079010,"Cloth, cut into triangular shape in the fo  m to cover umbrella ribs.",Norway,PCS,1.0,1.06813,1e-06
63079010,"Cloth, cut into triangular shape in the fo  m to cover umbrella ribs.",United States,PCS,11128.0,15555.45032,0.015555
63079090,Others made up textile article,Austria,PCS,1.0,4.55359,5e-06
63079090,Others made up textile article,Canada,PCS,2016.0,3909.50725,0.00391
63079090,Others made up textile article,China,PCS,14001.0,21.50974,2.2e-05
63079090,Others made up textile article,Denmark,PCS,45701.0,60240.848,0.060241
63079090,Others made up textile article,Germany,PCS,19055.0,7270.26078,0.00727
63079090,Others made up textile article,India,PCS,446.0,3146.4,0.003146
63079090,Others made up textile article,Japan,PCS,7089.0,8914.788,0.008915
63079090,Others made up textile article,Switzerland,PCS,1.0,214.78475,0.000215
63079090,Others made up textile article,United States,PCS,9175.0,2030.45487,0.00203
63090000,Worn clothing and other worn articles,India,Kg,1500.0,150.0,0.00015
63101000,"Sorted Used or new rags,scrap twine, cordage,rope&cable&worn out article of twine etc",Finland,Kg,250.0,23.1315,2.3e-05
63101000,"Sorted Used or new rags,scrap twine, cordage,rope&cable&worn out article of twine etc",India,Kg,32000.0,1203.2,0.001203
63101000,"Sorted Used or new rags,scrap twine, cordage,rope&cable&worn out article of twine etc",Lebanon,Kg,56.0,370.8096,0.000371
63101000,"Sorted Used or new rags,scrap twine, cordage,rope&cable&worn out article of twine etc",Morocco,Kg,92.0,69.58104,7e-05
63101000,"Sorted Used or new rags,scrap twine, cordage,rope&cable&worn out article of twine etc",Philippines,Kg,388.0,76.095,7.6e-05
63101000,"Sorted Used or new rags,scrap twine, cordage,rope&cable&worn out article of twine etc",Singapore,Kg,18.0,1.37403,1e-06
63101000,"Sorted Used or new rags,scrap twine, cordage,rope&cable&worn out article of twine etc",Sudan,Kg,181.0,148.08258,0.000148
63101000,"Sorted Used or new rags,scrap twine, cordage,rope&cable&worn out article of twine etc",Syrian Arab Republic,Kg,41.0,141.336,0.000141
63101000,"Sorted Used or new rags,scrap twine, cordage,rope&cable&worn out article of twine etc","Taiwan, Province of China",Kg,400.0,130.64253,0.000131
63101000,"Sorted Used or new rags,scrap twine, cordage,rope&cable&worn out article of twine etc",Thailand,Kg,1156.900024,129.7115,0.00013
63109000,"Other Used or new rags,scrap twine,cordage,rope& cable&worn out article of twine etc,",United States,Kg,65.0,30.564,3.1e-05
64019900,Other waterproof footwear (not covering the ankle),India,PAIR,1452.0,755.04,0.000755
64021900,"Sport footwear, nes, of rubber or plastics",China,PAIR,240.0,38.2032,3.8e-05
64029900,"Other footwear, nes, not covering the ankle, of rubber or plastics",India,PAIR,478076.0,131352.15015,0.131352
64029900,"Other footwear, nes, not covering the ankle, of rubber or plastics",Japan,PAIR,16.0,24.79941,2.5e-05
64029900,"Other footwear, nes, not covering the ankle, of rubber or plastics",Malaysia,PAIR,24.0,18.5052,1.9e-05
64035900,"Footwear with leather soles and uppers, not covering the ankle",China,PAIR,468.0,18.04257,1.8e-05
64041900,"Sports footwear, with rubber or plastic soles and textile uppers",India,PAIR,640087.0,394205.65348,0.394206
64041900,"Sports footwear, with rubber or plastic soles and textile uppers",United Kingdom,PAIR,51.0,17.31766,1.7e-05
64042000,Footwear with outer soles of leather or composition leather,Australia,PAIR,23.0,10.43304,1e-05
64042000,Footwear with outer soles of leather or composition leather,Canada,PAIR,333.0,36.46541,3.6e-05
64042000,Footwear with outer soles of leather or composition leather,Hong Kong,PAIR,18.0,10.7576,1.1e-05
64042000,Footwear with outer soles of leather or composition leather,India,PAIR,1.0,3.0804,3e-06
64042000,Footwear with outer soles of leather or composition leather,Netherlands,PAIR,182.0,275.36258,0.000275
64042000,Footwear with outer soles of leather or composition leather,United Arab Emirates,PAIR,80.0,91.84405,9.2e-05
64042000,Footwear with outer soles of leather or composition leather,United Kingdom,PAIR,758.0,360.32008,0.00036
64052010,Other footware with uppers of cotton textile materials,Canada,PAIR,3434.0,6553.0645,0.006553
64059000,"Footwear, nes",China,PAIR,770.0,154.0,0.000154
64059000,"Footwear, nes",United States,PAIR,3277.0,5701.32588,0.005701
64069000,Other shoe parts,Poland,PR,1.0,3.0284,3e-06
65020000,"Hat-shapes, plaited or made by assembling   trips of any material",Canada,PCS,507.0,337.41147,0.000337
65050019,Other hair nets,Canada,Kg,9.67,167.74964,0.000168
65050030,Sun cap,United States,PCS,1.0,1.16335,1e-06
65050090,Other cap,Austria,PCS,3124.0,18436.61967,0.018437
65050090,Other cap,Canada,PCS,6789.0,6693.03225,0.006693
65050090,Other cap,China,PCS,1424.0,200.31876,0.0002
65050090,Other cap,Germany,PCS,254.0,1469.43266,0.001469
65050090,Other cap,"Korea, Republic of",PCS,12.0,112.00716,0.000112
65050090,Other cap,Poland,PCS,2.0,12.71928,1.3e-05
65050090,Other cap,United Kingdom,PCS,2.0,0.4,0.0
65050090,Other cap,United States,PCS,25415.0,27554.77498,0.027555
65061000,Safety headgear,Australia,PCS,1.0,5.402,5e-06
67029010,"Artificial flowers, foliage, etc and artic  es thereof of other materials",United States,Kg,309.119995,1665.71519,0.001666
67029090,"Artificial flowers, foliage, etc and artic  es thereof of other materials",Australia,Kg,10.0,9.1182,9e-06
67029090,"Artificial flowers, foliage, etc and artic  es thereof of other materials",United States,Kg,309.119995,1681.50238,0.001682
67041100,Complete wigs of synthetic textile materia  s,Japan,Kg,0.5,1.5421,2e-06
67041100,Complete wigs of synthetic textile materia  s,"Korea, Republic of",Kg,9.89,156.18024,0.000156
67041100,Complete wigs of synthetic textile materia  s,Malaysia,Kg,0.5,3.0448,3e-06
67042000,"Wigs, false beards, eyebrows, etc and arti  les, nes, of human hair",Canada,Kg,5.78,514.36506,0.000514
67042000,"Wigs, false beards, eyebrows, etc and arti  les, nes, of human hair",China,Kg,443.0,4296.42582,0.004296
67042000,"Wigs, false beards, eyebrows, etc and arti  les, nes, of human hair",Japan,Kg,1.57,28.98392,2.9e-05
67042000,"Wigs, false beards, eyebrows, etc and arti  les, nes, of human hair","Korea, Republic of",Kg,23.75,332.78198,0.000333
67042000,"Wigs, false beards, eyebrows, etc and arti  les, nes, of human hair",Malaysia,Kg,310.0,57.50225,5.8e-05
67042000,"Wigs, false beards, eyebrows, etc and arti  les, nes, of human hair",Netherlands,Kg,14.0,5058.82084,0.005059
67042000,"Wigs, false beards, eyebrows, etc and arti  les, nes, of human hair",United States,Kg,20.0,2003.17675,0.002003
67049000,"Wigs, false beards, eyebrows, etc, nes of   ther materials",Netherlands,Kg,5.6,925.84475,0.000926
67049000,"Wigs, false beards, eyebrows, etc, nes of   ther materials",United States,Kg,29.0,2440.64862,0.002441
68029100,"Marble, travertine and alabaster, worked  .",India,Kg,22740.0,2882.45125,0.002882
68043000,Hand sharpening or polishing stones   .,Thailand,Kg,0.6,6.8418,7e-06
68101190,Other Building blocks and bricks,India,PCS,443579.0,17387.62148,0.017388
68159900,"Articles of stone or other mineral substan  es, nes.",China,Kg,230.0,4.16367,4e-06
69029000,"Refractory bricks, blocks, tiles, etc, nes",India,Kg,112890.0,254.00249,0.000254
69072100,Of a water absorption coefficient by weight not exceeding 0.5 %,India,SQM,12346.559967,5824.33579,0.005824
69074000,Finishing Ceramics,India,SQM,22212.559975,6959.232,0.006959
69119000,"Household and toilet articles, nes, of por  elain or china",China,PCS,45.0,103.21425,0.000103
69120000,"Ceramic tableware, kitchenware, other hous  hold articles (excl porcelain or chin",China,PCS,30.0,68.5755,6.9e-05
69120000,"Ceramic tableware, kitchenware, other hous  hold articles (excl porcelain or chin",Sweden,PCS,8138.0,3768.70628,0.003769
69120000,"Ceramic tableware, kitchenware, other hous  hold articles (excl porcelain or chin",United Kingdom,PCS,332.0,207.80045,0.000208
69131000,Statuettes and other ornamental ceramic ar  icles of porcelain or china,Hong Kong,PCS,101.0,47.35116,4.7e-05
69139000,Statuettes and other ornamental articles (  xcl porcelain or china),Australia,PCS,1.0,13.49774,1.3e-05
69139000,Statuettes and other ornamental articles (  xcl porcelain or china),Japan,PCS,2.0,3.058,3e-06
69139000,Statuettes and other ornamental articles (  xcl porcelain or china),New Zealand,PCS,5.0,17.23738,1.7e-05
69141000,"Ceramic articles, nes, of porcelain or chi  a",Germany,PCS,399.0,231.41023,0.000231
69141000,"Ceramic articles, nes, of porcelain or chi  a",Sweden,PCS,2610.0,1226.72628,0.001227
69141000,"Ceramic articles, nes, of porcelain or chi  a",United Arab Emirates,PCS,100.0,53.34,5.3e-05
69141000,"Ceramic articles, nes, of porcelain or chi  a",United States,PCS,2752.0,1519.19728,0.001519
69149000,"Ceramic articles, nes (excl porcelain or  c ina).",Australia,PCS,271.0,45.88662,4.6e-05
69149000,"Ceramic articles, nes (excl porcelain or  c ina).",Canada,PCS,192.0,47.05165,4.7e-05
70010000,"Cullet and other waste and scrap of glass, excluding glass from cathode ray tubes or",India,Kg,6052415.0,67978.51919,0.067979
70071900,"Toughened (tempered) safety glass, nes",India,SQM,7265.463012,16406.85375,0.016407
70109000,"Carboys, bottles, flasks, jar, pot, phials  etc of glass, nes",Japan,GRO,3.84,4.6128,5e-06
70131000,"Glass-ceramic objects, used for table, kitchen, toilet, office, indoor decoration",Australia,PCS,749.0,460.88786,0.000461
70131000,"Glass-ceramic objects, used for table, kitchen, toilet, office, indoor decoration",Belgium,PCS,123.0,33.28164,3.3e-05
70131000,"Glass-ceramic objects, used for table, kitchen, toilet, office, indoor decoration",Canada,PCS,4.0,41.256,4.1e-05
70131000,"Glass-ceramic objects, used for table, kitchen, toilet, office, indoor decoration",Denmark,PCS,3863.0,638.52194,0.000639
70131000,"Glass-ceramic objects, used for table, kitchen, toilet, office, indoor decoration",France,PCS,9054.0,1178.16022,0.001178
70131000,"Glass-ceramic objects, used for table, kitchen, toilet, office, indoor decoration",Germany,PCS,80.0,556.452,0.000556
70131000,"Glass-ceramic objects, used for table, kitchen, toilet, office, indoor decoration",Iceland,PCS,91182.0,7283.2415,0.007283
70131000,"Glass-ceramic objects, used for table, kitchen, toilet, office, indoor decoration",Japan,PCS,24.0,4.44125,4e-06
70131000,"Glass-ceramic objects, used for table, kitchen, toilet, office, indoor decoration","Korea, Republic of",PCS,54.0,50.70383,5.1e-05
70131000,"Glass-ceramic objects, used for table, kitchen, toilet, office, indoor decoration",Netherlands,PCS,541.0,395.705,0.000396
70131000,"Glass-ceramic objects, used for table, kitchen, toilet, office, indoor decoration",Romania,PCS,291.0,757.8325,0.000758
70131000,"Glass-ceramic objects, used for table, kitchen, toilet, office, indoor decoration",United Arab Emirates,PCS,11.0,35.55607,3.6e-05
70131000,"Glass-ceramic objects, used for table, kitchen, toilet, office, indoor decoration",United Kingdom,PCS,1088.0,416.1922,0.000416
70131000,"Glass-ceramic objects, used for table, kitchen, toilet, office, indoor decoration",United States,PCS,600664.0,90904.48911,0.090904
70139900,"Other -  glassware, nes",United States,PCS,20435.0,3122.468,0.003122
70179000,"Laboratory, hygienic or pharmaceutical gla  sware, nes",Hong Kong,Kg,0.5,158.45078,0.000158
70179000,"Laboratory, hygienic or pharmaceutical gla  sware, nes","Korea, Republic of",Kg,0.2,55.008,5.5e-05
70181010,"Bangles,tika ,tikuli & beds",Australia,GRO,0.2,0.012,0.0
70181010,"Bangles,tika ,tikuli & beds",China,GRO,650.0,52.0,5.2e-05
70181010,"Bangles,tika ,tikuli & beds",Japan,GRO,1.24,3.50037,4e-06
70181010,"Bangles,tika ,tikuli & beds",Netherlands,GRO,3.125,166.4082,0.000166
70181010,"Bangles,tika ,tikuli & beds",Spain,GRO,13026.9,498.08359,0.000498
70181010,"Bangles,tika ,tikuli & beds",Thailand,GRO,36.0,13.10382,1.3e-05
70181010,"Bangles,tika ,tikuli & beds",United States,GRO,52.779999,821.47213,0.000821
70181020,Glass beads (Pote),China,Kg,1563.19,150.224,0.00015
70181020,Glass beads (Pote),Denmark,Kg,43.9,941.63786,0.000942
70181020,Glass beads (Pote),France,Kg,49.0,3603.87891,0.003604
70181020,Glass beads (Pote),Hong Kong,Kg,0.3,31.54334,3.2e-05
70181020,Glass beads (Pote),Iceland,Kg,9.0,378.38759,0.000378
70181020,Glass beads (Pote),Japan,Kg,15.5,10.19053,1e-05
70181020,Glass beads (Pote),"Korea, Republic of",Kg,0.097,0.3,0.0
70181020,Glass beads (Pote),Mexico,Kg,3.0,75.38148,7.5e-05
70181020,Glass beads (Pote),Netherlands,Kg,6.65,105.50498,0.000106
70181020,Glass beads (Pote),New Zealand,Kg,8.5,5.05131,5e-06
70181020,Glass beads (Pote),Switzerland,Kg,0.49,2.8,3e-06
70181020,Glass beads (Pote),United Kingdom,Kg,3.0,309.345,0.000309
70181020,Glass beads (Pote),United States,Kg,27.0,676.62889,0.000677
70189010,Glass statuette and ornamental articles,France,PCS,1292.0,198.58758,0.000199
70189010,Glass statuette and ornamental articles,United Arab Emirates,PCS,113.0,17.42101,1.7e-05
70189010,Glass statuette and ornamental articles,United Kingdom,PCS,27.0,18.82022,1.9e-05
70189010,Glass statuette and ornamental articles,United States,PCS,21.0,26.2388,2.6e-05
70189090,"Glass statuettes and other ornaments of la  p-worked glass,  nes",United Kingdom,Kg,44.0,6.0943,6e-06
70200000,"Other articles of glass, nes  .",Japan,PCS,385.0,214.81985,0.000215
71011000,"Natural pearls (excl strung, mounted or s e )",China,Kg,454.0,29.90857,3e-05
71131100,Articles of jewellery and parts thereof of silver,Australia,GRM,6225.18,3359.95723,0.00336
71131100,Articles of jewellery and parts thereof of silver,Canada,GRM,1130.0,549.55856,0.00055
71131100,Articles of jewellery and parts thereof of silver,Croatia,GRM,1890.0,878.9,0.000879
71131100,Articles of jewellery and parts thereof of silver,Cyprus,GRM,348.0,179.22441,0.000179
71131100,Articles of jewellery and parts thereof of silver,Germany,GRM,2472.0,3286.97781,0.003287
71131100,Articles of jewellery and parts thereof of silver,Israel,GRM,140.0,117.3249,0.000117
71131100,Articles of jewellery and parts thereof of silver,Japan,GRM,566.771609,1460.8973,0.001461
71131100,Articles of jewellery and parts thereof of silver,Switzerland,GRM,0.2448,204.83469,0.000205
71131100,Articles of jewellery and parts thereof of silver,"Taiwan, Province of China",GRM,121.0,133.3245,0.000133
71131100,Articles of jewellery and parts thereof of silver,United Kingdom,GRM,1880.0,1044.985,0.001045
71131100,Articles of jewellery and parts thereof of silver,United States,GRM,51298.909677,26281.83276,0.026282
71131910,"Jewellery of Gold, including parts",United States,GRM,1129.173788,26414.13425,0.026414
71141100,Articles of goldsmiths' or silversmiths' w  res of silver,Canada,GRM,3000.0,8.60313,9e-06
71171900,"Imitation jewellery of base metal (incl p l ted), nes",Australia,Kg,5.92,9.00618,9e-06
71171900,"Imitation jewellery of base metal (incl p l ted), nes",China,Kg,496.0,59.0674,5.9e-05
71171900,"Imitation jewellery of base metal (incl p l ted), nes",Japan,Kg,1.0,3.806,4e-06
71171900,"Imitation jewellery of base metal (incl p l ted), nes",Netherlands,Kg,374.959999,18229.23442,0.018229
71171900,"Imitation jewellery of base metal (incl p l ted), nes",Singapore,Kg,1.57,317.58719,0.000318
71171900,"Imitation jewellery of base metal (incl p l ted), nes",Spain,Kg,19.0,989.11806,0.000989
71171900,"Imitation jewellery of base metal (incl p l ted), nes",Switzerland,Kg,12.73,870.40111,0.00087
71171900,"Imitation jewellery of base metal (incl p l ted), nes",United Kingdom,Kg,145.0,60.81557,6.1e-05
71171900,"Imitation jewellery of base metal (incl p l ted), nes",United States,Kg,57.0,252.8512,0.000253
71179000,Imitation jewellery (excl of base metal)  n s,Australia,Kg,90.1,49.38487,4.9e-05
71179000,Imitation jewellery (excl of base metal)  n s,Canada,Kg,28.0,26.15801,2.6e-05
71179000,Imitation jewellery (excl of base metal)  n s,China,Kg,2344.0,296.09746,0.000296
71179000,Imitation jewellery (excl of base metal)  n s,Finland,Kg,22.5,1268.09157,0.001268
71179000,Imitation jewellery (excl of base metal)  n s,Germany,Kg,141.306,2193.9359,0.002194
71179000,Imitation jewellery (excl of base metal)  n s,Hong Kong,Kg,0.2,10.7576,1.1e-05
71179000,Imitation jewellery (excl of base metal)  n s,Israel,Kg,24.0,6.87294,7e-06
71179000,Imitation jewellery (excl of base metal)  n s,Italy,Kg,8.0,107.36428,0.000107
71179000,Imitation jewellery (excl of base metal)  n s,Japan,Kg,137.0,140.04712,0.00014
71179000,Imitation jewellery (excl of base metal)  n s,Morocco,Kg,350.0,558.36281,0.000558
71179000,Imitation jewellery (excl of base metal)  n s,Netherlands,Kg,155.11,332.40589,0.000332
71179000,Imitation jewellery (excl of base metal)  n s,Portugal,Kg,30.0,102.00036,0.000102
71179000,Imitation jewellery (excl of base metal)  n s,South Africa,Kg,28.0,147.94473,0.000148
71179000,Imitation jewellery (excl of base metal)  n s,Spain,Kg,40.0,185.97727,0.000186
71179000,Imitation jewellery (excl of base metal)  n s,Switzerland,Kg,0.1,12.00627,1.2e-05
71179000,Imitation jewellery (excl of base metal)  n s,"Taiwan, Province of China",Kg,27.0,37.3467,3.7e-05
71179000,Imitation jewellery (excl of base metal)  n s,Thailand,Kg,275.0,332.35091,0.000332
71179000,Imitation jewellery (excl of base metal)  n s,United Arab Emirates,Kg,2.2,46.59891,4.7e-05
71179000,Imitation jewellery (excl of base metal)  n s,United Kingdom,Kg,210.7,552.20562,0.000552
71179000,Imitation jewellery (excl of base metal)  n s,United States,Kg,2094.0,12739.83523,0.01274
72041000,Waste and scrap of cast iron  .,India,Kg,18000.0,1440.0,0.00144
72042100,Waste and scrap of stainless steel,India,Kg,1045015.0,78919.891,0.07892
72044900,"Ferrous waste and scrap, nes  .",India,Kg,50645.0,1215.48,0.001215
72091800,"Flat/cold-rolled iron/steel, in coils, wid  h >=600mm, < 05mm thickness",India,Kg,61068.0,7853.38075,0.007853
72092800,"Flat/cold-rolled iron/steel, not in coils,  width >=600mm, < 05mm thickness",India,Kg,2128357.0,273879.02878,0.273879
72104100,"Flat-rolled iron/steel,width >=600mm, plat  dwith zinc,(exclelectro-plated)cor",India,Kg,1150258.0,168107.50119,0.168108
72104900,"Flat-rolled iron/steel,width >=600mm, plat  d or coated with zinc(exclelectro-pla",India,Kg,2755610.0,399035.57144,0.399036
72106100,"Rolled iron/steel, width >=600mm, plated o   coated with aluminium-zinc alloys",Belgium,Kg,50690.0,10390.4625,0.01039
72106100,"Rolled iron/steel, width >=600mm, plated o   coated with aluminium-zinc alloys",India,Kg,441511.0,59014.218,0.059014
72107000,"Rolled iron/steel, width >=600mm, painted,  varnished or coated with plastics",India,Kg,4807205.0,733495.32982,0.733495
72112300,"Flat/cold-rolled iron/steel, width <600mm,  containing by weight < 025% carbon",India,Kg,1038179.0,133386.68919,0.133387
72142000,"Iron/steel bars & rods, hot-rolled,twis ted  or with deformations from rolling",India,Kg,332550.0,27727.232,0.027727
72165000,"Angles, shapes and sections of iron/steel,  not further worked than hot-rolled,",Bhutan,Kg,114.22,48.37,4.8e-05
72172000,"Wire of iron or non-alloy steel,plated or   oated with zinc.",India,Kg,327479.0,39195.41442,0.039195
73012000,"Welded angles, shapes and sections of iron  or steel",Japan,Kg,192.0,91.692,9.2e-05
73063000,"Other tubes,pipes&hollow profile, welded,o   circular crosssection,of iron/nonall",Canada,Kg,77571.0,12590.63444,0.012591
73063000,"Other tubes,pipes&hollow profile, welded,o   circular crosssection,of iron/nonall",India,Kg,129809.700012,12791.1392,0.012791
73066100,"Tube, pipesa, welded, of non ciruclar cros  section of square or rectangular cros",India,Kg,98.761002,9.48106,9e-06
73069090,"Others welded, of non-circular cross-section pipe",India,Kg,574655.0,46119.31056,0.046119
73083000,"Doors, window-frames and thresholds for do  rs of iron or steel.",Bhutan,Kg,245.420002,137.91501,0.000138
73089000,"Structures and parts of structures, nes, o   iron or steel",Bhutan,Kg,3655.52002,1767.22001,0.001767
73090000,"Reservoirs, tanks (excl for gas) of ir on o  steel, >300 l",India,PCS,24.0,603.3215,0.000603
73110010,"Oxygen cylinder, tank and similar goods of iron or steel",India,PCS,27.0,86.4,8.6e-05
73121000,"Stranded wire, cables of iron or steel, no   electically insulated",India,Kg,71480.0,1601.24,0.001601
73144100,"Iron/steel cloth, grill, netting & fencing   nes, plated or coated with zinc.",India,Kg,98987.016479,14465.4816,0.014465
73181900,"Threaded articles, nes, of iron or steel  .",Bhutan,Kg,23.8,50.48499,5e-05
73231000,"Iron or steel wool, pot scourers, scouring  or polishing pads, gloves",China,Kg,11358.0,1575.6121,0.001576
73231000,"Iron or steel wool, pot scourers, scouring  or polishing pads, gloves",Japan,Kg,1980.0,255.43473,0.000255
73231000,"Iron or steel wool, pot scourers, scouring  or polishing pads, gloves",United Kingdom,Kg,22.0,7.7105,8e-06
73239100,"Table, kitchen or household articles of  ca t iron, not enamelled",India,Kg,17760.0,3612.526,0.003613
73239100,"Table, kitchen or household articles of  ca t iron, not enamelled",United Kingdom,Kg,22.0,4.6158,5e-06
73239300,"Table, kitchen or household articles of  st inless steel",Australia,Kg,1120.059998,1392.07845,0.001392
73239300,"Table, kitchen or household articles of  st inless steel",Brunei Darussalam,Kg,90.0,59.42383,5.9e-05
73239300,"Table, kitchen or household articles of  st inless steel",Hong Kong,Kg,260.0,10.7576,1.1e-05
73239300,"Table, kitchen or household articles of  st inless steel",India,Kg,1824085.519531,1341361.04405,1.341361
73239300,"Table, kitchen or household articles of  st inless steel",Israel,Kg,138.0,68.08719,6.8e-05
73239300,"Table, kitchen or household articles of  st inless steel",Japan,Kg,5596.080001,850.11217,0.00085
73239300,"Table, kitchen or household articles of  st inless steel",Malaysia,Kg,9.9,0.068,0.0
73239300,"Table, kitchen or household articles of  st inless steel",Netherlands,Kg,1666.0,319.22688,0.000319
73239300,"Table, kitchen or household articles of  st inless steel",New Zealand,Kg,60.0,39.1754,3.9e-05
73239300,"Table, kitchen or household articles of  st inless steel",Qatar,Kg,356.959991,127.03892,0.000127
73239300,"Table, kitchen or household articles of  st inless steel",Singapore,Kg,45.0,28.861,2.9e-05
73239300,"Table, kitchen or household articles of  st inless steel",Switzerland,Kg,16.92,15.73222,1.6e-05
73239300,"Table, kitchen or household articles of  st inless steel",Thailand,Kg,24.5,8.35835,8e-06
73239300,"Table, kitchen or household articles of  st inless steel",United Arab Emirates,Kg,986.0,103.92547,0.000104
73239300,"Table, kitchen or household articles of  st inless steel",United Kingdom,Kg,8373.0,701.95336,0.000702
73239300,"Table, kitchen or household articles of  st inless steel",United States,Kg,849.0,820.91458,0.000821
73239400,"Table, kitchen or household articles of  ir n or steel, enamelled",India,Kg,2002.880005,240.34559,0.00024
73239400,"Table, kitchen or household articles of  ir n or steel, enamelled",United Kingdom,Kg,22.0,4.6158,5e-06
73239900,"Table, kitchen or household articles of  ir n or steel, nes.",China,Kg,2025.0,93.0645,9.3e-05
73239900,"Table, kitchen or household articles of  ir n or steel, nes.",India,Kg,5000.0,200.0,0.0002
73239900,"Table, kitchen or household articles of  ir n or steel, nes.",Japan,Kg,20.0,14.478,1.4e-05
73239900,"Table, kitchen or household articles of  ir n or steel, nes.",United Kingdom,Kg,530.0,69.74328,7e-05
73239900,"Table, kitchen or household articles of  ir n or steel, nes.",United States,Kg,221.0,482.3545,0.000482
73259900,"Cast articles of iron or steel, nes",India,Kg,9590.0,2240.0,0.00224
73269000,"Articles of iron or steel, nes   .",Canada,Kg,25.0,6.34257,6e-06
74032100,"Brass, unwrought  .",Australia,Kg,0.36,1.2,1e-06
74032100,"Brass, unwrought  .",Hong Kong,Kg,0.28,0.5,0.0
74032100,"Brass, unwrought  .",Japan,Kg,7.0,6.112,6e-06
74032100,"Brass, unwrought  .","Korea, Republic of",Kg,7.8,6.93945,7e-06
74032100,"Brass, unwrought  .",New Zealand,Kg,0.555,1.1,1e-06
74032100,"Brass, unwrought  .",United Kingdom,Kg,0.93,1.08,1e-06
74032100,"Brass, unwrought  .",United States,Kg,4.0,135.792,0.000136
74032200,"Bronze, unwrought",United States,Kg,15.0,0.1529,0.0
74032900,"Copper (excl master alloys or heading 74 05  nes, unwrought.",Canada,Kg,16.0,8.78202,9e-06
74091100,"Plates, sheets and strip, of refined coppe  , in coils, >015mm thick.",India,Kg,3644.0,7830.008,0.00783
74092100,"Plates, sheets and strip, of brass, in coi  s, >015mm thick.",India,Kg,158269.0,266355.11162,0.266355
74093100,"Plates, sheets and strip, of bronze, in co  ls, >015mm thick",India,Kg,2156.0,5019.168,0.005019
74181000,"Table, kitchen or other household articles  nd parts thereof;pot scourers and sco",China,Kg,73764.0,15696.76561,0.015697
74192000,"Cast, moulded, stamped or forged, but not further worked",United States,Kg,10.0,88.75034,8.9e-05
74198000,Other article of copper,Australia,Kg,13.17,193.26483,0.000193
74198000,Other article of copper,Canada,Kg,75.54,226.53268,0.000227
74198000,Other article of copper,China,Kg,42498.099899,2512.42513,0.002512
74198000,Other article of copper,Czech Republic,Kg,1.24,51.5542,5.2e-05
74198000,Other article of copper,France,Kg,15.4,39.15333,3.9e-05
74198000,Other article of copper,Germany,Kg,48.11,1102.19307,0.001102
74198000,Other article of copper,Hong Kong,Kg,6.0,61.296,6.1e-05
74198000,Other article of copper,Indonesia,Kg,34.0,48.59676,4.9e-05
74198000,Other article of copper,Japan,Kg,1.55,133.035,0.000133
74198000,Other article of copper,Netherlands,Kg,32.25,14.26878,1.4e-05
74198000,Other article of copper,New Zealand,Kg,1.7,89.5662,9e-05
74198000,Other article of copper,Spain,Kg,90.0,223.68005,0.000224
74198000,Other article of copper,Switzerland,Kg,0.09,26.43608,2.6e-05
74198000,Other article of copper,"Taiwan, Province of China",Kg,255.0,478.54792,0.000479
74198000,Other article of copper,United Kingdom,Kg,206.59,126.93542,0.000127
74198000,Other article of copper,United States,Kg,2431.930019,19232.57713,0.019233
76020000,Aluminium waste and scrap,India,Kg,121755.0,25688.28,0.025688
76041090,"Other bars, rods of aluminium, not alloyed",India,Kg,13173.02002,8219.9645,0.00822
76051100,"Wire of aluminium, not alloyed, maximum cr  ss-sectional dimension >7mm",India,Kg,447543.0,257024.636,0.257025
76052100,"Wire of aluminium alloys, maximum cross-se  tional dimension >7mm",India,Kg,1129649.0,655262.5115,0.655263
76071100,"Aluminium foil, =<02mm thick, not backed,   olled but not further worked.",Sri Lanka,Kg,0.4,1.0,1e-06
76151000,"Table, kitchen or other household articles  nd parts thereof;pot scourers and sco",Australia,PCS,350.0,600.29444,0.0006
76151000,"Table, kitchen or other household articles  nd parts thereof;pot scourers and sco",China,PCS,2581.0,1474.06372,0.001474
76151000,"Table, kitchen or other household articles  nd parts thereof;pot scourers and sco",Malaysia,PCS,3.0,18.0,1.8e-05
76151000,"Table, kitchen or other household articles  nd parts thereof;pot scourers and sco",United Kingdom,PCS,743.0,75.6023,7.6e-05
76151000,"Table, kitchen or other household articles  nd parts thereof;pot scourers and sco",United States,PCS,5238.0,4840.50714,0.004841
78019900,Unwrought lead (excl refined and containi n  antimony),India,Kg,484815.0,153143.054,0.153143
79020000,Zinc waste and scrap  .,India,Kg,66250.0,11586.24,0.011586
82011010,Spades (Kodalo),India,PCS,8016.0,2436.864,0.002437
82011090,"Shovels; hand tools, used in agriculture, horticulture or forestry",India,PCS,45654.0,12610.56,0.012611
82119200,Knives with fixed blades (excl table kniv e ),China,PCS,880.0,134.1697,0.000134
82119200,Knives with fixed blades (excl table kniv e ),Japan,PCS,161.0,55.88895,5.6e-05
82119200,Knives with fixed blades (excl table kniv e ),Spain,PCS,12.0,21.1056,2.1e-05
82122000,Safety razor blades (incl razor blades bl a ks in strips),United Arab Emirates,PCS,403000.0,282553.379,0.282553
82151000,"Sets of assorted spoons, forks, etc (one o   more plated with precious metal)",United States,Kg,10.0,8.3633,8e-06
83061090,"Other type  of bells, gongs and the like  .",China,Kg,585.0,36.9776,3.7e-05
83061090,"Other type  of bells, gongs and the like  .",Mexico,Kg,1834.880005,2822.66175,0.002823
83061090,"Other type  of bells, gongs and the like  .",United Arab Emirates,Kg,0.5,2.5,3e-06
83062110,Statuettes of plated with precious metal,Argentina,Kg,23.0,227.445,0.000227
83062110,Statuettes of plated with precious metal,Australia,Kg,290.0,3184.23,0.003184
83062110,Statuettes of plated with precious metal,China,Kg,13639.0,3368.20189,0.003368
83062110,Statuettes of plated with precious metal,Germany,Kg,73.379997,16147.368,0.016147
83062110,Statuettes of plated with precious metal,Hong Kong,Kg,189.0,781.82058,0.000782
83062110,Statuettes of plated with precious metal,India,Kg,353.190002,553.0,0.000553
83062110,Statuettes of plated with precious metal,Italy,Kg,233.800003,1628.46569,0.001628
83062110,Statuettes of plated with precious metal,Japan,Kg,2.0,3.9,4e-06
83062110,Statuettes of plated with precious metal,Netherlands,Kg,892.149994,9317.26738,0.009317
83062110,Statuettes of plated with precious metal,Singapore,Kg,4.83,1474.79225,0.001475
83062110,Statuettes of plated with precious metal,Spain,Kg,89.0,499.49919,0.000499
83062110,Statuettes of plated with precious metal,"Taiwan, Province of China",Kg,164.350002,1709.12991,0.001709
83062110,Statuettes of plated with precious metal,United Kingdom,Kg,655.0,796.99969,0.000797
83062110,Statuettes of plated with precious metal,United States,Kg,281.51,1081.64647,0.001082
83062110,Statuettes of plated with precious metal,Viet Nam,Kg,25.74,776.82806,0.000777
83062190,Other ornaments of plated with precious metal,Canada,Kg,1.9,52.808,5.3e-05
83062190,Other ornaments of plated with precious metal,China,Kg,1793.099991,131.839,0.000132
83062190,Other ornaments of plated with precious metal,South Africa,Kg,75.0,12.3368,1.2e-05
83062190,Other ornaments of plated with precious metal,Switzerland,Kg,0.03,0.30438,0.0
83062190,Other ornaments of plated with precious metal,"Taiwan, Province of China",Kg,310.0,304.12756,0.000304
83062190,Other ornaments of plated with precious metal,United Kingdom,Kg,195.0,45.3167,4.5e-05
83062190,Other ornaments of plated with precious metal,United States,Kg,168.94,615.65127,0.000616
83062910,Other statuettes,Argentina,Kg,8.0,213.7983,0.000214
83062910,Other statuettes,Australia,Kg,20.0,77.105,7.7e-05
83062910,Other statuettes,Canada,Kg,300.0,868.0,0.000868
83062910,Other statuettes,China,Kg,15887.240025,1978.54449,0.001979
83062910,Other statuettes,Czech Republic,Kg,33.399998,186.06985,0.000186
83062910,Other statuettes,Finland,Kg,3.0,205.5375,0.000206
83062910,Other statuettes,France,Kg,45.940001,147.73778,0.000148
83062910,Other statuettes,Germany,Kg,60.790001,2288.06033,0.002288
83062910,Other statuettes,Hong Kong,Kg,7.3,81.2172,8.1e-05
83062910,Other statuettes,India,Kg,13607.059982,10839.02367,0.010839
83062910,Other statuettes,Japan,Kg,7.4,21.97493,2.2e-05
83062910,Other statuettes,"Korea, Republic of",Kg,8.65,310.83562,0.000311
83062910,Other statuettes,Norway,Kg,3.0,161.12794,0.000161
83062910,Other statuettes,Poland,Kg,20.0,1015.20962,0.001015
83062910,Other statuettes,"Taiwan, Province of China",Kg,185.800003,986.36581,0.000986
83062910,Other statuettes,United Kingdom,Kg,245.0,137.016,0.000137
83062910,Other statuettes,United States,Kg,367.730001,580.79295,0.000581
83062910,Other statuettes,Viet Nam,Kg,5.0,11.51975,1.2e-05
83062990,Other ornaments,Australia,Kg,0.3,0.5,0.0
83062990,Other ornaments,China,Kg,392.72,257.56953,0.000258
83062990,Other ornaments,"Korea, Republic of",Kg,0.1,0.1,0.0
83099000,"Others - Stoppers, caps and lids (excl cr o n corks),a of base metal.",China,PCS,140000.0,39.21125,3.9e-05
84071000,Aircraft spark-ignition piston engines   .,Australia,PCS,1.0,4492.544,0.004493
84112100,"Turbo-propellers, of a power =<1100kw   .",Singapore,PCS,1.0,1528.2,0.001528
84195000,Heat exchange units   .,Denmark,PCS,1.0,3042.666,0.003043
84295900,"Self-propelled bulldozers, excavators,  nes .",India,PCS,4.0,7968.0,0.007968
84295900,"Self-propelled bulldozers, excavators,  nes .",Kenya,PCS,4.0,16417.95,0.016418
84462100,"Power looms for weaving fabrics, =<30cm wi  e, shuttle type",United States,PCS,1.0,38.225,3.8e-05
84678900,"Tools for working in the hand, with non-el  ctric motor, nes.",India,PCS,38.0,61.514,6.2e-05
84811000,Pressure-reducing valves  . .,United Arab Emirates,PCS,1.0,5304.3085,0.005304
85045000,"Other Inductors, nes   .",Japan,PCS,1.0,2.5,3e-06
85114000,Starters motors and dual purposes starter  generators,Denmark,PCS,2.0,11572.728,0.011573
85114000,Starters motors and dual purposes starter  generators,France,PCS,1.0,4197.1905,0.004197
85163200,"Electro-thermic hair-dressing apparatus, e  c (excl dryers)",Australia,PCS,2.0,5.33085,5e-06
85166030,"Water heating utensils such as kettle, jug",India,PCS,7884.0,3033.76312,0.003034
85167100,Electro-thermic coffee or tea makers  . .,Bhutan,PCS,3.0,873.52538,0.000874
85167990,Other electro thermic appliances,Argentina,PCS,56400.0,21059.98025,0.02106
85176220,Networking switch,Bhutan,PCS,6.0,114.62584,0.000115
85183000,"Headphones, earphones whether or not combi  ed with a microphone & setmore louds.",Japan,PCS,2.0,4.25507,4e-06
85211000,"Video recording or reproducing apparatus,   ith or without video tuner,magnetic t",Bhutan,PCS,2.0,49.59239,5e-05
85234100,Optical media Unrecorded  .,Japan,PCS,4.0,3056.0,0.003056
85351000,"Fuses, >1000 V   .",Bhutan,PCS,42.0,814.16906,0.000814
85354000,"Lightning arresters, voltage limiters and   urge suppressors, >1000 V",Bhutan,PCS,42.0,291.77647,0.000292
85366900,"Plugs and sockets, =<1000 V   .",United Kingdom,PCS,13.0,2.31409,2e-06
85389000,"Parts of apparatus of 8535 to 8537, nes   .",Japan,PCS,3.0,1.21848,1e-06
85441100,Winding wire of copper,India,MTR,9632.0,226.33846,0.000226
85441900,Winding wire (excl of copper),Singapore,MTR,1.0,182.08216,0.000182
85446000,"Electric conductors, nes, for a voltage >1  00 V.",India,MTR,3800.0,155.0752,0.000155
87081000,Bumpers and parts thereof   .,Sweden,PCS,1.0,1.7519,2e-06
87089900,Other parts & accessories of motor vehicle   of 8701 to 8705 nes.,Japan,PCS,2.0,3.048,3e-06
87150010,Stroller,India,PCS,1.0,10.0,1e-05
88073010,"Other parts of airplanes, helicopters or unmanned",Australia,PCS,2.0,182.4576,0.000182
88073010,"Other parts of airplanes, helicopters or unmanned",France,PCS,8.0,6347.3275,0.006347
88073010,"Other parts of airplanes, helicopters or unmanned",Malaysia,PCS,1.0,2296.70825,0.002297
88073010,"Other parts of airplanes, helicopters or unmanned",Singapore,PCS,1.0,457.11,0.000457
88073010,"Other parts of airplanes, helicopters or unmanned",South Africa,PCS,26.0,1681.41144,0.001681
88073010,"Other parts of airplanes, helicopters or unmanned",Thailand,PCS,1.0,1826.88,0.001827
88073010,"Other parts of airplanes, helicopters or unmanned",United Arab Emirates,PCS,3.0,17609.1685,0.017609
90013010,Intraocular contact lenses   .,Bangladesh,PCS,12650.0,3502.38925,0.003502
90013010,Intraocular contact lenses   .,Bhutan,PCS,290.0,711.57731,0.000712
90013010,Intraocular contact lenses   .,China,PCS,330.0,615.90394,0.000616
90013010,Intraocular contact lenses   .,Fiji,PCS,1210.0,749.03512,0.000749
90013010,Intraocular contact lenses   .,Mongolia,PCS,800.0,1237.0275,0.001237
90013010,Intraocular contact lenses   .,Pakistan,PCS,25090.0,10568.256,0.010568
90013010,Intraocular contact lenses   .,Solomon Islands,PCS,200.0,118.41323,0.000118
90013010,Intraocular contact lenses   .,South Africa,PCS,470.0,454.30422,0.000454
90013010,Intraocular contact lenses   .,"Taiwan, Province of China",PCS,300.0,410.44013,0.00041
90041000,Sunglasses   .,Australia,PCS,2.0,1.5239,2e-06
90041000,Sunglasses   .,Japan,PCS,7.0,7.47565,7e-06
90041000,Sunglasses   .,"Korea, Republic of",PCS,3.0,1.0,1e-06
90041000,Sunglasses   .,New Zealand,PCS,2.0,4.5489,5e-06
90049000,"Spectacles, goggles and the like (excl su n lasses)",Australia,PCS,1.0,0.5,0.0
90049000,"Spectacles, goggles and the like (excl su n lasses)",Japan,PCS,5.0,9.9,1e-05
90049000,"Spectacles, goggles and the like (excl su n lasses)",Thailand,PCS,6.0,1.0,1e-06
90049000,"Spectacles, goggles and the like (excl su n lasses)",United Kingdom,PCS,1.0,6.0,6e-06
90149000,Parts and accessories of instruments and a  paratus for navigation,Denmark,PCS,1.0,4587.34,0.004587
90211000,Orthopaedic or fracture appliances   .,United States,PCS,30.0,894.114,0.000894
90278910,"Analyzers (Hematology, blood chemistry, clinical chemistry, immuno-chemistry)",Cambodia,PCS,35.0,5640.2225,0.00564
90278990,"Other Analyzers(exl.Hematology, blood chemistry,clinical chemistry, immuno-chemistry)",United States,PCS,1.0,4587.0,0.004587
91011100,"Electrically operated wrist-watches, mecha  ical display only, case of precious m",India,PCS,1.0,13.0,1.3e-05
91021100,"Electrically operated wrist-watches, mecha  ical display only (excl of precious m",United Arab Emirates,PCS,2.0,2.3052,2e-06
92021000,"String musical instruments played with a b  w (eg Guitars, violins, harps)",China,PCS,240.0,36.931,3.7e-05
92029000,"String musical instruments, nes   .",Japan,PCS,1.0,3.8429,4e-06
92029000,"String musical instruments, nes   .",Maldives,PCS,1.0,6.82335,7e-06
92059000,Other wind musical instruments (excl brass wind),Australia,PCS,1.0,1.0,1e-06
92059000,Other wind musical instruments (excl brass wind),Japan,PCS,4.0,2.0,2e-06
92059000,Other wind musical instruments (excl brass wind),New Zealand,PCS,3.0,3.0,3e-06
92059000,Other wind musical instruments (excl brass wind),Switzerland,PCS,2.0,118.13904,0.000118
92060000,"Percussion musical instruments (eg drums,  xylophones, cymbals, etc).",Argentina,PCS,1623.0,2088.99275,0.002089
92060000,"Percussion musical instruments (eg drums,  xylophones, cymbals, etc).",Australia,PCS,9230.0,3494.1546,0.003494
92060000,"Percussion musical instruments (eg drums,  xylophones, cymbals, etc).",Austria,PCS,71.0,214.02,0.000214
92060000,"Percussion musical instruments (eg drums,  xylophones, cymbals, etc).",Belgium,PCS,3.0,311.94644,0.000312
92060000,"Percussion musical instruments (eg drums,  xylophones, cymbals, etc).",Bhutan,PCS,1929.0,526.22609,0.000526
92060000,"Percussion musical instruments (eg drums,  xylophones, cymbals, etc).",Bulgaria,PCS,585.0,559.3148,0.000559
92060000,"Percussion musical instruments (eg drums,  xylophones, cymbals, etc).",Canada,PCS,4733.0,1629.30709,0.001629
92060000,"Percussion musical instruments (eg drums,  xylophones, cymbals, etc).",Chile,PCS,5584.0,2523.41875,0.002523
92060000,"Percussion musical instruments (eg drums,  xylophones, cymbals, etc).",China,PCS,142368.0,10569.24479,0.010569
92060000,"Percussion musical instruments (eg drums,  xylophones, cymbals, etc).",Colombia,PCS,164.0,205.99259,0.000206
92060000,"Percussion musical instruments (eg drums,  xylophones, cymbals, etc).",Czech Republic,PCS,1079.0,1560.50924,0.001561
92060000,"Percussion musical instruments (eg drums,  xylophones, cymbals, etc).",Denmark,PCS,80.0,72.8898,7.3e-05
92060000,"Percussion musical instruments (eg drums,  xylophones, cymbals, etc).",Finland,PCS,480.0,3076.6845,0.003077
92060000,"Percussion musical instruments (eg drums,  xylophones, cymbals, etc).",France,PCS,7762.0,3488.43688,0.003488
92060000,"Percussion musical instruments (eg drums,  xylophones, cymbals, etc).",Georgia,PCS,128.0,69.97428,7e-05
92060000,"Percussion musical instruments (eg drums,  xylophones, cymbals, etc).",Germany,PCS,44453.0,18377.94499,0.018378
92060000,"Percussion musical instruments (eg drums,  xylophones, cymbals, etc).",Hong Kong,PCS,2717.0,4651.93723,0.004652
92060000,"Percussion musical instruments (eg drums,  xylophones, cymbals, etc).",Hungary,PCS,361.0,2026.9541,0.002027
92060000,"Percussion musical instruments (eg drums,  xylophones, cymbals, etc).",India,PCS,32.0,18.0,1.8e-05
92060000,"Percussion musical instruments (eg drums,  xylophones, cymbals, etc).",Indonesia,PCS,1089.0,1258.38898,0.001258
92060000,"Percussion musical instruments (eg drums,  xylophones, cymbals, etc).",Israel,PCS,343.0,856.87626,0.000857
92060000,"Percussion musical instruments (eg drums,  xylophones, cymbals, etc).",Italy,PCS,8487.0,2496.11202,0.002496
92060000,"Percussion musical instruments (eg drums,  xylophones, cymbals, etc).",Japan,PCS,18280.0,8486.53097,0.008487
92060000,"Percussion musical instruments (eg drums,  xylophones, cymbals, etc).",Kenya,PCS,1135.0,356.63941,0.000357
92060000,"Percussion musical instruments (eg drums,  xylophones, cymbals, etc).","Korea, Republic of",PCS,5381.0,3672.66055,0.003673
92060000,"Percussion musical instruments (eg drums,  xylophones, cymbals, etc).",Kuwait,PCS,4.0,22.6331,2.3e-05
92060000,"Percussion musical instruments (eg drums,  xylophones, cymbals, etc).",Latvia,PCS,182.0,1425.03675,0.001425
92060000,"Percussion musical instruments (eg drums,  xylophones, cymbals, etc).",Lithuania,PCS,1867.0,189.82269,0.00019
92060000,"Percussion musical instruments (eg drums,  xylophones, cymbals, etc).",Malaysia,PCS,438.0,602.68594,0.000603
92060000,"Percussion musical instruments (eg drums,  xylophones, cymbals, etc).",Maldives,PCS,4555.0,97.85003,9.8e-05
92060000,"Percussion musical instruments (eg drums,  xylophones, cymbals, etc).",Mexico,PCS,713.0,1582.71062,0.001583
92060000,"Percussion musical instruments (eg drums,  xylophones, cymbals, etc).",Mongolia,PCS,163.0,182.65023,0.000183
92060000,"Percussion musical instruments (eg drums,  xylophones, cymbals, etc).",Netherlands,PCS,17338.0,9452.06036,0.009452
92060000,"Percussion musical instruments (eg drums,  xylophones, cymbals, etc).",New Zealand,PCS,834.0,133.778,0.000134
92060000,"Percussion musical instruments (eg drums,  xylophones, cymbals, etc).",Poland,PCS,659.0,258.07961,0.000258
92060000,"Percussion musical instruments (eg drums,  xylophones, cymbals, etc).",Portugal,PCS,70.0,54.40526,5.4e-05
92060000,"Percussion musical instruments (eg drums,  xylophones, cymbals, etc).",Romania,PCS,642.0,317.19093,0.000317
92060000,"Percussion musical instruments (eg drums,  xylophones, cymbals, etc).",Saudi Arabia,PCS,70.0,17.60305,1.8e-05
92060000,"Percussion musical instruments (eg drums,  xylophones, cymbals, etc).",Singapore,PCS,897.0,149.09865,0.000149
92060000,"Percussion musical instruments (eg drums,  xylophones, cymbals, etc).",Slovakia,PCS,4487.0,1192.68425,0.001193
92060000,"Percussion musical instruments (eg drums,  xylophones, cymbals, etc).",South Africa,PCS,227.0,195.95465,0.000196
92060000,"Percussion musical instruments (eg drums,  xylophones, cymbals, etc).",Spain,PCS,13153.0,3145.99399,0.003146
92060000,"Percussion musical instruments (eg drums,  xylophones, cymbals, etc).",Sweden,PCS,1225.0,330.144,0.00033
92060000,"Percussion musical instruments (eg drums,  xylophones, cymbals, etc).",Switzerland,PCS,21.0,32.0243,3.2e-05
92060000,"Percussion musical instruments (eg drums,  xylophones, cymbals, etc).","Taiwan, Province of China",PCS,9241.0,8607.68643,0.008608
92060000,"Percussion musical instruments (eg drums,  xylophones, cymbals, etc).",Thailand,PCS,935.0,495.13373,0.000495
92060000,"Percussion musical instruments (eg drums,  xylophones, cymbals, etc).",United Arab Emirates,PCS,5453.0,1039.22128,0.001039
92060000,"Percussion musical instruments (eg drums,  xylophones, cymbals, etc).",United Kingdom,PCS,45441.0,6613.18908,0.006613
92060000,"Percussion musical instruments (eg drums,  xylophones, cymbals, etc).",United States,PCS,102417.0,76724.96569,0.076725
92060000,"Percussion musical instruments (eg drums,  xylophones, cymbals, etc).",Viet Nam,PCS,123.0,235.33805,0.000235
92079000,"Musical instruments, nes, with electrically  produced or amplified sound.",China,PCS,230.0,69.0,6.9e-05
92099200,Parts and accessories of Musical Instrument of 9202,Japan,PCS,1.0,5.001,5e-06
92099900,"Parts and accessories of musical instrumen  s, nes",Germany,PCS,100.0,7.056,7e-06
93070000,"Swords, cutlasses, bayonets, lances and si  ilar arms and parts thereof",Japan,PCS,7.0,10.19311,1e-05
93070000,"Swords, cutlasses, bayonets, lances and si  ilar arms and parts thereof",United Arab Emirates,PCS,60.0,22.27679,2.2e-05
93070000,"Swords, cutlasses, bayonets, lances and si  ilar arms and parts thereof",United Kingdom,PCS,360.0,1786.614,0.001787
93070000,"Swords, cutlasses, bayonets, lances and si  ilar arms and parts thereof",United States,PCS,72.0,164.2248,0.000164
94015200,"Seats of cane, osier, bamboo or similar materials Of bamboo",China,PCS,1770.0,683.0,0.000683
94015200,"Seats of cane, osier, bamboo or similar materials Of bamboo",United States,PCS,2.0,1.25378,1e-06
94036000,"Wooden furniture, nes   .",China,PCS,17.0,93.5,9.3e-05
94036000,"Wooden furniture, nes   .",France,PCS,10.0,131.6175,0.000132
94036000,"Wooden furniture, nes   .",Japan,PCS,20.0,9.906,1e-05
94036000,"Wooden furniture, nes   .",Malaysia,PCS,1.0,0.7571,1e-06
94036000,"Wooden furniture, nes   .","Taiwan, Province of China",PCS,21.0,370.50517,0.000371
94036000,"Wooden furniture, nes   .",Thailand,PCS,15.0,38.1675,3.8e-05
94036000,"Wooden furniture, nes   .",United Kingdom,PCS,29.0,219.82345,0.00022
94036000,"Wooden furniture, nes   .",United States,PCS,39.0,1438.76968,0.001439
94038900,"Furniture of other materials, (excel bamboo & rattan)",China,PCS,3860.0,1607.7,0.001608
94038900,"Furniture of other materials, (excel bamboo & rattan)",Germany,PCS,5.0,93.0825,9.3e-05
94041000,Mattress supports   .,Australia,PCS,1.0,0.035,0.0
94043000,Sleeping bags  . .,United Arab Emirates,PCS,1.0,1.0,1e-06
94049000,"Articles of bedding, stuffed, etc (excl m a tresses and sleeping bags)",China,PCS,484.0,341.5705,0.000342
94049000,"Articles of bedding, stuffed, etc (excl m a tresses and sleeping bags)",France,PCS,1418.0,21745.17805,0.021745
94049000,"Articles of bedding, stuffed, etc (excl m a tresses and sleeping bags)",Philippines,PCS,4.0,5.33085,5e-06
94049000,"Articles of bedding, stuffed, etc (excl m a tresses and sleeping bags)",Singapore,PCS,2.0,2.0,2e-06
94049000,"Articles of bedding, stuffed, etc (excl m a tresses and sleeping bags)","Taiwan, Province of China",PCS,1.0,0.7603,1e-06
94049000,"Articles of bedding, stuffed, etc (excl m a tresses and sleeping bags)",United Kingdom,PCS,3.0,101.93553,0.000102
94049000,"Articles of bedding, stuffed, etc (excl m a tresses and sleeping bags)",United States,PCS,7.0,94.6748,9.5e-05
94052900,"Other Electric table, desk, bedside or floor-standing luminaires",United Arab Emirates,PCS,6.0,5.3662,5e-06
94054200,"Other electric luminaires, designed for use solely with (LED) light sources",India,PCS,190952.0,15649.232,0.015649
94055000,None-electrical luminaires and lighting fittings,Japan,PCS,60.0,16.7755,1.7e-05
94056100,"Illuminated signs, illuminated name-plates Designed for use solely with (LED) light",Philippines,PCS,1.0,1.67607,2e-06
95030000,"Tricycles, scooters, pedal cars and simila   wheeled toys; dolls' carriages; doll",China,PCS,4.0,10.0,1e-05
95030000,"Tricycles, scooters, pedal cars and simila   wheeled toys; dolls' carriages; doll",India,PCS,1.0,4.0,4e-06
95030000,"Tricycles, scooters, pedal cars and simila   wheeled toys; dolls' carriages; doll",Japan,PCS,6.0,8.28991,8e-06
95030000,"Tricycles, scooters, pedal cars and simila   wheeled toys; dolls' carriages; doll","Korea, Republic of",PCS,200.0,17.0,1.7e-05
95030000,"Tricycles, scooters, pedal cars and simila   wheeled toys; dolls' carriages; doll",Thailand,PCS,1.0,0.2,0.0
95030000,"Tricycles, scooters, pedal cars and simila   wheeled toys; dolls' carriages; doll",United Kingdom,PCS,36.0,62.78814,6.3e-05
95049000,"Other rticles for funfair, table or parlou   games, nes",Japan,PCS,6.0,1.5088,2e-06
95051010,Articles for Christmas festivities of felt (Jamoth),United States,Kg,8505.0,20456.473,0.020456
95051090,Articles for christmas festivities of other (excel felt),Australia,Kg,112.580002,960.39211,0.00096
95051090,Articles for christmas festivities of other (excel felt),Canada,Kg,229.0,2159.71111,0.00216
95051090,Articles for christmas festivities of other (excel felt),Germany,Kg,126.0,1043.23062,0.001043
95051090,Articles for christmas festivities of other (excel felt),India,Kg,1.492,2.05,2e-06
95051090,Articles for christmas festivities of other (excel felt),Japan,Kg,0.1,0.3,0.0
95051090,Articles for christmas festivities of other (excel felt),United Arab Emirates,Kg,92.0,2.92144,3e-06
95051090,Articles for christmas festivities of other (excel felt),United Kingdom,Kg,304.945988,2893.5795,0.002894
95051090,Articles for christmas festivities of other (excel felt),United States,Kg,19344.559875,127936.20433,0.127936
95059000,"Festive, carnival or other entertainment a  ticles, nes",Australia,Kg,57.01,32.38117,3.2e-05
95059000,"Festive, carnival or other entertainment a  ticles, nes",Canada,Kg,75.0,22.74783,2.3e-05
95059000,"Festive, carnival or other entertainment a  ticles, nes",China,Kg,65.0,35.2248,3.5e-05
95059000,"Festive, carnival or other entertainment a  ticles, nes",India,Kg,1.4,2.18,2e-06
95059000,"Festive, carnival or other entertainment a  ticles, nes",Japan,Kg,720.0,132.78992,0.000133
95059000,"Festive, carnival or other entertainment a  ticles, nes",United Arab Emirates,Kg,625.0,42.62691,4.3e-05
95059000,"Festive, carnival or other entertainment a  ticles, nes",United Kingdom,Kg,0.2,0.3,0.0
95059000,"Festive, carnival or other entertainment a  ticles, nes",United States,Kg,190.0,304.35769,0.000304
95069900,"Other articles and equipment for sport, ne   & article of swimming pools&padding",Slovakia,PCS,1.0,5.33295,5e-06
95072000,Fish-hooks,United States,Kg,16.0,708.50892,0.000709
96031000,"Brooms and brushes, of twigs or other vege  able materials bound together",Bangladesh,PCS,386486.0,7074.23843,0.007074
96031000,"Brooms and brushes, of twigs or other vege  able materials bound together",India,PCS,31670.0,7586.8,0.007587
96062200,"Buttons of base metal, not covered with te  tile material",Japan,Kg,1.0,175.13394,0.000175
96062200,"Buttons of base metal, not covered with te  tile material",Netherlands,Kg,2.0,339.4965,0.000339
96062900,"Buttons, nes",Germany,Kg,3.306,583.57787,0.000584
96062900,"Buttons, nes",Hong Kong,Kg,64.0,1195.53223,0.001196
96062900,"Buttons, nes",Japan,Kg,1.0,14.81578,1.5e-05
96062900,"Buttons, nes",United States,Kg,2.0,1.46707,1e-06
96081000,Ball-point pens   .,Japan,PCS,1.0,5.0,5e-06
96089900,"Duplicating stylos; pen/pencil holders; pa  ts of pens, nes.",Japan,PCS,29.0,11.58164,1.2e-05
96091000,"Pencils and crayons, with leads encased in a sheath",Germany,PCS,300.0,13.7592,1.4e-05
96110000,"Date, sealing or numbering stamps, etc, fo   use in the hand",Japan,PCS,1.0,0.1,0.0
96110000,"Date, sealing or numbering stamps, etc, fo   use in the hand",Malaysia,PCS,1.0,1.5237,2e-06
96162000,"Powder-puffs and pads for the application   f cosmetics, or toilet preparation",Japan,Kg,920.0,152.82,0.000153
96170010,Vaccum Flask complete,China,PCS,195.0,60.1419,6e-05
96170020,Vaccum Vessels complete,China,PCS,712.0,618.78,0.000619
96190010,Sanitary towel (Pad),India,PCS,9585518.0,31138.69241,0.031139
96190020,Napkins (Diapers),India,Kg,171278.271351,41156.65341,0.041157
96190030,Napkins liners,India,PCS,109600.0,429.632,0.00043
97012100,"Paintings, drawings and pastels of an age exceeding 100 years",Australia,PCS,2.0,30.0,3e-05
97012100,"Paintings, drawings and pastels of an age exceeding 100 years",Canada,PCS,34.0,2105.88,0.002106
97012100,"Paintings, drawings and pastels of an age exceeding 100 years",India,PCS,1.0,0.5,0.0
97012100,"Paintings, drawings and pastels of an age exceeding 100 years",Japan,PCS,11.0,57.8006,5.8e-05
97012100,"Paintings, drawings and pastels of an age exceeding 100 years","Korea, Republic of",PCS,70.0,15.001,1.5e-05
97012100,"Paintings, drawings and pastels of an age exceeding 100 years","Taiwan, Province of China",PCS,109.0,115.3187,0.000115
97012100,"Paintings, drawings and pastels of an age exceeding 100 years",United Kingdom,PCS,238.0,58.45519,5.8e-05
97019100,"Other Paintings, drawings and pastels (excel >=100 years)",Australia,PCS,608.0,51.97648,5.2e-05
97019100,"Other Paintings, drawings and pastels (excel >=100 years)",Bhutan,PCS,1319.0,253.9489,0.000254
97019100,"Other Paintings, drawings and pastels (excel >=100 years)",Canada,PCS,1319.0,192.32974,0.000192
97019100,"Other Paintings, drawings and pastels (excel >=100 years)",Chile,PCS,2024.0,261.92752,0.000262
97019100,"Other Paintings, drawings and pastels (excel >=100 years)",China,PCS,70366.0,1919.20756,0.001919
97019100,"Other Paintings, drawings and pastels (excel >=100 years)",Czech Republic,PCS,1753.0,411.89097,0.000412
97019100,"Other Paintings, drawings and pastels (excel >=100 years)",Finland,PCS,1.0,101.28758,0.000101
97019100,"Other Paintings, drawings and pastels (excel >=100 years)",France,PCS,1314.0,1289.235,0.001289
97019100,"Other Paintings, drawings and pastels (excel >=100 years)",Germany,PCS,403.0,408.45374,0.000408
97019100,"Other Paintings, drawings and pastels (excel >=100 years)",Hong Kong,PCS,359.0,351.23953,0.000351
97019100,"Other Paintings, drawings and pastels (excel >=100 years)",Indonesia,PCS,5.0,305.291,0.000305
97019100,"Other Paintings, drawings and pastels (excel >=100 years)",Israel,PCS,1510.0,175.48562,0.000175
97019100,"Other Paintings, drawings and pastels (excel >=100 years)",Italy,PCS,35.0,9.69188,1e-05
97019100,"Other Paintings, drawings and pastels (excel >=100 years)",Japan,PCS,9177.0,553.08427,0.000553
97019100,"Other Paintings, drawings and pastels (excel >=100 years)","Korea, Republic of",PCS,24.0,328.40641,0.000328
97019100,"Other Paintings, drawings and pastels (excel >=100 years)",Malaysia,PCS,680.0,1551.35262,0.001551
97019100,"Other Paintings, drawings and pastels (excel >=100 years)",Netherlands,PCS,97.0,74.31816,7.4e-05
97019100,"Other Paintings, drawings and pastels (excel >=100 years)",New Zealand,PCS,1.0,63.4286,6.3e-05
97019100,"Other Paintings, drawings and pastels (excel >=100 years)",Poland,PCS,2636.0,570.00456,0.00057
97019100,"Other Paintings, drawings and pastels (excel >=100 years)",Singapore,PCS,1.0,64.69717,6.5e-05
97019100,"Other Paintings, drawings and pastels (excel >=100 years)",Sweden,PCS,1413.0,303.63353,0.000304
97019100,"Other Paintings, drawings and pastels (excel >=100 years)",Switzerland,PCS,1.0,0.76095,1e-06
97019100,"Other Paintings, drawings and pastels (excel >=100 years)","Taiwan, Province of China",PCS,138.0,653.12299,0.000653
97019100,"Other Paintings, drawings and pastels (excel >=100 years)",United Arab Emirates,PCS,1.0,54.70801,5.5e-05
97019100,"Other Paintings, drawings and pastels (excel >=100 years)",United Kingdom,PCS,5745.0,7378.26158,0.007378
97019100,"Other Paintings, drawings and pastels (excel >=100 years)",United States,PCS,16261.0,8194.37332,0.008194
97019900,Other than hand-painted or decorated manufactured articles (excel >=100 years),China,PCS,2.0,1.564,2e-06
97019900,Other than hand-painted or decorated manufactured articles (excel >=100 years),Germany,PCS,1.0,84.7602,8.5e-05
97019900,Other than hand-painted or decorated manufactured articles (excel >=100 years),India,PCS,40647.0,2827.86,0.002828
97030000,"Original sculptures and statuary, in any m  terial",Australia,PCS,3.0,1411.3875,0.001411
97030000,"Original sculptures and statuary, in any m  terial",Bhutan,PCS,182.0,68.32,6.8e-05
97030000,"Original sculptures and statuary, in any m  terial",Brazil,PCS,4061.0,442.92491,0.000443
97030000,"Original sculptures and statuary, in any m  terial",China,PCS,978.0,1659.16411,0.001659
97030000,"Original sculptures and statuary, in any m  terial",Denmark,PCS,1.0,34.69725,3.5e-05
97030000,"Original sculptures and statuary, in any m  terial",France,PCS,25.0,47.65535,4.8e-05
97030000,"Original sculptures and statuary, in any m  terial",Germany,PCS,2.0,212.71532,0.000213
97030000,"Original sculptures and statuary, in any m  terial",Indonesia,PCS,17.0,1513.56675,0.001514
97030000,"Original sculptures and statuary, in any m  terial",Israel,PCS,4.0,19.3647,1.9e-05
97030000,"Original sculptures and statuary, in any m  terial",Japan,PCS,2.0,96.30775,9.6e-05
97030000,"Original sculptures and statuary, in any m  terial","Korea, Republic of",PCS,10.0,1945.51333,0.001946
97030000,"Original sculptures and statuary, in any m  terial",Sierra Leone,PCS,1.0,83.2734,8.3e-05
97030000,"Original sculptures and statuary, in any m  terial",Singapore,PCS,75.0,2867.21775,0.002867
97030000,"Original sculptures and statuary, in any m  terial",Spain,PCS,478.0,1742.97075,0.001743
97030000,"Original sculptures and statuary, in any m  terial",Sweden,PCS,1.0,44.31806,4.4e-05
97030000,"Original sculptures and statuary, in any m  terial",Switzerland,PCS,2.0,274.75561,0.000275
97030000,"Original sculptures and statuary, in any m  terial","Taiwan, Province of China",PCS,13.0,479.15209,0.000479
97030000,"Original sculptures and statuary, in any m  terial",Thailand,PCS,460.0,694.063,0.000694
97030000,"Original sculptures and statuary, in any m  terial",United Kingdom,PCS,7.0,137.00911,0.000137
97030000,"Original sculptures and statuary, in any m  terial",United States,PCS,2106.0,1882.29388,0.001882
97031000,"Original sculptures and statuary, in any material Of an age exceeding 100 years",United States,PCS,10.0,7.603,8e-06
97039000,Other original sculptures and statuary in any materials excel >=100 years),Australia,PCS,6.0,371.54968,0.000372
97039000,Other original sculptures and statuary in any materials excel >=100 years),Belgium,PCS,1.0,33.948,3.4e-05
97039000,Other original sculptures and statuary in any materials excel >=100 years),Canada,PCS,1.0,192.52287,0.000193
97039000,Other original sculptures and statuary in any materials excel >=100 years),Ireland,PCS,2.0,75.44,7.5e-05
97039000,Other original sculptures and statuary in any materials excel >=100 years),Mexico,PCS,3.0,217.7685,0.000218
97039000,Other original sculptures and statuary in any materials excel >=100 years),"Taiwan, Province of China",PCS,71.0,3375.19087,0.003375
97039000,Other original sculptures and statuary in any materials excel >=100 years),United Kingdom,PCS,14.0,44.38432,4.4e-05
97039000,Other original sculptures and statuary in any materials excel >=100 years),United States,PCS,14.0,896.29644,0.000896
