HSCode,Description,Unit,Quantity,Imports_Value_Rs_Thousands,Imports_Value_Rs_Billion,Imports_Revenue_Rs_Thousands
01051100,"Live fowls of species gallus domesticus, weighing =<185g (chicks)",PCS,12632,63514.4625,0.063514,0.13
01059900,"Live poultry, ducks, geese, turkeys and guinea fouls weighing >185g",PCS,11440,19920.898,0.019921,0.065
01061900,Other; live mammals,PCS,1,76.32,0.000076,7.697
01069000,Other live animals,PCS,57,4070.342653,0.00407,409.326
03011100,Freshwater fish,Kg,1067.75,506.487207,0.000506,46.114
03011900,Other fish,Kg,194,357.350383,0.000357,32.423
03019900,Other live fish,Kg,1082.439999,1469.360861,0.001469,143.685
03031900,"Others Tilapias (Oreochromis spp), catfish Pangasius spp, Silurus spp, Claria s.",Kg,61164,10004.901629,0.010005,2318.551
03032400,"Catfish (Pangasius spp, Silurus spp, Clariaspp, Ictalurus spp)",Kg,171254,37139.504437,0.03714,8613.598
03032500,"Carp (Cyprinus carpio, Carassius carassius, tenopharyngodon idellus, Hypophthalmi",Kg,218804,47762.460242,0.047762,11076.569
03046200,"Catfish (Pangasius spp, Silurus spp, Claria  spp, Ictalurus spp)",Kg,73000,19026.775,0.019027,4623.707
03052000,"Livers and roes, dried, smoked, salted or in brine",Kg,1,1.12398,0.000001,0.59
03053900,"Other fish fillets dried,salted or in brine but not smoked",Kg,21.8,7.12026,0.000007,8.139
03055300,"Fish of the families Bregmacerotidae, Euclichthyidae, Gadidae, Macrouridae, Melanon~1",Kg,3,0.88603,0.000001,0.349
03055400,"Herrings (Clupea harengus, Clupea pallasii), anchovies (Engraulis spp.), sardines ~1",Kg,1002.5,1083.997135,0.001084,263.479
03055900,"Other dried fish, not smoked (excl cod)",Kg,18045,5585.085293,0.005585,1398.945
03061700,Other shrimps and prawns,Kg,5561.600006,7123.959625,0.007124,1409.191
03069200,Lobsters (Homarus spp.),Kg,500,1229.376875,0.001229,298.804
03074300,Frozen Cuttle fish and squid,Kg,3300,1804.725234,0.001805,438.552
03075200,Frozen Octopus,Kg,1500,909.738875,0.00091,221.067
04015000,"Milk and cream of >10% fat, not concentrated nor added suger sweetening matter",LTR,45,19.5,0.000019,2.145
04021010,"Skimmed Milk In powder, granules or other solid forms, of a fat >1.5%",Kg,46.204,13.18119,0.000013,19.359
04021020,"Milk food for babies in powder, granules or other solid forms, of a fat >1.5%",Kg,86.2,116.93772,0.000117,41.688
04021090,"Other Milk and cream in powder, granules or other solid forms of <1.5% fat",Kg,87,22.58116,0.000023,13.945
04022100,"Milk and cream in powder, granules or other solid forms of >1.5% fat, unsweetened",Kg,14.4,6.27788,0.000006,3.874
04022910,Milk food for babies fat content exceeding 1.5%,Kg,22.3,26.02524,0.000026,11.594
04029100,"Other Concentrated milk & cream,Not containing added sugar or other sweetening matter",Kg,130,23.1519,0.000023,49.226
04029900,Sweetened milk and cream (excl in solid form),Kg,4,1.74092,0.000002,3.392
04032000,Yogurt,Kg,2.6,29.697061,0.00003,8.898
04051000,Butter,Kg,127,11.50759,0.000012,7.093
04059010,Ghee,Kg,81,77.879451,0.000078,48.1
04061000,"Fresh (unripened or uncured)cheese, including whey cheese and curd.",Kg,496,993.595,0.000994,149.105
04062000,"Grated or powdered cheese, of all kinds",Kg,6000.8,4118.22101,0.004118,1233.572
04063000,"Processed cheese, not grated or powdered",Kg,102.400002,261.541703,0.000262,78.333
04069010,Other cheese,Kg,47,21.05075,0.000021,3.224
04069090,Other cheese,Kg,7470,6649.110625,0.006649,1991.544
04090090,Other natural honey,Kg,3.1,1.11403,0.000001,0.729
05080000,"Coral; shells of molluscs, crustaceans or echinoderms and cuttlebone, unworked",Kg,6691,4191.857167,0.004192,804.892
05111000,Bovine semen and embryo,Kg,2,6536.74325,0.006537,923.712
05119990,"Other animal products of chapter 2,3 nes,  unfit for human consumption",Kg,6000,3668.43,0.003668,891.429
06022000,"Trees, shrubs and bushes, grafted or not, of kind which bear edible fruit or nuts",PCS,32797,25989.404625,0.025989,0.39
06029000,"Other live plants,nes",PCS,38460,6694.456426,0.006694,46.356
06031500,Lilies (Lilium spp) fresh cut flowers and buds,Kg,1880,612.661981,0.000613,142.041
06031900,Other - Fresh cut flowers & buds,Kg,5750.5,1682.716478,0.001683,391.25
07019000,"Other potatoes, fresh or chilled",Kg,33102875,831090.473589,0.83109,74865.297
07020000,Tomatoes fresh or chilled,Kg,1789791,45593.804434,0.045594,4111.939
07031000,"Onions and shallots, fresh or chilled",Kg,17518569,718307.341686,0.718307,64670.175
07032000,"Garlic, fresh or chilled",Kg,2418000,351615.342438,0.351615,85736.59
07049000,"White and red cabbages, kohlrabi, kalee tc, fresh or chilled.",Kg,1000,25.24198,0.000025,2.272
07061000,"Carrots and turnips, fresh or chilled",Kg,360136,12445.189672,0.012445,1124.016
07069000,"salad beetroot, salsify, celeriac,radishes&similar edible roots, fresh or chilled",Kg,112297,6388.656121,0.006389,576.306
07070000,"Cucumbers and gherkins, fresh or chilled",Kg,8023,229.61953,0.00023,20.739
07082000,"Beans (Vigna spp., phaseolus spp.), fresh or chilled",Kg,240,10.27852,0.00001,0.926
07089000,"Other leguminous vegetables, fresh or chilled, nes",Kg,5380,138.012781,0.000138,12.487
07093000,"Aubergines (egg plants), fresh or chilled",Kg,9209,236.490441,0.000236,21.303
07095100,"Mushrooms of the genus agaricus, fresh or chilled",Kg,3260,2142.874656,0.002143,207.267
07096000,"Fruits of genus capiscum or pimenta, fresh or chilled",Kg,80989,2980.774663,0.002981,268.582
07099300,"Pumpkins, squash and gourds (Cucurbita spp), fresh or chilled",Kg,718543,19137.92658,0.019138,1727.515
07099900,Other fresh or chilled vegetables,Kg,403972,10793.054609,0.010793,976.489
07102100,"Shelled or unshelled peas, frozen",Kg,63110,5328.179017,0.005328,1235.139
07102900,"Leguminous vegetables, shelled or unshelle d, frozen, nes",Kg,30,2.40225,0.000002,0.585
07104000,"Sweet corn, frozen",Kg,67440,5584.228852,0.005584,1041.661
07122000,Dried onions,Kg,31275,5779.738862,0.00578,1263
07123100,Dried mushrooms of the genus Agaricus,Kg,0.6,0.32207,0,0.543
07123900,Other dried mushrooms and truffles,Kg,1484.2,1505.197439,0.001505,365.675
07129011,Dried Garlic Neither crushed nor ground,Kg,97539,33239.419472,0.033239,8077.711
07129012,Dried Garlic Crushed or ground,Kg,27615,8446.509236,0.008447,1252.689
07129090,Other dried vegetable; mixtures of vegetables,Kg,6008.88,1668.655256,0.001669,87.609
07131010,"Dried peas, in shelled",Kg,950541,57432.71483,0.057433,17230.514
07131090,"other Dried peas, (excel in shelled)",Kg,7805,4911.417621,0.004911,1474.072
07132000,"Dried Chickpeas (garbanzos), shelled whether or not skinned or split.",Kg,4247452,404758.129196,0.404758,40479.874
07133100,"Dried beans, shelled whether or not skinned or split",Kg,4184323,540243.90476,0.540244,54029.295
07133300,"Dried kidney beans, incl white pea beans, shelled whether or not skinned or split",Kg,577570,55965.226215,0.055965,5711.879
07133500,"Dried Cow peas (Vigna unguiculata), shelled, whether or not skinned or split",Kg,19500,1950.203422,0.00195,195.022
07133900,"other Dried beans, shelled, whether or not skinned or split.",Kg,83762,10034.656669,0.010035,990.918
07134010,"Dried Red Lentils, Unskinned, unsplit (Whole)",Kg,6804130,651838.578456,0.651839,65185.047
07134090,"Red lentils (except Unskinned, unsplit)",Kg,1783306,173221.964463,0.173222,17224.004
07135000,"Dried broad beans and horse beans, shelled, whether or not skinned or split",Kg,20400,2091.993641,0.002092,188.347
07136000,"Dried pigeon peas (Cajanus cajan), shelled, whether or not skinned or spilt",Kg,283188,40808.784795,0.040809,4081.563
07139010,"Other dried Leguminous Vegitables, Skinned or split (Whole)",Kg,142774,15015.960585,0.015016,1422.662
07139090,Other dried Leguminous Vegitables (except skinned or split),Kg,251981,29939.643475,0.02994,2801.227
07142000,"Sweet potatoes, fresh or dried, chilled or  frozen",Kg,3230,137.395318,0.000137,13.806
07144000,"Taro (Colocasia spp), fresh or dried, chilled or  frozen",Kg,7996,222.809839,0.000223,22.551
07149000,"Arrowroot, salep & similar roots and tubers with high starch content, fresh or dried",Kg,35,13.77497,0.000014,1.378
08011100,"Coconuts, desiccated, fresh or dried",Kg,231982,54898.4126,0.054898,13342.478
08011200,In the inner shell (endocarp),Kg,29970,1135.709084,0.001136,211.942
08011900,"Coconuts, excluding desiccated, fresh or dried",Kg,3320310,109858.577268,0.109859,13711.668
08012200,"Brazil nuts, without shell, fresh or dried",Kg,14,9.2887,0.000009,2.848
08013100,"Cashew nuts, in shell,fresh or dried",Kg,24.4,11.34027,0.000011,5.73
08013200,"Cashew nuts, without shell, fresh or dried",Kg,131014.1,128149.933731,0.12815,38399.908
08021100,"Almonds in shell, fresh or dried",Kg,108.7,41.55528,0.000042,27.356
08021200,"Almonds without shells, fresh or dried",Kg,189071.4,180599.874035,0.1806,43893.338
08023100,"Walnuts in shell, fresh or dried",Kg,87098.5,34256.17011,0.034256,8340.963
08023200,"Walnuts without shells, fresh or dried",Kg,49,11.57174,0.000012,3.64
08025100,"Pistachios In shell, fresh or dried",Kg,10.4,3.92167,0.000004,2.708
08025200,"Pistachois without shells, fresh or dried",Kg,200.1,687.053877,0.000687,170.228
08026200,"Macadamianuts without shells, fresh or dried",Kg,62,15.08165,0.000015,10.915
08028000,"Areca nuts, fresh or dried",Kg,1556500,424875.0035,0.424875,406979.261
08029200,"Pine nuts, without shells, fresh or dried",Kg,0.5,0.46467,0,0.281
08029900,Other nuts,Kg,559.08,152.112741,0.000152,57.418
08041010,Dates fresh,Kg,158,76.40519,0.000076,40.166
08041020,Dates Dried,Kg,318.2,81.26308,0.000081,45.028
08042010,"Figs, (Anjir) fresh only",Kg,8,0.77168,0.000001,0.346
08042090,"Other Figs, (Anjir)",Kg,9981,6253.114459,0.006253,2296.915
08043000,"Pineapples, fresh or dried",Kg,1052854,46136.69051,0.046137,6469.864
08044000,"Avocados, fresh or dried",Kg,15030,6511.555277,0.006512,1972.008
08045000,"Guavas, mangoes and mangosteens, fresh or dried.",Kg,0.4,0.27526,0,0.086
08045010,Guavas,Kg,207253,12007.069657,0.012007,1682.461
08045020,Mangoes,Kg,3740915,258697.79625,0.258698,36919.534
08051000,"Oranges, fresh or dried",Kg,412226,49746.537041,0.049747,4933.313
08052100,"Mandarins (including tangarine and satsumas), fresh or dried",Kg,282079,41651.393,0.041651,4166.056
08052900,other wilkings and similar citrus hybrids fruits fresh & dried,Kg,32886,4591.029,0.004591,459.234
08055000,"Lemons ( Cirtus limon, Cirtus limonum) and limes (Cirtus aurantifolia. Cirtus lat",Kg,814889,75725.299811,0.075725,6852.104
08059000,"Other Citrus fruit, fresh or dried",Kg,23570,1537.69757,0.001538,138.413
08061000,Fresh grapes,Kg,226318,34061.577645,0.034062,3300.168
08062000,Dried grapes,Kg,54731.349999,20109.071107,0.020109,4904.032
08071100,"Watermelons, fresh",Kg,1957926,49953.292211,0.049953,4502.215
08071900,"Other Melons, fresh, (exclwatermelons)",Kg,15740,395.105808,0.000395,35.561
08072000,"Papaws (papayas), fresh",Kg,1478413,47368.961184,0.047369,4296.329
08081000,"Apples, fresh",Kg,6256942,901447.98446,0.901448,88883.928
08083000,"Pears, fresh",Kg,465653,59329.687854,0.05933,5941.314
08092900,"Other cherries, fresh",Kg,18,0.57654,0.000001,0.143
08094000,"Plums and sloes, fresh",Kg,2115,99.428061,0.000099,8.954
08102000,"Raspberries, blackberries, mulberries and  loganberries, fresh",Kg,56.25,166.589812,0.000167,31.135
08104000,"Cranberries, bilberries and other fruiits  of the genus Vaccinium, fresh",Kg,757.5,832.001729,0.000832,198.344
08105000,"Kiwifruit, fresh",Kg,68470,17598.658029,0.017599,4272.347
08109010,"Pomegranate, Fresh",Kg,1418961,163382.886414,0.163383,14764.988
08109090,"Other fruit, fresh, nes",Kg,350934,55993.482968,0.055993,5384.625
08112000,"Raspberries, blackberries, mulberries, loganberries, currants & gooseberries, frozen",Kg,300,514.899688,0.000515,154.278
08119000,"Other fruit and nuts, frozen, nes",Kg,2985,605.745016,0.000606,181.488
08131000,Dried apricots,Kg,2000,972.56727,0.000973,417.676
08132000,Dried prunes,Kg,99.5,76.974603,0.000077,33.63
08134000,"Other dried fruit, except heading 0801 to 0806 nes",Kg,26.2,49.17753,0.000049,21.231
08135000,Mixtures of dried fruit of this chapter or nuts,Kg,5448.249998,1893.819921,0.001894,816.373
09011100,"Coffee, not roasted, not decaffeinated",Kg,11976.470001,7581.23924,0.007581,4737.699
09011200,"Decaffeinated coffee, not roasted",Kg,24.5,17.64368,0.000018,10.483
09012100,"Roasted coffee, not decaffeinated",Kg,549.699999,503.422152,0.000503,311.319
09012200,"Roasted, decaffeinated coffee",Kg,1.4,1.65466,0.000002,1.023
09019000,"Coffee husks and skins,coffee substitutes containing coffee in any proportion",Kg,45.5,14.86928,0.000015,16.856
09021000,"Green tea,whether or not flavoured, in immidiate packings of content <=3kg",Kg,344.860004,1807.155581,0.001807,1116.389
09022000,"Green tea,whether or not flavoured, nes",Kg,24.92,9.64551,0.00001,4.151
09023000,"Black tea(fermented)&partly fermented,whether or not flavoured,in packings of <=3kg",Kg,94.2,91.746408,0.000092,57.104
09024000,Other black tea (fermented) and other partly fermented tea,Kg,35106.400013,21363.556197,0.021364,13158.107
09041110,Dried pepper neither crushed nor ground,Kg,80960,69454.83725,0.069455,25391.234
09041120,White Pepper,Kg,3000,1893.37675,0.001893,1059.156
09041130,Black Pepper (Marich),Kg,38422,33197.65838,0.033198,18570.908
09041190,Other Dried pepper neither crushed nor ground,Kg,7,4.96465,0.000005,2.781
09041210,Crushed or ground Pepper,Kg,25000.5,29707.61561,0.029708,10828.226
09042100,"Dried, neither, crushed or ground piper & capsicum",Kg,421800.5,96640.140962,0.09664,29492.658
09042200,Crushed or ground piper & capsicum,Kg,141695.400002,48775.724916,0.048776,13506.763
09052000,Venila crushed or ground,Kg,0.3,3.203,0.000003,0.78
09061100,Cinnamon (Cunnamomum zeylanicum Blume) - Neither crushed nor ground,Kg,2000.1,651.453993,0.000651,239.335
09061900,"Other - Cinnamon & cinnamon tree flowers, neither crushed nor ground",Kg,54241,16458.287758,0.016458,6045.404
09062000,"Cinnamon and cinnamon-tree flowers, crushed or ground",Kg,100.5,45.34436,0.000045,14.524
09071000,Cloves neither crushed nor ground,Kg,41550,41320.880109,0.041321,10041.305
09072000,Cloves crushed or ground,Kg,0.5,2.43161,0.000002,0.657
09081100,Nutmag neither crushed nor ground,Kg,1650,1446.200078,0.001446,351.559
09082100,Mace neither crushed nor ground,Kg,5787.200001,5290.634566,0.005291,1285.634
09083120,Small Cardamon (Sukumel) neither crushed nor ground,Kg,583.8,952.727115,0.000953,340.34
09083220,Small Cardamon (Sukumel) crushed or ground .,Kg,150,960.9,0.000961,149.966
09092100,Seeds of coriander neither crushed nor groud,Kg,888180,138546.734422,0.138547,25840.755
09092200,Seeds of coriander crushed or ground,Kg,8989,2286.667108,0.002287,426.542
09093100,Seeds of cumin neither crushed nor ground .,Kg,714550.5,236700.761122,0.236701,44381.291
09093200,Seeds of Cumin crushed or ground,Kg,6040,2262.129316,0.002262,422.026
09096100,"Seeds of anise, badian, caraway or fennel; juniper berries Neither crushed nor ground",Kg,75598,15353.279672,0.015353,2887.717
09101110,Fresh Ginger nither crushed nor ground,Kg,434350,51928.478656,0.051928,8049.836
09101190,Other Ginger crushed or ground (sutho),Kg,54200,21591.294641,0.021591,1192.607
09102000,Saffron,Kg,40,1884.55725,0.001885,485.777
09103010,Turmeric (Fresh),Kg,1.5,0.36034,0,0.057
09103020,Turmeric (dust or Powder),Kg,27055,6906.965391,0.006907,1070.902
09103090,Other turmeric,Kg,94980.4,24817.63375,0.024818,3847.083
09109100,Other Spice mixtures (referred to in Note 1(b) to this Chapter),Kg,118842.9,59190.383572,0.05919,27709.433
09109910,Fenugreek(Methi),Kg,322763,33023.667201,0.033024,6160.118
09109990,Other spices nes,Kg,131803.3,19416.682148,0.019417,4718.89
10011900,Other drum wheat,Kg,32813188,1426670.004875,1.42667,75330.428
10019900,Other meslin,Kg,6122520,265207.697,0.265208,13264.119
10039000,Other barley,Kg,52320,2342.464043,0.002342,117.192
10059000,Maize (corn) (excl seed),Kg,4972995,180022.86575,0.180023,9007.824
10061010,Seed of Paddy Rice,Kg,67,500.568331,0.000501,50.123
10061090,Others Paddy,Kg,8628565,365017.1835,0.365017,18273.699
10062000,Husked (brown) rice,Kg,625,89.3648,0.000089,8.941
10063010,"Basmati Rice Semi-milled or wholly milled rice, whether or not polished or glazed",Kg,4125750,568591.451426,0.568591,51181.038
10063090,"Other Rice Semi-milled or wholly milled rice, whether or not polished or glazed",Kg,11852199,833323.785036,0.833324,75073.129
10064000,Broken rice,Kg,332160,13306.776828,0.013307,1198.398
10081000,Buckwheat,Kg,59020,6168.46546,0.006168,525.838
10082900,Other millet,Kg,1162070,63278.465828,0.063278,3166.416
10085000,Quinoa (Chenopodium quinoa),Kg,5770,1133.508859,0.001134,211.404
11010000,Wheat or meslin flour except maida,Kg,3427,536.009225,0.000536,124.368
11022000,Maize (corn) flour,Kg,1010,50.900959,0.000051,11.804
11029000,"Other cereal flour, nes",Kg,1220,54.80382,0.000055,13.372
11031190,Other Groats and meal of wheat,Kg,30,1.60151,0.000002,0.395
11031300,Groats and meal of maize (corn),Kg,81780,3953.343998,0.003953,916.663
11031900,"Groats and meal of other cereals, nes",Kg,26800,1293.604719,0.001294,299.733
11042300,"Other worked grains of maize (corn), nes",Kg,89000,3886.519,0.003887,349.982
11043000,"Cereal germ, whole, rolled, flaked or ground",Kg,5940,502.305875,0.000502,45.208
11052000,"Potato flakes, granules and pellets",Kg,19841,2557.631844,0.002558,621.77
11061000,"Flour, meal and powderOf the dried leguminous vegetables of Heading 07.13",Kg,3584,290.302073,0.00029,123.118
11063000,"Flour, meal and powder of products of chapter 8",Kg,22677,7078.624622,0.007079,3000.129
11071000,Malt not roasted,Kg,2265300,193549.50275,0.19355,57971.519
11072000,Roasted malt,Kg,25000,2125.61,0.002126,636.686
11081200,Maize (corn) starch,Kg,900050,49990.354954,0.04999,9929.105
11081300,Potato starch,Kg,10000,1147.405625,0.001147,278.886
11081400,Manioc (cassava) starch,Kg,145000,13037.15175,0.013037,2578.947
11081900,"Other starches, nes",Kg,100,89.520758,0.00009,0.961
11090000,Wheat gluten whether or not dried,Kg,164350,40455.018403,0.040455,7545.262
12019000,Other soyabean,Kg,21948167,1841001.44525,1.841001,104687.958
12024100,Groundnut In shell,Kg,18000,1810.36925,0.00181,162.999
12024200,"Groundnut shelled, whether or not broken",Kg,192055,30813.461799,0.030813,2773.846
12040000,"Linseed, whether or not broken",Kg,78185,7644.488422,0.007644,1858.082
12051000,Low erucic acid rape or colza seeds,Kg,22691935,2401047.7645,2.401048,353757.655
12060000,"Sunflower seeds, whether or not broken",Kg,12940.1,1568.450813,0.001568,363.481
12072100,Cotton Seed,Kg,63,8.11962,0.000008,1.979
12074000,Sesamum seeds,Kg,236747,27551.853894,0.027552,6386.86
12075000,Mustards seeds,Kg,1651500,214314.963912,0.214315,40491.141
12077000,Melon seeds,Kg,1764001,262150.35941,0.26215,63811.432
12079900,"Other oil seeds and oleaginous fruits, nes",Kg,52981,19370.123536,0.01937,7772.051
12081000,Soya bean flour and meal,Kg,3,0.28827,0,0.071
12093000,"Seeds of herbaceous plants, of a kind used for sowing",Kg,2.03,1347.608406,0.001348,0.065
12099110,Seed of Cauliflower,Kg,470,22069.497375,0.022069,220.893
12099120,Seed of Cabbage,Kg,250.1,4467.49065,0.004467,44.676
12099130,Seed of Onions,Kg,75.1,853.2914,0.000853,8.599
12099150,Seed of Tomato,Kg,0.3,36.064828,0.000036,0.361
12099190,Seed of other vegetables,Kg,27876.890002,60398.320859,0.060398,799.453
12102000,"Hop cones, ground, powdered or in the form of pellets; lupulin fresh or dried",Kg,3265,6209.847977,0.00621,1458.751
12119090,"Other plants or parts, of a kind used in perfumery, pharmacy etc, nes",Kg,131796.500008,20559.872644,0.02056,4037.84
12122900,Other seaweeds and other algae,Kg,4,0.99008,0.000001,0.725
12129300,Sugar cane,Kg,161880,1473.069336,0.001473,132.97
12129900,"Vegetable products used primarily for human consumption,fresh or dried, nes.",Kg,100,53.97566,0.000054,12.507
12130000,"Cereal straw and husks, unprepared, not chopped, ground, pressed  or form of pellets",Kg,180285,1129.533953,0.00113,211.119
13012000,Natural gum arabic,Kg,7360,1886.916813,0.001887,458.852
13019000,"Natural gums, resins, gum-resins,natural oeoresesins and balsams (excl gum arab",Kg,18716.5,8039.053593,0.008039,1964.016
13021200,Vegetable saps and extracts of Liquorice,Kg,350,112.484281,0.000112,27.335
13021300,Vegetable saps and extracts of Hop,Kg,346.479996,8657.381422,0.008657,2103.877
13021900,"Other vegetable saps and extracts, nes",Kg,350015.75,30861.922724,0.030862,7310.971
13022000,"Pectic substances, pectinates and pectates",Kg,500,946.7825,0.000947,230.135
13023200,"Mucilages and thickeners of locust beans, bean seeds and guar seeds.",Kg,5825,1983.577637,0.001984,469.22
13023900,"Other Mucilages and thickeners, derived from vegetable products, nes.",Kg,775,721.613749,0.000722,170.641
14049010,Semi processed catechu of acacia (liquid ka tha),Kg,33,2.75458,0.000003,0.975
14049020,Cetechu of acacia (Kattha),Kg,2500,4032.37125,0.004032,1731.704
14049030,Bidi wraper leaves (tendu),Kg,23686,1549.68102,0.00155,473.485
14049040,Heart leaf (Pan ko Pat),Kg,6171,1373.420015,0.001373,436.411
14049091,Cocopit,Kg,82670,5211.4475,0.005211,972.334
14049099,Other vegetable products,Kg,9750,696.460293,0.000696,255.117
15021000,Tallow .,Kg,1701965,239117.68875,0.239118,44599.082
15042000,"Fish Fats and oils and their fractions, of fish, other than liver oils",Kg,4.29,2.11308,0.000002,0.515
15071000,Crude soya-bean oil,LTR,108530239.148804,18404287.5485,18.404288,597801.108
15079000,Soya-bean oil (excl. crude) and fractions,Kg,378.799988,120.716453,0.000121,36.156
15092000,Extra virgin olive oil,Kg,6902.225,7497.623417,0.007498,1822.338
15094000,Other virgin olive oils,Kg,2.5,0.84833,0.000001,0.388
15099000,Olive oil and fractions (excl. virgin),LTR,4696.1,4409.39626,0.004409,1071.765
15109000,Other oils or fractions of heading 15.09 (excel crude olive pomace oil),Kg,2655,1588.046859,0.001588,385.897
15111000,Crude palm oil,LTR,4271537,731151.124,0.731151,69328.63
15119010,Refined bleached deodorized palm oil,LTR,837355,171544.21775,0.171544,40793.455
15119020,Refined bleached deodorized palm olein,LTR,1558345,293246.3105,0.293246,81544.874
15119090,"Palm oil (excl. crude) and its fractions, refined or not but not chemically modified",LTR,22860,5577.7265,0.005578,1670.596
15121100,Crude sunflower oil,LTR,17979278.71875,3576203.972,3.576204,421222.735
15121900,Sunflower-seed and safflower oil (excl. crude) and fractions thereof,LTR,91568,27624.26326,0.027624,8273.601
15122900,"Cotton-seed oil(excl crude)and its fractions, refined or not chemically modified",LTR,34990,9178.776,0.009179,2126.788
15131100,Crude coconut (copra) oil,LTR,980,287.706273,0.000288,69.979
15131900,"Coconut (copra) oil (excl. crude) & its fractions,refined or not chemially modified",LTR,11160.966,12152.021301,0.012152,2860.425
15132900,"Palm kernel or babassu oil (excl. crude) & fractions,refined, not chemically modified",LTR,748.5,67.036119,0.000067,16.411
15141900,Other oil of low erucic acid rape or colza oil and its fractions,LTR,444,59.56187,0.00006,17.881
15149990,"Other of rape, colza or mustard oil & fractions thereof nes",LTR,16980,4097.325625,0.004097,1227.217
15153000,Castor oil and its fractions,LTR,8600,2209.484453,0.002209,456.343
15155000,Sesame oil and its fractions,LTR,2546.800002,768.944672,0.000769,187.322
15159000,Other fixed vegetable fats and fractions (NON_EDABLE),LTR,69881,20018.800364,0.020019,4865.165
15162000,"Vegetable fats and oils and their fractions, hydrogenated, etc.",LTR,152787.329297,55915.244837,0.055915,16747.084
15171000,Margarine (excluding liquid Margarine),Kg,12300,2882.223562,0.002882,863.494
15179000,"Other Edible preparations of fats and oils, nes",LTR,263965.25,51999.848599,0.052,21758.533
15180000,"Animal, vegetable or microbial fats and oils and their fractions, boiled, oxidised, d",LTR,5622.5,1706.121818,0.001706,511.057
15219000,"Beeswax, other insect waxes and spermaceti",Kg,723,243.011621,0.000243,46.032
16010000,"Sausages and similar products, of meat,meat offal, blood or insects; food preparation",Kg,0.2,0.73002,0.000001,0.363
16023200,"Prepared or preserved meat,offal or blood of fowls of the species gallus domestic",Kg,0.9,0.48235,0,1.656
16024100,"Preparations of swine, hams and cuts",Kg,1000,2020.422,0.00202,999.015
16041100,Prepared or preserved salmon (excl. minced ),Kg,1009,4519.798375,0.00452,2234.771
16041400,"Tunas, skipjack tuna and bonito (Sarda spp.)",Kg,5.3,1.89902,0.000002,1.879
16042000,"Other prepared or preserved fish, including minced, nes",Kg,21004.800049,16473.10275,0.016473,8144.915
17011310,Sakhhar (Gud) Cane sugar specified in Subheading Note 2 to this Chapter,Kg,162583,8196.565513,0.008197,2160.774
17011320,Khanda sugar Cane sugar specified in Subheading Note 2 to this Chapter,Kg,12378.5,907.102906,0.000907,272.917
17011390,Other Cane sugar specified in Subheading Note 2 to this Chapter,Kg,461,23.82261,0.000024,7.185
17011410,Sakhhar (Gud) of other cane sugar,Kg,2151650,88277.705332,0.088278,23861.774
17011420,Khanda sugar of other cane sugar,Kg,594,50.3872,0.00005,15.14
17011490,"Other cane sugar (excel khanda sugarm, shakar-gud)",Kg,1245,135.34557,0.000135,40.569
17019100,"Cane or beet sugar, containing added flavo uring or colouring",Kg,720,119.089061,0.000119,55.858
17019910,Rock sugar or rock candy or sugar candy (Mishri),Kg,235088.5,17511.409227,0.017511,5245.785
17019920,Sugar Cube,Kg,20,1.6035,0.000002,0.754
17019990,"Cane or beet sugar, in solid form, nes",Kg,3248,133.112719,0.000133,39.868
17021100,Lactose and lactose syrup containing by weight>=99% lactose calculated on the dry,Kg,27300,11418.615634,0.011419,1227.882
17021900,Lactose and lactose syrup containing by weight <99% lactose calculated on the dry,Kg,200,86.97975,0.000087,21.137
17023010,Liquid Glucose (Not Containing fructose or containing in the dry state less than 25%),Kg,343533.5,20987.786648,0.020988,4153.556
17023020,Solid Glucose (Not Containing fructose or containing in the dry state less than 25% ),Kg,40200,5590.649028,0.005591,1124.777
17023030,Dextrose (Not Containing fructose or containing in the dry state less than 25% ),Kg,76000,5271.075203,0.005271,1048.921
17024030,Dextrose (containing in the dry state >=20 % but <50% fructose,Kg,2097.899902,574.039062,0.000574,139.557
17029020,"Artificial Honey, Weather or not mixed with natural honey",Kg,150.01,1538.339121,0.001538,373.886
17029030,Caramal,Kg,27485,2764.484082,0.002764,592.155
17029090,Other Sugar & sugar syrup blends containing in the dry strait 50% weight of fructose,Kg,73200.5,5682.332372,0.005682,1124.925
17039000,Molasses resulting from the extraction or refining of sugar (excl cane).,Kg,5,0.48045,0,0.179
17041000,Chewing gum whether or not sugar- coated,Kg,65466.169141,44975.002451,0.044975,35630.261
17049000,"Sugar confectionery (including white chocolate), not containing cocoa",Kg,194428.780107,57909.004582,0.057909,45889.478
18050000,"Cocoa powder, not containing added sugar or other sweetening matter",Kg,20275.7,18685.882376,0.018686,5270.816
18061000,"Cocoa powder, containing added sugar or other sweetening matter",Kg,7141,6215.438321,0.006215,4924.267
18062000,"Chocolate, etc, containing cocoa, in blocks, slabs or bars >2kg in ... forms",Kg,45209.63,18432.147976,0.018432,14613.448
18063100,"Filled (Chocolate, etc, containing cocoa, in blocks, slabs or bars)",Kg,3066.3,2790.58028,0.002791,2212.587
18063200,"Not filled (Chocolate, etc, containing cocoa in blocks, slabs or bars)",Kg,31.5,13.39129,0.000013,12.299
18069010,"Chocolate, etc, containing cocoa, not in blocks, slabs or bars, nes.",Kg,39306.039965,11927.393449,0.011927,9584.364
18069090,"Other Chocolate, etc, containing cocoa, not in blocks, slabs or bars, nes.",Kg,183667.679788,179709.860565,0.17971,142389.621
19011000,"Preparations for infant use, for retail sale, of flour, groats, meal, starch etc.",Kg,22102.5,26029.377502,0.026029,4855.401
19012000,Mixes and doughs for preparation of bakers' wares of 19.05.,Kg,115609,27780.550789,0.027781,5659.97
19019010,Malt Extract,Kg,18443.199999,1728.401443,0.001728,424.881
19019090,"Food prep's of goods of hdgs 0401-0404 or of flour, meal, etc not cont'g cocoa",Kg,97530.400061,50670.654184,0.050671,10746.404
19021100,Uncooked pasta containing eggs not stuffed,Kg,0.4,0.1099,0,0.132
19021900,"Uncooked pasta, not containing eggs, not stuffed",Kg,133807.699989,36424.980131,0.036425,22377.144
19022000,"Stuffed pasta, whether or not cooked or otherwise prepared",Kg,15,1.6015,0.000002,1.346
19023000,"Other pasta, nes",Kg,117373.959738,22106.436208,0.022106,15028.582
19024000,Couscous,Kg,270,80.107039,0.00008,48.25
19030000,"Prepared from starch, in the form of flakes, grains, pearls,siftings or similar forms",Kg,121264.5,13565.886253,0.013566,3297.119
19041010,Prepared foods obtained by the swelling or roasting of cereals.,Kg,25092.2,11660.690245,0.011661,3883.321
19041091,Corn Flakes,Kg,18240.5,4448.229198,0.004448,1482.281
19041099,Other Prepared foods obtained by the swelling or roasting of cereals product,Kg,246603.900049,73394.712197,0.073395,25271.478
19042000,Prepared foods obtained from unroasted cereal flakes or mixtures of unroasted & r,Kg,1695.800003,722.916281,0.000723,241.221
19049010,Puffed rice (Dhan ko bhuja - Murhi),Kg,1712,99.29248,0.000099,14.986
19049020,Flattened rice(Chiura),Kg,62900,2766.951492,0.002767,322.876
19049090,Other prepared cereals in grain form (excl . maize) nes.,Kg,25918.5,6061.609062,0.006062,2473.058
19051000,Crispbread,Kg,1.5,0.66631,0.000001,0.53
19052000,Gingerbread and the like,Kg,5,0.80075,0.000001,0.637
19053100,Sweet biscuits,Kg,333003.785748,87427.543281,0.087428,69277.157
19053200,Waffles and wafers,Kg,151344.959991,85820.860483,0.085821,67986.548
19054000,"Rusks,toasted bread and similar toasted products",Kg,62866.880001,16175.992831,0.016176,12816.36
19059010,Pizza,Kg,803,198.654473,0.000199,85.32
19059020,"Kurkure, Kurmure, Lays, Cheeseballs",Kg,116101.959774,73768.791431,0.073769,44440.11
19059030,Papad,Kg,22584.080093,6512.367501,0.006512,3532.792
19059040,Empty Cachets of a kind suitable for pharmaceuticals use,Kg,606.660011,2009.19916,0.002009,885.713
19059050,Biscuits not specified elsewhere,Kg,13508.960072,4396.64664,0.004397,3483.397
19059060,"Cakes, cookies and Pastry",Kg,9310.399902,2147.699556,0.002148,1701.573
19059070,Bread (Pauroti),Kg,2,0.3203,0,0.256
19059081,"Other Crisp Savoury food products, unfried",Kg,55406.6,6790.03835,0.00679,4436.996
19059089,Other prepared crisp savoury food products,Kg,140.349998,64.117019,0.000064,53.157
19059090,Other bakers' wares nes,Kg,175741.701495,53815.55841,0.053816,42633.836
20011000,"Cucumbers and gherkins, preserved by vinegar or acetic acid",Kg,76.5,14.03191,0.000014,6.939
20019000,"Other vegetables, fruits, etc, preserved by vinegar or acetic acid, nes",Kg,14337.399998,1145.486664,0.001145,566.45
20021000,"Tomatoes, whole or in pieces, preserved other than by vinegar, etc.",Kg,12039,1534.515914,0.001535,758.775
20029000,"Tomatoes, preserved otherwise than by vinegar or acetic acid, nes",Kg,69499.4,9665.937012,0.009666,3444.612
20031000,Mushrooms of the genus Agaricus preserved otherwise by vinegar or autic acid.,Kg,27072,6993.36625,0.006993,3457.829
20039000,Other mushrooms prepared or preserved by vinegar of autic acid nes.,Kg,0.4,0.20482,0,0.168
20041010,"French fry Potato, frozen, prepared or preserved otherwise",Kg,150922.5,19264.705032,0.019265,10777.173
20049000,"Other vegetables preserved other than by vinegar, etc, frozen,(excl. prod's of 20.06",Kg,10782.75,2902.180645,0.002902,1623.63
20051000,"Homogenized vegetable, preserved other than by vinegar, etc, not frozen (excl 20.06)",Kg,500,133.271266,0.000133,74.555
20052010,Potatoes Chips prepared or preserved otherwise than by vinegar or acid,Kg,831.3,153.47156,0.000153,100.167
20054000,"Peas, preserved other than by vinegar or acetic acid, not frozen",Kg,86,7.62314,0.000008,3.779
20055900,"Beans, unshelled, preserved other than by vinegar, etc, not frozen",Kg,0.2,0.06564,0,0.076
20057000,"Olives, preserved other than by vinegar or acetic acid, not frozen.",Kg,270,115.612789,0.000116,57.228
20058000,"Sweetcorn, preserved other than by vinegar or acetic acid, not frozen",Kg,5040,1331.27825,0.001331,658.219
20059900,Other - Vegetables & mixtures of veg preseved otherwise than by vineger or acit,Kg,3744,1314.57925,0.001315,650.028
20060000,"Vegetables, fruit, nuts, fruit-peel and other parts of plants, preserved by suga",Kg,8195,1527.780973,0.001528,755.486
20071000,"Jams, fruit jellies, marmalades, etc, homoenized preparations.",Kg,120,23.984061,0.000024,11.86
20079900,"Other jams, fruit jellies, marmalades, etc, obtained by cooking",Kg,105686.600002,16169.853051,0.01617,8003.369
20081100,"Ground-nuts, preserved",Kg,36254.380014,11174.059396,0.011174,5525.117
20081910,Roasted or Salted Chickpeas (gram),Kg,1571,559.481117,0.000559,276.689
20081920,Roasted or Salted Cashewnut,Kg,21891.940063,23927.322239,0.023927,11830.835
20081930,Roasted or Salted Pistachio,Kg,46061.400391,64490.701,0.064491,31886.215
20081940,Roasted or Salted Almond,Kg,59,75.723181,0.000076,37.446
20081990,"Other nut, ground nut and seeds weather or not mixed together",Kg,38214.089998,19453.887453,0.019454,9620.204
20082000,"Pineapples, prepared or preserved (excl those of 20.06 and 20.07)",Kg,5684.799988,1159.80673,0.00116,573.447
20083000,"Citrus fruit, prepared or preserved (excl those of 20.06 and 20.07)",Kg,18511.800014,3204.74169,0.003205,1652.58
20087000,"Peaches,incl nectarines prepared or preserved (excl those of 20.06 and 20.07)",Kg,1134,394.33225,0.000394,194.969
20088000,"Strawberries, prepared or preserved (excl. those of 20.06 and 20.07)",Kg,9080.999863,2622.994305,0.002623,1296.881
20089300,"Cranberries (Vaccinium macrocarpon, Vaccinium oxycoccos); lingonberries (Vaccinium vi",Kg,505.920006,358.239273,0.000358,177.196
20089700,Mixtures,Kg,144,79.9315,0.00008,39.522
20089910,Fruit Pulp,Kg,287354.950028,21979.2948,0.021979,6471.351
20089990,"Other fruit, nuts and other edible parts of plants nes.",Kg,7717.77997,2833.70126,0.002834,1409.923
20091100,"Frozen orange juice, unfermented, not containing added spirit",LTR,5,0.19151,0,0.469
20092900,Other grapefruit juice of a brix value      > 20,LTR,1.5,3.203,0.000003,0.542
20093900,Other juice of any other single citrus fruit.,LTR,4000,299.464781,0.000299,373.411
20097900,Other apple juice,LTR,25,11.0155,0.000011,3.588
20098990,Other juice of any other single fruits,LTR,117981.90189,19971.329322,0.019971,12462.679
20099000,"Mixtures of juices, unfermented, not containing added spirit.",LTR,125615,18294.34505,0.018294,12882.534
21011100,"Extracts, essences and concentrates of coffee",Kg,72334.740156,174582.031261,0.174582,80045.778
21011200,"Preparations with a basis of extract, essences or concentrates or with a basis of",Kg,8994.880043,7646.417845,0.007646,4417.258
21012000,"Extracts, essences, concentrates and preparations of tea or mat",Kg,29323.700757,15459.016693,0.015459,9163.566
21013000,"Roasted coffee substitutes(incl. chicory) and extracts, assences of concentrates",Kg,1000,2114.6195,0.002115,809.557
21021000,Active yeasts,Kg,67695,27010.819865,0.027011,8072.614
21022000,"Inactive yeasts; other single-cell micro-organisms, dead",Kg,168.7,490.799277,0.000491,146.999
21023000,Prepared baking powders,Kg,5268,926.418738,0.000926,210.853
21031000,Soya sauce,Kg,37243.999172,11035.424731,0.011035,5176.808
21032000,Tomato ketchup and other tomato sauces,Kg,81224.599777,16713.456292,0.016713,7874.186
21033000,"Mustard flour and meal, prepared mustard",Kg,6707,3620.624844,0.003621,1779.905
21039010,"Sauces and sauce preparations; mixed condiments and seasonings, nes",Kg,75210.719991,42621.654727,0.042622,18423.734
21039020,Pickle (Achar),Kg,9353.200001,1069.765744,0.00107,502.138
21039090,Other Sauces and preparations,Kg,266671.679869,141048.769856,0.141049,65643.218
21041000,Soups and broths and preparations therefor,Kg,9496.119981,10404.849694,0.010405,4880.533
21042000,Homogenized composite food preparations,Kg,2,0.3203,0,0.152
21050000,"Ice cream and other edible ice, whether or not containing cocoa",Kg,12270.150062,7304.77617,0.007305,4547.531
21061000,Protein concentrates and textured proteinvsubstences,Kg,128356.13,72146.65108,0.072147,947.64
21069010,"Dalmoth, Namkeen, Bhujiya and Chamena (titbits)",Kg,64094.429991,18789.512759,0.01879,10199.189
21069020,Pan Mashsla without tobacco (Surti Rahit),Kg,6132,14452.237,0.014452,15162.449
21069030,Zintang,Kg,1,0.76872,0.000001,0.187
21069040,Concentrate of non-alcohalic soft drinks,Kg,1192795.679951,1093155.245268,1.093155,404164.568
21069050,"Pachak,Rochak& Similar goods",Kg,10291.700195,2247.339711,0.002247,800.264
21069091,Food Supplements,Kg,42724.217966,119457.748706,0.119458,56917.894
21069092,Herbal Tea,Kg,31.92,166.804622,0.000167,114.195
21069093,Non Dairy Cream,Kg,88660,16534.932977,0.016535,7755.357
21069094,Soya chunks (Soyabody  Masyaura),Kg,6993,1418.576625,0.001419,665.379
21069095,Gum base,Kg,76510,34861.277594,0.034861,9102.616
21069096,Preparation suitable for use as infant food for retail sale,PCS,131498,70195.53027,0.070196,24990.391
21069099,Other Food Preparations,Kg,211598.820144,134325.390981,0.134325,63083.545
22019000,Other unsweetened waters;ice and snow,LTR,3,9.64057,0.00001,4.59
22029910,Energy Drink,LTR,0.5,1.12112,0.000001,0.595
22029920,Light Beverages,LTR,2.16,1.69715,0.000002,0.944
22029930,Flavoured Milk Beverages,LTR,14850,2071.197,0.002071,1978.288
22029990,Other drinks (added sugar or other sweetening matter or flavoured),LTR,74531.180002,13958.586905,0.013959,11600.229
22030020,Beer made from malt ( more than 5% alcohol),LTR,2376,751.743563,0.000752,1506.222
22041010,Sparkling Wine Containing Alcohol Strengthby Vol up to 12%,LTR,8199,3653.601758,0.003654,8557.111
22041020,Sparkling Wine Containing Alcohol Strengthby Vol 12-17% .,LTR,3141,1977.104035,0.001977,3898.919
22042110,Wine (not sparkling: grape must with by alcohol upto 12% in:<=2L containers,LTR,31537.5,13623.194047,0.013623,32621.76
22042120,Wine (not sparkling: grape must with by alcohol 12-17% in:<=2L containers,LTR,16464.780006,11258.083179,0.011258,21425.453
22042910,Other Wine by alcohol upto12%,LTR,11946.899994,4723.472875,0.004723,11929.878
22042920,Other Wine by alcohol 12-17%,LTR,2790,1698.541094,0.001699,3401.187
22043020,Other Wine grape must with byalcohol 12-17%,LTR,8100,5858.873156,0.005859,10871.167
22051010,Vermoutn & Other Wine of grapes by alcohol contain upto12% container =<2L,LTR,183,164.195469,0.000164,279.88
22051020,Vermoutn & Other Wine of grapes by alcohol contain 12-17% in =<2L container,LTR,180,182.036664,0.000182,297.362
22071020,Undenatured Ethyl Alcohol of Strength >=80%vol rectified or silent spirit,LTR,12000,2179.32125,0.002179,2291.411
22071030,E.N.A (Extra Neutral Alcohol) A.AA,LTR,150000,33100.125,0.0331,30779.155
22083010,Raw Material of Whiskey (alcoholic fluids including spirits) <80% alcohol,LTR,29402.099976,59067.244875,0.059067,68883.396
22083091,Whiskies of an alcoholic strength 15UP (48.5%),LTR,61.799999,937.049336,0.000937,1355.529
22083092,Whiskies of an alcoholic strength 25UP (42.8%),LTR,277.25,1441.361819,0.001441,2325.464
22083093,Whiskies of an alcoholic strength 30UP (39.94%),LTR,41972.999998,106542.856754,0.106543,212141.795
22083099,Other Whiskies,LTR,159.175,522.431339,0.000522,1023.192
22084091,Rum and other spirits of an alcoholic strength 15UP (48.5%),LTR,12,101.385688,0.000101,158.056
22085091,Gin and Geneva of an alcoholic strength 15UP (48.5%),LTR,621,1235.969289,0.001236,3047.653
22085092,Gin and Geneva of an alcoholic strength 25UP (42.8%),LTR,516,855.779484,0.000856,2284.71
22085093,Gin and Geneva of an alcoholic strength 30UP (39.94%),LTR,900,1091.898609,0.001092,3579.478
22086093,Vodka of an alcoholic strength 30UP (39.94%),LTR,6704.399994,8310.331137,0.00831,26885.722
22087093,Liqueurs and cordials of an alcoholic strength 30UP (39.94%),LTR,54.599998,72.997203,0.000073,218.187
22087099,Others Liqueurs and cordials,LTR,648,993.016281,0.000993,1690.121
22089091,Liquor of an alcoholic strength 15UP (48.5%),LTR,142.5,424.282625,0.000424,893.998
22089093,Liquor of an alcoholic strength 30UP (39.94%),LTR,999,2352.917531,0.002353,4630.135
22089094,Liquor of an alcoholic strength 40UP (34.23%),LTR,988.800011,1771.716672,0.001772,3472.886
22089095,Liquor of an alcoholic strength 50UP (28.53%),LTR,420,760.389594,0.00076,1351.445
22089096,Liquor of an alcoholic strength 70UP (17.12%),LTR,1612.400024,4426.632594,0.004427,5986.05
22090000,Vinegar and substitutes for vinegar obtained from acetic acid,LTR,5842,1971.991045,0.001972,576.677
23012000,"Flours, meals and pellets of fish or of crustaceans molluscs or other aquatic invertebrates",Kg,159590,14088.3665,0.014088,141.146
23021000,"Brans, sharps and other residues of maize",Kg,61680,2222.561625,0.002223,222.387
23023000,"Brans, sharps and other residues of wheat",Kg,693,21.68431,0.000022,2.182
23024010,"Brans, sharps and other residues of other cereals",Kg,1292491,50079.699865,0.05008,979.151
23024090,"Other-Brans, sharps and other residues except residue of Cashew and Pallets",Kg,5170955,98286.186414,0.098286,6861.54
23031000,Residues from manufacture of starch and similar residues,Kg,5942210,335501.9575,0.335502,3362.16
23033000,Brewing or distilling dregs and waste,Kg,4143190,201550.862375,0.201551,15885.857
23040000,"Oil-cake and other solid residues, of soyabean",Kg,11462110,929287.633625,0.929288,69944.857
23050000,"Oil-cake and other solid residues, of ground-nut",Kg,41940,3223.40625,0.003223,290.172
23064100,Oil-cake of low erucic acid rape or colza  seeds,Kg,1220570,51658.375625,0.051658,4650.89
23069000,"Til Ko Pina, Oil cake",Kg,1665175,56882.629437,0.056883,5122.19
23091000,"Dog or cat food, put up for retail sale",Kg,41924.940032,7723.310445,0.007723,3302.137
23099000,"Other preparations of a kind used in animal feeding, nes",Kg,3458237.960002,641989.9266,0.64199,49243.742
24012000,"Tobacco, partly or wholly stemmed/stripped",Kg,360000,352695.670344,0.352696,218301.53
24013000,Tobacco refuse,Kg,43200,5819.982187,0.00582,9075.916
24031100,Water pipe tobacco specified in Subheading  Note 1 to this Chapter,Kg,2400,3379.022969,0.003379,9351.965
24039920,"Cut tobacco,dust tobacco not for retail sal",Kg,146920,37011.134984,0.037011,123000.943
24039991,Hukkah Flavour,Kg,1763.5,1907.223344,0.001907,5280.372
24039999,"Tobacco extract and essences, Other manufactured tobacco and tobacco substitutes",Kg,100,161.294844,0.000161,347.58
24041100,Containing tobacco or reconstituted tobacco,Kg,306.949997,2290.702375,0.002291,3184.032
24049100,For oral application,Kg,447.03999,6700.489856,0.0067,8586.76
24049900,"Other Products containing tobacco, reconstituted tob, nicotine, substitutes etc",Kg,16,13.1206,0.000013,17.841
25010010,Industrial salt(non-edible),Kg,2385802,26150.911176,0.026151,4881.002
25010020,Black Salt [Sindhe Bire Kalo Noon ],Kg,235740,10453.496979,0.010453,1360.149
25010090,Other salt,Kg,13183000.2,136451.71776,0.136452,0.39
25030000,"Sulphur of all kinds (excl. sublimed, precipitated and colloidal sulphur)",Kg,616.099976,54.422719,0.000054,13.226
25041000,Natural graphite in powder or in flakes,Kg,290,37.71568,0.000038,7.102
25051000,Silica sands and quartz sands,Kg,3286,51.72835,0.000052,12.574
25059000,"Other natural sands, (excl metal-bearing  s nds of chapter 26), nes",Kg,100,11.24434,0.000011,2.799
25061000,Quartz,Kg,406335,4972.823351,0.004973,1075.661
25062000,Quartzite,Kg,98835,2855.548023,0.002856,679.108
25070000,"Kaolin and other kaolinic clays, whether or not calcined",Kg,1294730,37687.549045,0.037688,8180.723
25081000,Bentonite,Kg,1518516,20456.070676,0.020456,3817.38
25083000,Fire-clay,Kg,2310,263.916497,0.000264,49.291
25084000,"Other clays, nes",Kg,6184538,45295.88535,0.045296,8456.745
25085000,"Andalusite, kyanite and sillimanite",Kg,125000,5078.212375,0.005078,947.285
25090000,Chalk,Kg,65280,1196.233409,0.001196,280.864
25101000,"Unground natural calcium phosphates, aluminium calcium phosphates, etc",Kg,57000,804.851125,0.000805,195.71
25102000,"Ground natural calcium phosphates, aluminium calcium phosphates, etc",Kg,42000,565.009188,0.000565,137.363
25111000,Natural barium sulphate (barytes),Kg,14200,370.81296,0.000371,90.241
25120000,"Siliceous fossil meals(kieselguhr,tripolite,etc);&similar siliceous earths appare",Kg,9525.17981,1488.301469,0.001488,277.57
25131000,Pumice stone,Kg,54.1,38.940531,0.000039,9.53
25132000,"Emery, natural corundum, natural garnet and other natural abrasives",Kg,310,10.12115,0.00001,2.683
25151100,Marble and travertine crude or roughly trimmed,MTQ,51.299999,509.850121,0.00051,123.869
25151210,Marble & Travertine merely cut into BLOCKS,Kg,321070,14204.080813,0.014204,3553.109
25151220,Marble & Travertine merely cut into SLABS,Kg,374751.099609,10965.3209,0.010965,7621.866
25151290,Marble & Travertine - OTHERS,Kg,121040,2016.754048,0.002017,788.843
25152000,Ecaussine and other calcarcous monumental or building stone; alabaster,MTQ,16.620001,293.747531,0.000294,204.156
25161100,"Granite, crude or roughly trimmed",MTQ,2301.224983,27046.48226,0.027046,6574.3
25161210,Granite merely cut into BLOCKS,Kg,20892770,224816.546453,0.224817,54646.778
25161220,Granite merely cut into SLABS,Kg,130230,2854.748789,0.002855,1984.318
25162010,Crude or roughly trimmed sand stones of less than 25 inches in size.,MTQ,257.220001,1171.325156,0.001171,814.209
25169000,"Porphyry, sylnite, etc, merely cut into a square or rectangular shape",MTQ,9.8,10.84803,0.000011,7.542
25171010,"Pebbles, gravels, broken or crushed stones not exceeding 2 inches, gor road cons",MTQ,477.5,91.491449,0.000091,22.236
25171030,Crude sand stone used for road constructio,MTQ,45.4,423.63148,0.000424,103.011
25174100,"Marble granules, chippings and powder",MTQ,50546.75,660.583112,0.000661,327.983
25174991,Granules chippings & powder other than stone powder Produced by crusher Industry,MTQ,0.625,11.31936,0.000011,5.31
25181000,Dolomite not calcined or sintered,Kg,3457790,29485.552524,0.029486,6222.269
25191000,Natural magnesium carbonate (magnesite),MTQ,146,725.936064,0.000726,176.535
25199000,Magnesia and other magnesium oxide,MTQ,2012,1337.564133,0.001338,325.161
25201000,Gypsum; anhydrite,Kg,30319480,227260.055013,0.22726,42303.225
25202000,Plasters,Kg,758478.199295,8997.572617,0.008998,2099.766
25210000,Limestone flux; limestone and other calcareous stone,Kg,1039200,10179.860602,0.01018,222.472
25221000,Quicklime,Kg,737058,12729.042927,0.012729,2913.092
25222000,Slaked lime,Kg,45245,807.060543,0.000807,196.25
25223000,Hydraulic lime,Kg,6777515.6,31391.217672,0.031391,7631.834
25231000,Cement clinkers,TNE,1261.070004,9578.983281,0.009579,4665.815
25232100,White portland cement,Kg,3122200,63419.092407,0.063419,34402.39
25232900,Portland cement (excl white),TNE,190.0022,2000.269258,0.002,7.293
25239000,"Other hydraulic cements, etc",Kg,250,35.080602,0.000035,19.097
25251000,Crude mica and mica rifted into sheets or splittings,Kg,50,57.35043,0.000057,14.003
25252000,Mica powder,Kg,20852,1514.252075,0.001514,368.099
25261000,"Natural steatite, talc, Not crushed, not powdered",Kg,214110,1863.311759,0.001863,453.05
25262000,"Natural steatite, talc, crushed or powdered",Kg,633315,14224.928612,0.014225,2813.245
25291000,Feldspar,Kg,4057661,33545.65093,0.033546,7534.767
25301000,"Vermiculite, perlite and chlorites (unexpatded)",Kg,500,39.61848,0.00004,9.628
25309000,"Other mineral substances, nes",Kg,1456841,18449.25554,0.018449,3938.135
26011100,Non-agglomerated iron ores and concentrate,Kg,16555095,83387.009312,0.083387,10844.638
26011200,Agglomerated iron ores and concentrates,Kg,399080,2088.113188,0.002088,271.586
26060000,Aluminium ores and concentrates,Kg,957370,3213.891719,0.003214,418.396
26161000,Silver ores and concentrates,Kg,0.0753,23.019211,0.000023,5.659
26180000,Granulated slag (slag sand) from the manufcture of iron or steel,TNE,741.999996,3309.002156,0.003309,1269.155
26190000,"Slag, dross, sealings & other waste, from the manufacture of iron or steel",TNE,83.32,1735.85075,0.001736,319.943
26219000,"Other slag and ash, including seaweed ash Kelp)",TNE,53133.446105,122057.277523,0.122057,67051.635
27011100,"Coal Anthracite, not agglomerated",Kg,7950,213.693938,0.000214,44.347
27011200,"Bituminous coal, not agglomerated",Kg,18958185,230980.546047,0.230981,53799.959
27011900,"Other coal, not agglomerated, nes",Kg,105986470,1610695.181459,1.610695,356457.9
27030000,"Peat (including peat litter), whether or not agglomerated.",Kg,25925,1294.00975,0.001294,241.399
27040000,"Coke and semi-coke of coal, of lignite or of peat; retort carbon",Kg,1169940,32055.126078,0.032055,6641.62
27073000,Xylol (xylenes),Kg,220,48.897422,0.000049,9.12
27074000,Naphthalene,Kg,2000,310.943969,0.000311,58.057
27075000,Aromatic hydrocarbon mixtures which >=65% distils at 250c,Kg,180,39.35366,0.000039,7.34
27079100,Creosote oils  .,Kg,3000,457.000187,0.000457,85.297
27079900,Other oils and oil products of distillation of high temp coal tar nes,Kg,77160,8572.73825,0.008573,1598.949
27101210,Petrol,KL,56309,6882490.077625,6.88249,2332752.439
27101220,Heczen (food grade),KL,35,4033.01425,0.004033,1560.567
27101910,Kerosene,KL,184,27298.428125,0.027298,4796.965
27101920,ATF,KL,13828,2077001.67225,2.077002,302828.977
27101930,Diesel,KL,103396,13854546.405,13.854546,3668945.736
27101950,Feul Oil (Furnace Oil),LTR,1608719.746094,138863.588967,0.138864,26810.14
27101960,Base Oil (Use for making mobile),LTR,446116,100451.6575,0.100452,30308.991
27101970,Jute batching oil or Textile Oil,LTR,2586,838.613172,0.000839,127.153
27101980,Lubricating Oil,LTR,1404769.100242,541121.104508,0.541121,255240.114
27101991,Spindle Oil,Kg,78572,18262.405981,0.018262,5514.198
27101992,Transformer Oil,LTR,133884,29421.694923,0.029422,7381.981
27101993,Meneral Turpentine Oil,LTR,222178,35435.717625,0.035436,10739.523
27101994,Rubber Processing Oil,LTR,9450,1877.059391,0.001877,336.375
27101995,White Oil/Liquid Paraffin Oil,LTR,69580,16371.560008,0.016372,4916.355
27101996,White Oil,LTR,37,14.76042,0.000015,5.278
27101999,Other petroleum Oil,LTR,1773712,256874.207362,0.256874,122379.867
27102000,Petroleum oils and oils obtained from bitum nous minerals(other than crude) and p,Kg,4,52.697539,0.000053,25.492
27109900,Other waste oils,Kg,2031,978.809133,0.000979,473.519
27111100,"Natural gas, liquefied",Kg,17380,2218.35125,0.002218,539.126
27111390,"Butanes and  Iso-Butanes other than refrigerants, liquefied",Kg,2415,590.002219,0.00059,176.839
27111400,"Ethylene, propylene, butylene and butadien, liquefied.",Kg,17,1.84373,0.000002,0.555
27111910,Liquidified Petrolium Gas (LPG),Kg,57334106,8469228.80875,8.469229,1579533.919
27111990,"Petroleum gases and other gaseous hydrocarons, liquefied, nes.",Kg,44,42.86425,0.000043,12.839
27121000,Petroleum jelly,Kg,3650,1385.871228,0.001386,124.802
27122000,"Paraffin wax, containing <075% oil",Kg,143968.594147,29834.44708,0.029834,5916.833
27129000,"Other paraffin wax and similar products, nes",Kg,5838.5003,1359.733789,0.00136,331.474
27131100,"Petroleum coke, not calcined",Kg,119060,3695.959375,0.003696,756.764
27131200,Calcined petroleum coke,Kg,75760,4139.852599,0.00414,815.087
27132000,Petroleum bitumen,Kg,5395453.800781,686654.670414,0.686655,205598.918
27150000,"Bituminous mixtures based on natural asphat, bitumen(eg cut-backs).",Kg,184134,24696.088644,0.024696,7396.947
28012000,Iodine,Kg,1.1,36.55677,0.000037,6.82
28020000,"Sulphur, sublimed or precipitated; colloidal sulphur",Kg,375,218.810324,0.000219,40.812
28030000,"Carbon (carbon blacks and other forms of carbon, nes)",Kg,169590,15742.600997,0.015743,2686.474
28042100,Argon,MTQ,13748.1322,1407.116449,0.001407,262.56
28042900,Rare gases (excl argon),MTQ,0.0007,13.07828,0.000013,2.44
28043000,Nitrogen,MTQ,4400,172.500766,0.000173,32.238
28044010,Oxygen Medical Grade,MTQ,139866.992222,10983.689594,0.010984,551.016
28044090,Oxygen other than medical grade,MTQ,54837.770034,3037.420711,0.003037,152.395
28046900,Other Silicon containing by weight <99.99% silicon,Kg,520,142.752234,0.000143,26.689
28051100,Sodium,Kg,12,10.17151,0.00001,1.9
28051900,Alkali & alkaline -earth metals (excl sodium and calcium),Kg,2,41.690391,0.000042,7.841
28061000,Hydrogen chloride (hydrochloric acid),Kg,1094800,5818.891801,0.005819,1409.46
28070000,Sulphuric acid; oleum,Kg,458325,31945.290234,0.031945,7000.681
28080000,Nitric acid; sulphonitric acids,Kg,17860,967.301094,0.000967,221.028
28092000,Phosphoric acid and polyphosphoric acids,Kg,68505,16967.875996,0.016968,3364.835
28100000,Oxides of boron; boric acids,Kg,15175,3868.644878,0.003869,765.13
28111900,"Other inorganic acids, nes",Kg,14000.05,2461.769792,0.002462,589.585
28112190,Other Carbon dioxide,Kg,671070,11050.027125,0.01105,2474.626
28112200,Silicon dioxide,Kg,683190,16352.908294,0.016353,3426.874
28112900,"Other inorganic oxygen compounds of non-meals, nes",Kg,30086.560001,787.955703,0.000788,191.542
28141090,Other Anhydrous ammonia,Kg,11000,1522.088,0.001522,301.135
28142000,Ammonia in aqueous solution,Kg,30536,1407.367737,0.001407,342.132
28151100,"Sodium hydroxide (caustic soda), solid",Kg,716792.5,53706.457774,0.053706,10018.041
28151200,Sodium hydroxide in aqueous solution (sodalye or liquid soda).,Kg,81.5,132.017417,0.000132,24.626
28152000,Potassium hydroxide (caustic potash),Kg,8236,1872.4871,0.001872,337.457
28170000,Zinc oxide; zinc peroxide,Kg,7775,3777.599711,0.003778,656.981
28182000,"Aluminium oxide, other than artificial corundum",Kg,6925,1184.97526,0.001185,213.115
28183000,Aluminium hydroxide,Kg,100,14.30374,0.000014,2.669
28191000,Chromium trioxide,Kg,1000,497.507578,0.000498,92.787
28199000,Chromium oxides and hydroxides (excl chromium trioxide),Kg,25,13.34793,0.000013,2.491
28201000,Manganese dioxide,Kg,64040,2962.05644,0.002962,552.627
28211000,Iron oxides and hydroxides,Kg,49011,4638.247938,0.004638,906.83
28212000,Earth colours containing >=70% iron(iii)oxide,Kg,125,5.15753,0.000005,1.319
28230000,Titanium oxides,Kg,19110,7928.049076,0.007928,1681.234
28249000,"other Lead oxides, red lead and oragne lead",Kg,9002.5,3182.21572,0.003182,593.615
28258000,Antimony oxides,Kg,10,32.79393,0.000033,6.117
28259000,"Other inorganic bases; other metal oxides, hydroxides and peroxides, nes",Kg,19.5,15.87374,0.000016,2.966
28269000,"Fluoroaluminates and other complex fluoring salts, nes.",Kg,450,512.239344,0.000512,95.598
28271000,Ammonium chloride,Kg,293,17.89498,0.000018,5.438
28272000,Calcium chloride,Kg,14258,995.151764,0.000995,146.27
28273100,Magnesium chloride,Kg,4950,192.418229,0.000192,17.091
28273200,Aluminium chloride,Kg,90000,4514.124125,0.004514,842.083
28273500,Nickel chloride,Kg,26.25,39.177038,0.000039,7.373
28273900,"Other Chlorides, nes",Kg,11097,1643.211824,0.001643,257.708
28274900,Chloride oxides and chloride hydroxides (excl of copper),Kg,300,75.260273,0.000075,14.038
28276000,Iodides and iodide oxides,Kg,5,96.957867,0.000097,18.083
28281000,Commercial calcium hypochlorite and other calcium hypochlorites,Kg,190525,6078.173693,0.006078,1385.986
28289000,Hypochlorites (excl of calcium) and chlorides; hypobromites,Kg,6618,1084.184606,0.001084,263.666
28291900,Other Chlorates (excl of sodium),Kg,54,158.213484,0.000158,29.508
28299000,Perchlorates; bromates and perbromates; iodates and periodates.,Kg,150.884,185.294741,0.000185,34.625
28309000,Other sulphides and polysulphides,Kg,315,153.786544,0.000154,30.847
28311000,Dithionites and sulphoxylates of sodium,Kg,400,140.615867,0.000141,34.238
28321000,Sodium sulphites,Kg,186.5,125.610484,0.000126,30.59
28322000,Other Sulphites (excl sodium),Kg,200,2462.018,0.002462,24.686
28323000,Thiosulphates,Kg,1,1.18383,0.000001,0.289
28331100,Disodium sulphate,Kg,1000,145.974437,0.000146,43.721
28331900,Sodium sulphates (excl disodium sulphate),Kg,25062.5,656.5193,0.000657,196.695
28332100,Sulphates of magnesium,Kg,66945.099998,2972.418514,0.002972,890.445
28332200,Sulphates of aluminium,Kg,5075,245.075936,0.000245,73.469
28332400,Sulphates of nickel,Kg,31.5,44.669601,0.000045,13.382
28332500,Sulphates of copper,Kg,8,7.17725,0.000007,2.151
28332700,Sulphates of barium,Kg,555,90.222598,0.00009,27.091
28332900,"Other sulphates, nes",Kg,96960.54,12504.591554,0.012505,2565.926
28333000,Alums,Kg,112146,3841.916123,0.003842,1072.473
28334000,Peroxosulphates (persulphates),Kg,1750,1158.864307,0.001159,38.75
28341000,Nitrites,Kg,100,12.81777,0.000013,3.115
28342100,Nitrates of potassium,Kg,405,126.621391,0.000127,30.836
28342900,"Nitrates of barium; of beryllium; of cadmium; of cobaltetc, nes",Kg,25.7,32.10173,0.000032,7.809
28352200,Phosphates of mono or disodium,Kg,221.5,98.718628,0.000099,6.096
28352400,Phosphates of potassium,Kg,2325,897.104141,0.000897,188.978
28352500,Calcium hydrogenorthophosphate (dicalcium phosphate),Kg,745440,81358.257862,0.081358,1197.9
28352600,"Other Phosphates of calcium, nes",Kg,1050,134.704952,0.000135,32.801
28352900,Other Phosphates (excl polyphosphates),Kg,1151.2,224.136901,0.000224,47.614
28353100,Sodium triphosphate (sodium tripolyphosphates).,Kg,49455,8378.714021,0.008379,1853.845
28353900,"Polyphosphates, nes",Kg,100,12.63282,0.000013,3.071
28362000,Disodium carbonate,Kg,973025,40242.182185,0.040242,7506.161
28363000,Sodium hydrogencarbonate (sodium bicarbonate),Kg,217540,10827.167913,0.010827,917.202
28364000,Potassium carbonates,Kg,5,2.97219,0.000003,0.555
28365000,Calcium carbonate,Kg,1875728,40025.397826,0.040025,7018.582
28366000,Barium carbonate,Kg,5,5.60512,0.000006,1.047
28369900,Other carbonates; peroxocarbonates,Kg,75540,5622.665666,0.005623,1044.309
28372000,Complex cyanides,Kg,2,26.376241,0.000026,6.411
28391100,Sodium metasilicates,Kg,5551.5,293.91552,0.000294,71.489
28391900,Other Silicates of sodium (excl metasilicates),Kg,669850,19981.407676,0.019981,4250.432
28399000,Other silicates (excl of sodium and potassium),Kg,1550,95.136681,0.000095,23.187
28401100,Anhydrous disodium tetraborate (refined borax).,Kg,1000,123.320672,0.000123,23.001
28401900,"Disodium tetraborate, not anhydrous",Kg,49626,6544.941501,0.006545,1220.839
28402000,"Other borates, nes",Kg,361,167.805698,0.000168,31.366
28403000,Peroxoborates (perborates),Kg,200,86.273922,0.000086,16.091
28413000,Sodium dichromate,Kg,1250,342.494445,0.000342,64.008
28415000,Other chromates and dichromates; peroxochromates,Kg,7440,1816.653066,0.001817,338.876
28416900,"Manganites, manganates and permanganates (excl potassium permanganate)",Kg,1000,376.193,0.000376,70.226
28421000,"Double or complex silicates, incl alumino silicates wheather or not chemically de",Kg,34250,3993.982394,0.003994,745.081
28429000,Other salts of inorganic acids or peroxoacids (excl azides),Kg,507,198.875155,0.000199,2.139
28431000,Colloidal precious metals,Kg,0.8,0.52975,0.000001,0.129
28432900,Silver compounds (excl silver nitrate),Kg,800.025,637.435619,0.000637,154.965
28444300,"Other radioactive elements and isotopes and compounds; other alloys, dispersions (inc",Kg,6.454,6629.720578,0.00663,1237.568
28444400,Radioactive residues,Kg,301,2301.037984,0.002301,429.807
28461000,Cerium compounds  .,Kg,2,4.66524,0.000005,1.135
28470000,"Hydrogen peroxide, whether or not solidified with urea.",Kg,44665,3131.4151,0.003131,584.21
28491000,Carbides of calcium,Kg,22506,2774.33213,0.002774,674.23
28521000,Inorganic or organic compund chemically defined,Kg,1.25,78.16043,0.000078,18.995
28539000,"Other Phosphides, liquid air, amalgams, other than amalgams of precious metals.",Kg,295,53.631991,0.000054,25.222
29011090,Other butene,Kg,67,139.873387,0.00014,33.991
29012200,Propene (propylene),Kg,1000,804.644,0.000805,195.53
29012900,"Unsaturated acyclic hydrocarbons, nes",Kg,432,332.306453,0.000332,80.818
29022000,Benzene,LTR,17.5,18.64135,0.000019,4.534
29023000,Toluene,LTR,129126,27649.438484,0.027649,5563.848
29024200,m-xylene,LTR,700,253.027625,0.000253,2.531
29024400,Mixed xylene isomers,LTR,5750,1409.475797,0.001409,342.571
29025000,Styrene,Kg,27740,6583.607594,0.006584,1587.53
29029000,"Other cyclic hydrocarbons, nes",Kg,7603,993.171156,0.000993,222.101
29031200,Dichloromethane (methylene chloride),Kg,9000,1017.051963,0.001017,1.376
29031300,Chloroform (trichloromethane),Kg,7150,325.025312,0.000325,3.316
29031500,"Ethylene dichloride  (ISO) (1, 2 dichloromehane)",Kg,1,0.86878,0.000001,0.212
29032200,Trichloroethylene,Kg,900,135.493313,0.000135,32.991
29032300,Tetrachloroethylene (perchloroethylene),Kg,3,13.54229,0.000014,3.357
29034900,Other Saturated fluorinated derivatives of acyclic hydrocarbons,Kg,13145,5790.564938,0.005791,1407.178
29039900,Other aromatic hydrocarbons,Kg,0.2,53.810398,0.000054,13.143
29041000,"Hydrocarbon derivatives containing only sulpho groups, their salts & ethylesters.",Kg,1316.515,669.05419,0.000669,86.282
29042000,Hydrocarbon derivatives containing only nitro/nitroso groups,Kg,200,61.965781,0.000062,11.558
29049900,"Other Sulphonated,nitrated or nitrosated derivatives_hydrocarbons,expt(chloropicrin)",Kg,0.025,3.43067,0.000003,0.641
29051100,Methanol (methyl alcohol),LTR,226743,17972.504839,0.017973,3693.699
29051200,Propan-1-ol (propyl alcohol) and propan-2- ol (isopropyl alcohol),Kg,14738.450001,4310.375586,0.00431,425.584
29051300,Butan-1-ol (n-butyl alcohol) .,Kg,36303,8510.839098,0.008511,1656.197
29051400,"Other butanols, nes",Kg,10,122.173258,0.000122,1.222
29051600,Octanol (octyl alcohol) and isomers thereof,Kg,2211,603.384943,0.000603,146.691
29051700,"Dodecan-1-ol, hexadecan-1-ol and octadecan -1-ol.",Kg,535,243.178568,0.000243,13.78
29051900,"Saturated monohydric alcohols, nes",Kg,60,31.712221,0.000032,7.708
29053100,Ethylene glycol (ethanediol),Kg,17815,2643.607081,0.002644,493.432
29053200,"Propylene glycol (propane-1,2-diol)",Kg,16902,7547.246559,0.007547,1207.945
29053900,"Other diols, nes .",Kg,740,469.760621,0.00047,114.285
29054300,Mannitol,Kg,595,522.142574,0.000522,5.223
29054400,D-glucitol (sorbitol),Kg,39982,3170.040875,0.00317,39.76
29054500,Glycerol,Kg,109245,25110.596251,0.025111,4704.141
29061100,Menthol,Kg,6275.2,12272.241569,0.012272,2982.488
29062100,Benzyl alcohol,Kg,175,120.419992,0.00012,1.27
29062900,"Aromatic alcohols and their derivatives, nes",Kg,25,35.466648,0.000035,8.619
29071100,Phenol (hydroxybenzene) and its salts,Kg,434925,97973.339422,0.097973,19390.964
29071200,Cresols and their salts,Kg,30,30.24407,0.00003,7.351
29071500,Naphthols and their salts,Kg,2.5,2.64195,0.000003,0.643
29071900,"Other monophenols, nes",Kg,515,557.21357,0.000557,134.547
29072200,Hydroquinone (quinol) and its salts,Kg,0.2,1.07608,0.000001,0.263
29072900,"Other polyphenols, phenol-alcohols nes",Kg,4100,4000.932656,0.004001,796.683
29081900,Other - Derivatives containing only halogen substituents & their salts.,Kg,100,30.77226,0.000031,5.74
29091900,"Other acyclic ethers and their halogenated derivatives, nes.",Kg,60,32.967801,0.000033,6.15
29093000,"Aromatic ethers and their halogenated, sulphonated, nitrated +. derivatives, nes",Kg,113,227.546672,0.000228,42.439
29094100,"2,2-oxydiethanol (diethylene glycol, digol )",Kg,32420,5915.737559,0.005916,1103.419
29094300,Monobutyl ethers of ethylene glycol or of diethylene glycol,Kg,690,208.834109,0.000209,39.014
29094400,"Other monoalkylethers of ethylene glycol or of diethylene glycol, nes",Kg,50,27.1316,0.000027,5.061
29094900,"Other ether-alcohols and their halogenated sulphonated, nitrated  derivativ",Kg,3029,1070.210498,0.00107,199.735
29095000,"Ether-phenols, ether-alcohol-phenols and halogenated derivatives, nes",Kg,848,706.59233,0.000707,131.914
29096000,"Alcohol, ether and ketone peroxides and their halogenated a derivatives, nes",Kg,2837,1461.35523,0.001461,269.306
29101000,Oxirane (ethylene oxide),Kg,3069,919.805301,0.00092,171.814
29121100,Methanal (formaldehyde),Kg,1951351.810001,94167.47503,0.094167,17566.348
29121200,Ethanal (acetaldehyde),Kg,5,8.91659,0.000009,1.664
29124100,Vanillin (4-hydroxy-3-methoxybenzaldehyde),Kg,20,50.56925,0.000051,9.432
29124200,Ethylvanillin (3-ethoxy-4-methoxybenzaldehde).,Kg,425,1017.784875,0.001018,189.95
29141100,Acetone,Kg,162.5,71.910701,0.000072,17.478
29141200,Butanone (methyl ethyl ketone),Kg,12,8.89678,0.000009,2.163
29141300,4-Methylpentan -2-one (methyl isobutyl ketone),Kg,21120,5482.095188,0.005482,1125.154
29141900,"Other acyclic ketones, without oxygen function, nes",Kg,3,14.68159,0.000015,3.569
29142200,Cyclohexanone and methylcyclohexanones,Kg,2660,1173.289875,0.001173,285.11
29142900,"Cyclanic, cyclenic or cycloterpenic ketone without oxygen function, nes",Kg,22638.04801,29405.505384,0.029406,4777.897
29143900,Aromatic ketones without other oxygen function (excl Phenylacetone).,Kg,150,453.542875,0.000454,110.343
29144000,Ketone-alcohols and ketone-aldehydes,Kg,975,392.502031,0.000393,95.445
29145000,Ketone-phenols and ketones with oxygen function,Kg,600.025,893.594205,0.000894,217.21
29147900,"Other Halogenated, sulphonated, nitrated or nitrosated derivative",Kg,30,4.8045,0.000005,1.169
29151100,Formic acid,Kg,3010,376.461156,0.000376,70.277
29151200,Salts of formic acid,Kg,4550,568.914078,0.000569,106.367
29152100,Acetic acid,Kg,91353,11875.340902,0.011875,2202.95
29152400,Acetic anhydride,Kg,5,2.39426,0.000002,0.447
29152900,Salts of acetic acid,Kg,128.025,32.92903,0.000033,6.147
29153100,Ethyl acetate,Kg,360180,52046.433316,0.052046,8907.63
29153200,Vinyl acetate,Kg,46770,8808.709906,0.008809,1643.092
29153300,N-butyl acetate,Kg,6360,1213.442875,0.001213,226.309
29153900,"Other esters of acetic acids, nes",Kg,19120,5125.8925,0.005126,956.045
29154000,"Mono-, di- or trichloroacetic acids, their  salts and esters",Kg,50,12.25148,0.000012,2.286
29155000,"Propionic acid, its salts and esters",Kg,1525,407.160682,0.000407,76.004
29156000,"Butanoic acids,pentanoic acids,their salts  and esters",Kg,53000,13796.689813,0.013797,2573.283
29157000,"Palmitic acid, stearic acid, their salts and esters",Kg,42763.003,13416.937853,0.013417,2351.567
29159000,"Saturated acyclic monocarboxylic acids and their derivatives, nes",Kg,4980.025,3412.316453,0.003412,576.381
29161100,Acrylic acid and its salts,Kg,600,190.287797,0.00019,46.241
29161300,Methacrylic acid and its salts,Kg,390,196.504969,0.000197,47.752
29161400,Esters of methacrylic acid,Kg,159.839996,123.800367,0.000124,30.085
29161500,"Oleic, linoleic or linolenic acids, their salts and esters.",Kg,2945,1639.140227,0.001639,398.316
29161900,"Unsaturated acyclic monocarboxylic acids and their derivatives, nes.",Kg,5000,2170.792,0.002171,527.569
29163100,"Benzoic acid, its salts and esters",Kg,9426,3250.680053,0.003251,605.518
29163900,"Aromatic monocarboxylic acids, etc, their derivatives, nes.",Kg,1000,741.709344,0.000742,180.238
29171100,"Oxalicacid, its salts and esters",Kg,5704,814.782952,0.000815,198.192
29171300,"Azelaic acid, sebacic acid, their salts and esters.",Kg,5,33.065641,0.000033,8.036
29171900,"Acyclic polycarboxylic acids, etc, their derivatives, nes",Kg,292,881.699387,0.000882,28.281
29173200,Dioctyl orthophthalates,Kg,13860,3842.017563,0.003842,748.337
29173400,"Other esters of orthophthalic acid, nes",Kg,37510,11337.065062,0.011337,2114.764
29173500,Phthalic anhydride,Kg,1.5,0.98083,0.000001,0.24
29173900,"Aromatic polycarboxylic acids, etc, their derivatives, nes, others",Kg,55848.8,15730.680169,0.015731,3570.201
29181100,"Lactic acid, its salts and esters",Kg,3200,950.981838,0.000951,78.691
29181300,Salts and esters of tartaric acid,Kg,0.8,7.30118,0.000007,1.776
29181400,Citric acid,Kg,446338,58821.553792,0.058822,12437.638
29181500,Salts and esters of citric acid,Kg,1946.2,614.782033,0.000615,10.414
29181600,"Gluconic acid, its salts and esters",Kg,20685,2440.098452,0.00244,574.837
29181900,"Carboxylic acids with alcohol function, without oxygen function nes.",Kg,7575,2538.03691,0.002538,457.228
29182100,Salicylic acid and its salts,Kg,240,174.58325,0.000175,42.491
29182200,"O-acetylsalicylic acid, its salts and esters",Kg,50,43.151949,0.000043,0.432
29182300,Other esters of salicylic acid and their salts.,Kg,85,114.207047,0.000114,27.755
29182900,"Carboxylic acids with phenol function, without oxygen function nes",Kg,196.5,212.430391,0.000212,8.361
29183000,"Carboxylic acids with aldehyde, ketone but without oxygen function, etc.",Kg,250,345.428,0.000345,83.94
29189900,Other - Carboxylic acids nes,Kg,1267.4,6588.510969,0.006589,196.838
29209000,"Esters of other inorganic acids (excl of  hydrogen halides), etc, nes",Kg,15,27.1429,0.000027,5.064
29211100,"Methylamine, di- or trimethylamine and their salts.",Kg,5171,1747.204783,0.001747,325.99
29211900,"Acylic monoamines and their derivatives, nes; salts thereof",Kg,230.5,132.793867,0.000133,24.769
29212100,Ethylenediamine and its salts,Kg,625,311.325058,0.000311,51.392
29212900,"Acyclic polyamines and their derivatives, nes; salts thereof",Kg,1600,513.942875,0.000514,95.917
29214200,Aniline derivatives and theirsalts,Kg,50,605.495125,0.000605,6.12
29214400,Diphenylamine and its derivatives; salts thereof,Kg,0.3,1.0053,0.000001,0.189
29221100,Monoethanolamine and its salts,Kg,930,379.761656,0.00038,92.415
29221200,Diethanolamine and its salts,Kg,110,411.428164,0.000411,4.18
29221500,Triethanolamine,Kg,9,9.18133,0.000009,2.233
29221900,"Other - Amino alcohols, their ethers & esters; salts thereof nes",Kg,430.509995,1317.826845,0.001318,111.06
29222900,"Amino-naphthols and -phenols, etc one oxygen function; salts, nes",Kg,29000,7549.69,0.00755,75.627
29223900,"Other amino -aldehydes, amino-ketones & am  no-quinones nes.",Kg,2,19.493461,0.000019,0.26
29224100,Lysine and its esters; salts thereof,Kg,364320,72482.029422,0.072482,906.192
29224200,Glutamic acid and its salts,Kg,281525,47279.716029,0.04728,16825.068
29224900,"Amino-acids and their esters, not >1 oxygen function; salts thereof, nes",Kg,63760.6,30180.284752,0.03018,320.523
29225000,"Amino-alcohol/acid-phenols; amino-compound with oxygen function, nes",Kg,56027,12350.63775,0.012351,140.117
29231000,Choline and its salts,Kg,1270,376.387285,0.000376,3.766
29232000,Lecithins and other phosphoaminolipids,Kg,4056,723.307933,0.000723,175.966
29239000,"Quaternary ammonium salts and hydroxides, nes",Kg,727,878.296056,0.000878,205.076
29241900,Other acyclic amides (incl acyclic carbon ases) and their derivatives; salts ther,Kg,2537.5,1295.755406,0.001296,311.099
29242100,Ureines and their derivatives; salts thereof,Kg,250,99.774133,0.0001,24.311
29242900,Other - Cyclic amides and their derivative nes,Kg,6192.4087,4393.845796,0.004394,75.078
29251100,Saccharin and its salts,Kg,128,172.097402,0.000172,4.873
29251900,"Other - Imides and their derivatives, salt thereof nes",Kg,200,174.761141,0.000175,32.18
29252900,Other - Imines and their derivatives; salt thereof;,Kg,58950,27704.260078,0.027704,381.052
29261000,Acrylonitrile  .,Kg,7,6.38688,0.000006,1.553
29262000,1-cyanoguanidine (dicyanidiamide),Kg,895,66.899609,0.000067,16.257
29269000,Other - nitrile function compounds,Kg,2565.02,1700.472767,0.0017,413.222
29270000,"Diazo-, azo- or azoxy-compounds",Kg,28300.1,15472.994337,0.015473,3592.294
29280000,Organic derivatives of hydrazine or of hydroxyiamine,Kg,1366.302,1057.418748,0.001057,61.279
29291000,Isocyanates,Kg,5915.5,2863.40916,0.002863,665.595
29302000,Thiocarbamates and dithiocarbamates,Kg,1000,589.060187,0.000589,143.208
29303000,"Thiuram mono-, di- or tetrasulphides",Kg,25,24.713949,0.000025,6.007
29304000,Methionine,Kg,233500,139933.155,0.139933,4506.051
29309000,"Other organo-sulphurcompounds, nes",Kg,2065,785.535098,0.000786,152.733
29319000,Other compounds other than tetramethyl and ributylin,Kg,3005,2370.174568,0.00237,557.613
29321400,Sucralose,Kg,100,247.80718,0.000248,26.541
29321900,"Compounds containing an unfused furan ring in the structure, nes",Kg,5,174.335,0.000174,1.809
29329900,"Other heterocyclic compounds with oxygen hetero-atom(s) only, nes",Kg,85.25,418.645025,0.000419,101.867
29331900,"Compounds containing an unfused pyrazole ring in the structure, nes.",Kg,2.1002,15.25459,0.000015,0.154
29332100,Hydantoin and its derivatives,Kg,950,502.570942,0.000503,122.326
29332900,"Compounds containing an unfused imidazole ring in the structure, nes",Kg,865,2660.903094,0.002661,26.938
29333900,"Compounds containing an unfused pyridine ring in the structure, nes.",Kg,1244.3,6718.392182,0.006718,269.224
29334900,Other - compounds containing in the structure a quinoline or isoquinoline ring s,Kg,0.2522,232.926312,0.000233,4.807
29335900,Other - Compounds containing a pyrimidineing or piperazine ring nes,Kg,143.0002,1023.830653,0.001024,10.436
29336100,Melamine,Kg,123500,20102.721719,0.020103,4557.195
29336900,Other - Compounds containing an unfused trazine ring in the structure,Kg,26056.1,4721.787933,0.004722,1131.401
29337200,Clobazam (INN) and methyprylon,Kg,2,243.267844,0.000243,2.498
29337900,Other lactams (excl epsilon-caprolactam)  .,Kg,3.0025,186.593256,0.000187,1.932
29339100,"Alprazolam (INN),camazepam, chlordiazepoxire,clonazepam(INN)etc(INN) salts th",Kg,0.5,180.473047,0.00018,1.87
29339900,Other - Heterocyclic compounds with nitrogen hetero-atom only nes,Kg,6898.5121,15511.01022,0.015511,241.053
29341000,Compounds containing an unfused thiazole ring in the structure.,Kg,14475,6135.435004,0.006135,645.535
29342000,"Compounds containing a benzothiazole ring-system, not further fused.",Kg,700,390.832844,0.000391,95.039
29349900,Other - Nucleic acids and their salts nes,Kg,10803.665,14638.699658,0.014639,2424.659
29359000,Other Sulphonamides,Kg,276.0001,1423.506055,0.001424,14.432
29362100,"Vitamins A and their derivatives, unmixed",Kg,15,181.448547,0.000181,1.88
29362200,"Vitamin B1 and its derivatives, unmixed",Kg,165,921.040906,0.000921,9.277
29362300,"Vitamin B2 and its derivatives, unmixed",Kg,320,830.496813,0.00083,8.306
29362400,D- or DL-Pantothenic acid (Vitamin B5) and its derivatives,Kg,520,1177.585607,0.001178,104.065
29362500,"Vitamin B6 and its derivatives, unmixed",Kg,135,340.695471,0.000341,3.474
29362600,"Vitamin B12 and its derivatives, unmixed  .",Kg,175.15,2819.238957,0.002819,28.39
29362700,"Vitamin C and its derivatives, unmixed",Kg,4244,3802.666365,0.003803,95.208
29362800,"Vitamin E and its derivatives, unmixed",Kg,323,2089.245027,0.002089,25.257
29362900,"Other vitamins and their derivatives, unmixed, nes.",Kg,7472.6,15118.435189,0.015118,178.03
29369000,Other vitamins (incl natural concentrates)  nes,Kg,6790,4392.341911,0.004392,527.394
29372100,"Cortisone, hydrocortisone, prednisone and prednisolone (dehydrohydrocortisone)",Kg,5,740.375063,0.00074,7.469
29372200,Halogenated derivatives of corticosteroidal hormones,Kg,11,1206.502363,0.001207,12.196
29372300,Oestroqens and proqestoquens,Kg,0.0112,66.49968,0.000066,0.668
29372900,"Other - Steroidal hormons, their derivatives & structural analogues nes.",Kg,0.008,16.62492,0.000017,0.232
29375000,"Prostaglandins, thromboxanes and leukotrienes, their  derivatives and structural analogues",Kg,0.02,57.98725,0.000058,0.645
29379000,"Other - Hormons, prostaglandins, thromboxaes & leukotrienes nes",Kg,15,890.636141,0.000891,8.972
29389000,"Glycosides and their salts, ethers, esters and other derivatives, nes",Kg,27.01,3915.829929,0.003916,48.808
29391900,Other - Alkaloids of opium and their derivatives; salts thereof nes.,Kg,5,1296.727813,0.001297,13.098
29393000,Caffeine and its salts,Kg,500,851.998,0.000852,158.963
29397900,"Other Alkaloids, natural or reproduced by synthesis&their salts etc of vegetal origin",Kg,9.003,1571.49477,0.001571,15.911
29400000,"Sugars, pure (excl glucose, etc); sugar esters, acetals, esters and salts, etc",Kg,553,315.346271,0.000315,40.28
29412000,Streptomycins and their derivatives; salts  thereof.,Kg,20,134.145312,0.000134,25.085
29413000,Tetracyclines and their derivatives; salts  thereof.,Kg,175,1561.704516,0.001562,15.749
29414000,Chloramphenicol and its derivatives; salts  thereof.,Kg,400,2278.163375,0.002278,22.847
29415000,Erythromycin and its derivatives; salts thereof,Kg,350,10296.20325,0.010296,103.093
29419000,"Other antibiotics, nes",Kg,4079.401798,60651.852448,0.060652,609.076
29420000,"Other organic compounds,nes",Kg,126787.1069,18975.742677,0.018976,202.007
30012000,Extracts of glands or other organs or of their secretions,Kg,2000,767.664,0.000768,76.832
30019000,"Substances of human or animal origin,for plophylactic uses, nes",Kg,0.39,225.428875,0.000225,22.545
30021200,-- Antisera and other blood fractions,Kg,3106.894,84863.701708,0.084864,0.39
30021500,"-- Immul prdts, put up in mrsd doses or in forms or pkgs for retail sale",Kg,1001.540001,65018.015531,0.065018,0.455
30024100,Vaccines for human medicine,PCS,349614,164403.693281,0.164404,0.455
30024200,Vaccines for veterinary medicine,PCS,117343,58064.282272,0.058064,1.235
30024900,"Other Vaccines, toxins, cultures of micro-organisms(excl yeasts) and similar products",PCS,1017,4185.980645,0.004186,0.065
30029000,Others,Kg,60.21,305.317065,0.000305,22.345
30032000,"Medicaments of other antibiotics, not for retail sale",Kg,33.059999,18114.30872,0.018114,907.462
30033900,"Medicaments of other hormones, not for retail sale, nes",Kg,0.5,3.057,0.000003,0.459
30039010,Homoeopathic medicaments(pure ayurvedic an yunani),Kg,205.35,719.784737,0.00072,72.181
30039050,Menthol or Kapur containing medicinal bam & similar products,Kg,550,691.873625,0.000692,274.823
30039090,"Others - Medicaments, not put in measured  ses or in forms or packing for retail",Kg,79.4,3383.852183,0.003384,175.719
30041000,"Medicaments of penicillins or streptomycin, for retail sale",Kg,14488.205997,1889.303988,0.001889,135.099
30042000,"Medicaments of other antibiotics, for retail sale",Kg,90840.675575,235889.693854,0.23589,11945.452
30043100,"Medicaments of insulin, for retail sale",Kg,18597.599712,101058.933442,0.101059,5053.281
30043200,"Madicaments of  corticosteroid hormones, their derivatives  or structural analog",Kg,1174.090027,7511.672375,0.007512,375.714
30043900,"Medicaments of other hormones, for retail sale, nes",Kg,1613.764985,115688.534094,0.115689,5784.888
30045000,Other medicaments of vitamins or other products of 2936 for retail sale.,Kg,28160.540139,50097.700361,0.050098,2506.112
30049010,Homoeopathic medicaments(Pure ayurvedican yunani),Kg,46720.21744,81722.869632,0.081723,4128.961
30049041,"Battisa, Drakshyasab, Trifala, Kabjahar & Keshari Jivan",Kg,2487.420001,2652.752397,0.002653,265.408
30049049,"Chyawanprash, Dasamularist, kalpasundari,  Ashokarista, herbal vitamins.",Kg,24291.430066,9370.074374,0.00937,2277.088
30049050,Menthol and campoor containing balms or alike,Kg,10477.959981,40883.626884,0.040884,9762.423
30049090,Other - Medicaments put up in measured doss or in forms or packing for retail sale,Kg,818787.486995,2768486.292067,2.768486,136860.45
30051010,Adhesive Gauze,Kg,111.759998,194.148112,0.000194,19.416
30051020,Adhesive Plaster,Kg,344.939998,414.957467,0.000415,41.485
30051030,Adhesive Tape,Kg,1201.920006,1059.82054,0.00106,106.121
30051090,Other Adhesive dressing and articles having an adhesive layer,Kg,8415.290048,17263.703547,0.017264,1595.713
30059010,Medicated cotton wool,Kg,11534.8,4224.76443,0.004225,358.273
30059020,Bandage,Kg,16976.441388,7831.644743,0.007832,750.142
30059030,Surgical tape,Kg,4498.5,5618.581609,0.005619,562.1
30059090,"Other wadding, gauze, bandage and similar articles for medical surgical, dental or ve",Kg,26604.064992,18813.446561,0.018813,1708.423
30061000,"Sterile surgical catgut, similar sterilesture materials (including sterile aa.",Kg,930.952997,25099.65173,0.0251,4682.74
30063000,Opacifying preparations for x-ray examinations; diagnostic reagentsa for patient,Kg,3935.809906,53378.411125,0.053378,2669.117
30064000,Dental cements and other dental fillings; one reconstruction cements,Kg,1021.057999,14040.66553,0.014041,3412.969
30065000,First-aid boxes and kits,Kg,294.76,214.506614,0.000215,52.139
30066000,Chem contraceptive prepbased on hormones  of  other prod of head 2937 or sperm,Kg,14.491,422.546609,0.000423,0.065
30067000,Gel preparation designed to be used in human or veterinary medcine as ainstru,Kg,5461.44,997.642892,0.000998,242.504
30069100,Appliances identifiable for ostomy use,Kg,216,3465.438246,0.003465,842.242
31010000,Animal or vegetable fertilizers,Kg,42000,1205.353,0.001205,0.065
31021010,Diesel Exhaust Fluid,Kg,59337,5116.824864,0.005117,1243.678
31021030,Fertilizer Grade,Kg,35170000,4392153.848,4.392154,0.975
31023000,Ammonium nitrate  .,Kg,540000,98683.544,0.098684,12829.058
31026000,Double salts and mixtures of calcium nitrate and ammonium nitrate,Kg,3700,691.412875,0.000691,0.065
31031900,Other Superphosphates,Kg,83500,1976.958063,0.001977,0.13
31043000,Potassium sulphate,Kg,925,277.580594,0.000278,0
31052000,"Mineral or chemical fertilizers with nitrogen, phosphorus and potassium.",Kg,91900,4926.763437,0.004927,0.195
31053000,Diammonium hydrogenorthophosphate (diammonium phosphate),Kg,52475000,7869299.968,7.8693,1.495
31055100,Mineral or chemical fertilizers containing  nitrates and phosphates,Kg,1600,696.889312,0.000697,0
31059000,"Other fertilizers, nes",Kg,126000,3643.213875,0.003643,0.13
32021000,Synthetic organic tannning substances,Kg,775,171.600457,0.000172,32.01
32029000,"Inorganic tanning substances; tanning preparations, enzymatic preparation for a.",Kg,60,14.21881,0.000014,2.652
32030020,Food colours other than synthetic,Kg,3153,1038.552336,0.001039,311.192
32041100,Disperse dyes and preparations based there  nes,Kg,4765.7,2674.10849,0.002674,418.053
32041200,Acid dyes and preparations; mordant dyes and preparations,Kg,9307.25,9922.937679,0.009923,2259.969
32041300,Basic dyes and preparations based thereon,Kg,1875,2453.272673,0.002453,363.121
32041400,Direct dyes and preparations based thereon,Kg,10747.4,5091.036104,0.005091,987.91
32041600,Reactive dyes and preparations based there  nes,Kg,6450,4705.093061,0.004705,685.537
32041700,Pigments and preparations based thereon,Kg,28835.369989,25112.665488,0.025113,5230.985
32041800,Carotenoid colouring matters and preparations based thereon,Kg,4250,1626.929094,0.001627,395.411
32041900,Other synthetic organic colouring matter (incl mixtures) of products of 320411-3,Kg,15552.493999,10699.706716,0.0107,2430.743
32042000,Synthetic organic products of a kind used as fluorescent brightening agents,Kg,17640,9185.927754,0.009186,1986.233
32049000,Synthetic organic products used as luminophores,Kg,856.95,592.347505,0.000592,143.951
32050000,Colour lakes; preparations based on colour tlakes as specified in Note 3.,Kg,1334.4,4713.646978,0.004714,144.943
32061100,"Pigments and preparations based on titaniumdioxide, cont'g >= 80% titanium diox",Kg,505507.15,222633.59483,0.222634,46996.149
32061900,"Pigments and preparations based on titaniumdioxide, cont'g < 80% titanium dioxi",Kg,98201.130006,25400.637278,0.025401,6078.086
32062000,Pigments and preparations based on chromium   compounds,Kg,3972,1990.026825,0.00199,596.296
32064100,Ultramarine and preparations based thereon,Kg,3382,2510.081219,0.00251,751.91
32064900,"Other colouring matter; preparations as specified in note 3, nes",Kg,308788.320126,83772.869949,0.083773,25017.859
32071000,"Prepared pigments, opacifiers and colours  or ceramics, etc",Kg,32132,18052.219286,0.018052,4707.06
32072000,"Vitrifiable enamels and glazes, englobes and similar preparations",Kg,987308,48910.193087,0.04891,10811.04
32074000,"Glass frit and other glass in the form of powder, granules or flakes",Kg,163490,11367.456835,0.011367,2495.237
32081000,"Paints & varnishes based on polyesters, in  a non-aqueous medium",LTR,17416.600098,14302.741191,0.014303,9734.269
32082000,"Paints & varnishes based on acrylic or vinyl polymers, in a non-aqueous medium",LTR,14804.095018,7800.837524,0.007801,5458.596
32089000,"Paints and varnishes, in a non-aqueous medium, nes.",LTR,146780.500004,61209.688147,0.06121,29735.391
32091010,Acrylic Emulsion,LTR,1646491.712593,311132.856558,0.311133,157235.248
32091090,"Other Paint, varnishes enamels",LTR,42542,5812.753759,0.005813,4007.436
32099000,"Paints and varnishes, in an aqueous medium nes",LTR,4969.699997,1577.211175,0.001577,1048.697
32100090,"Other Paint, Varnishes, enamel. Lacquers, Distemper",LTR,5161,1052.666865,0.001053,731.006
32110000,Prepared driers,Kg,35176,14689.903871,0.01469,3557.011
32121000,Stamping foils,Kg,2597.229998,2737.083264,0.002737,651.086
32129000,"Pigments in non-aqueous media, nes, for retail sale",Kg,22799.860056,14453.448017,0.014453,3410.148
32131000,Colours in sets,Kg,723,460.270478,0.00046,111.873
32139000,"Artists', students' or signboard painters'  colours in packings, nes.",Kg,9707.089931,2522.810003,0.002523,583.156
32141000,"Glaziers'& grafting putty, resin cements, culking comp's & other mastics; painte",Kg,2449816.980027,124230.660541,0.124231,33999.657
32149000,Non-refractory surfacing preparations,Kg,397328.019984,27116.227365,0.027116,7898.178
32151100,"Black printing ink, whether or not concentrated or solid",Kg,20025.55,11273.920548,0.011274,2502.324
32151900,"Printing ink, whether or not concentrated  or solid (excl black)",Kg,243989.269976,94527.024045,0.094527,19284.229
32159000,"Other ink, whether or not concentrated or solid, nes",Kg,20832.215009,28707.222642,0.028707,6499.865
33011200,Essential oils of orange (incl concretes  and absolutes),LTR,26,45.005369,0.000045,11.006
33011900,"Essential oils of citrus fruit (incl concretes and absolutes), nes",LTR,1817,602.565965,0.000603,146.499
33012400,Essential oils of peppermint (incl concrets and absolutes),LTR,0.2,1.06668,0.000001,0.26
33012500,"Essential oils of mints (incl concretes ann  absolutes), nes",LTR,10,37.139809,0.000037,9.091
33012900,"Essential oils (incl concretes and absolutes), nes.",LTR,3789.360003,10056.663606,0.010057,2192.076
33019000,"Concentrates of essential oils in fats  aquous distillates, extracted oleoresi",LTR,7119.090008,9399.993177,0.0094,1506.197
33021010,Odorifereous substances used in alcoholic solution in the food or drink industries,LTR,20493.494019,28239.512429,0.02824,8815.234
33021090,"Other odoriferous substances, of kind used for the manufacture of beverage",LTR,33716.800003,44651.109161,0.044651,10776.927
33029000,"Mixtures of,or with a basis of,odoriferous subst's incl alc sol's for use in ind",LTR,82931.290002,101840.113572,0.10184,25944.361
33030000,Perfumes and toilet waters,LTR,14228.565222,48705.008324,0.048705,22076.164
33041000,Lip make-up preparations,Kg,7188.731517,39660.697002,0.039661,19614.532
33042000,Eye make-up preparations,Kg,2405.150071,21856.222062,0.021856,10867.74
33043010,Nail Polish,LTR,2742.436004,6241.878934,0.006242,3162.277
33043090,Other Manicure or pedicure preparations,Kg,2641.670001,1494.944556,0.001495,776.098
33049100,"Powders, whether or not compressed",Kg,6417.753493,7749.709086,0.00775,3845.086
33049910,Face Cream,Kg,39005.781592,141326.298899,0.141326,70186.353
33049930,Body Lotion,Kg,14325.875014,35589.558676,0.03559,17667.24
33049940,Sindur,Kg,13732.055728,1528.03874,0.001528,460.738
33049950,Petrolium Jelly in retail sales packed used to protect skin,Kg,5562.692997,9257.370618,0.009257,4578.922
33049990,Other beauty or make up preparetions,Kg,206239.093904,434782.298922,0.434782,216928.931
33051000,Shampoos,LTR,324978.948812,166934.508564,0.166935,93506.871
33052000,Preparations for permanent waving or straithtening,Kg,2341.199997,4133.083617,0.004133,2312.118
33053000,Hair lacquers,Kg,59650.200002,22944.844086,0.022945,12887.11
33059010,Hair Oil,LTR,108530.130052,68337.287487,0.068337,33813.562
33059020,Hair dye or colour,Kg,135856.924015,125488.977902,0.125489,62047.787
33059030,Hair cream,Kg,3376.90001,1569.023371,0.001569,775.927
33059040,Hair conditioner,LTR,19611.750049,16575.650204,0.016576,8195.038
33059090,Other preparations for use on the hair,Kg,150361.22105,119390.393894,0.11939,59136.396
33061000,Dentifrices,Kg,118685.404709,93450.289064,0.09345,41667.111
33062000,"Yarn used to clean between the teeth (dental floss),in individual retail package",Kg,265.294,1099.51739,0.0011,514.008
33069000,"Preparations for oral or dental hygiene (incl denture fixative), nes",Kg,3653.829999,2308.577805,0.002309,1125.616
33071000,"Pre-shave, shaving or after-shave preparations",LTR,4442.896027,2975.445688,0.002975,1471.353
33072000,Personal deodorants and antiperspirants,LTR,41152.99613,72141.825685,0.072142,35519.565
33073000,Perfumed bath salts and other bath preparations.,Kg,168.52,214.368622,0.000214,105.998
33074100,Agarbatti and other odiferous preparations which operate by burning.,Kg,115642.149987,21323.479498,0.021323,8826.063
33074900,"Preparations for deodorizing rooms, nes",LTR,31616.854987,22848.052164,0.022848,9836.586
33079000,"Other perfumery, cosmetic or toilet preparations, nes",Kg,19397.940009,21126.766398,0.021127,9080.955
34011100,Soap for toilet use including medicaments,Kg,158758.807124,40727.198609,0.040727,22462.902
34011900,"Other Type of Soaps in the forms of bars, cakes, moulded pieces or shapes",Kg,108402.14357,22720.25141,0.02272,12329.033
34012010,Sodium Fatty Acid Salt (Soap Noodles),Kg,470691.200012,84872.677396,0.084873,30934.24
34012090,"Soap in other forms, nes",Kg,6099.23996,3835.030199,0.003835,2123.94
34013000,"Organic surface-active prod& prep for washing the skin, in the form of liquid",Kg,239727.613283,148378.124677,0.148378,80702.641
34023100,Linear alkylbenzene sulphonic acids and their salts,Kg,962182.87,259896.744534,0.259897,79235.172
34023900,Other Anionic organic surface active agents,Kg,137621.5,34231.18111,0.034231,15665.695
34024100,Cationic,Kg,695,467.22611,0.000467,189.253
34024200,Non-ionic,Kg,55499.6,15742.817791,0.015743,8472.197
34024900,Other organic surface active agents,Kg,53094.780003,11944.687103,0.011945,5509.939
34025010,Detergent Powder,Kg,227973.6,27044.737554,0.027045,14675.498
34025090,Others preparations put up for retail sale (excel Detergent powder),Kg,34890.004063,13860.248851,0.01386,7620.775
34029000,"Other Organic surface-active agents, washing preparations, cleaning preparations",Kg,1050355.088111,189145.702759,0.189146,101734.804
34031900,"Other lubricating preparations, with <70%  petroleum oil, nes",LTR,5184.880013,4280.296268,0.00428,1245.272
34039100,"Preparations for lubricating materials, etc, nes",Kg,1910.200012,3514.901645,0.003515,1052.789
34039900,"Other lubricating preparations, nes",Kg,53726.703,21300.001024,0.0213,6228.3
34049000,"Artificial waxes and prepared waxes, nes",Kg,9917.380002,4326.330178,0.004326,961.713
34051000,"Polishes, creams and similar preparations  or footwear or leather",Kg,20684.071696,15255.489426,0.015255,4576.064
34052000,"Polishes, creams and similar preparations or maintenance of woodwork",Kg,10193,1663.374065,0.001663,508.678
34053000,Polishes and similar preparations for coac work (excl metal polishes),Kg,1203.239998,412.130575,0.000412,123.716
34054000,Scouring pastes and powders and other scouring preparations,Kg,10026,1021.933371,0.001022,306.078
34059000,"Other polishes, creams and similar preparations, nes",Kg,21030.499992,5736.494516,0.005736,1778.61
34060000,"Candles, tapers and the like",Kg,3653.73,887.75047,0.000888,284.781
34070010,"Modelling Paste, including those put up for children's amusement",Kg,13459.900002,4654.584152,0.004655,1400.543
34070090,Other preparations for use in dentistry,Kg,1277.279998,1145.900826,0.001146,343.29
35011000,Casein,Kg,850,867.145062,0.000867,210.782
35019000,Caseinates and other casein derivatives; casein glues,Kg,1000,1333.629,0.001334,324.137
35022000,"Milk albumin, including concentrates of two or more whey proteins",Kg,1652.470001,3074.157699,0.003074,747.294
35030000,Gelatin and derivatives; isinglass; glues off animal origin (excl 3501),Kg,2205,1403.353888,0.001403,341.152
35040000,"Peptones/protein substances and derivatives, nes; hide powder",Kg,5092.7,4887.554018,0.004888,1132.288
35051000,Dextrins and other modified starches,Kg,98194.700001,6004.842262,0.006005,1341.645
35052000,"Glues based on starches, dextrins or othermodified starches",Kg,29160,2854.150964,0.002854,595.774
35061000,"Products put up as glues or adhesives for retail sale, =<1kg",Kg,148202.729054,76620.053383,0.07662,21254.438
35069100,Adhesives based on polymers of heading 39.01  to 39.13 or on rubber,Kg,634824.23152,163622.571081,0.163623,43147.694
35069900,"Prepared glues and other prepared adhesive, nes",Kg,292588.420022,33134.714225,0.033135,9142.137
35071000,Rennet and concentrates thereof,Kg,20,279.542125,0.00028,52.201
35079000,Enzymes; prepared enzymes (not elsewhere specified or included),Kg,27786.3,31062.781647,0.031063,6064.125
36020000,"Prepared explosives, (excl propellent powders).",Kg,160000,37066.717,0.037067,224.872
36036000,Electric detonators,Kg,6834.429932,16826.9605,0.016827,168.271
36050000,Matches (excl pyrotechnic articles of 36.04,Kg,1883,365.68422,0.000366,171.573
37011000,"Photographic plates & film for x-ray, in the flat, unexposed.",SQM,82037.019998,80698.132075,0.080698,13560.425
37013000,Other plate and film with any side >255mm,SQM,153029.051512,27047.39475,0.027047,5090.886
37023900,"Film, in rolls, non-perforated, of width =  105mm nes",SQM,0.6,1.38447,0.000001,0.338
37032000,"Other photographic paper, paperboard and textiles for colour photography",SQM,1318.99202,243.540762,0.000244,59.253
37039000,"Photographic paper, paperboard and textiles, nes.",SQM,225,2020.20334,0.00202,490.976
37061000,"Cinematograph film, exposed and developed, width >=35mm",MTR,6,12803.921189,0.012804,1811.889
37071000,Sensitising emulsions for photographic use,Kg,644.200001,170.013778,0.00017,31.716
37079010,Toner Powder,Kg,1770.189995,10847.987422,0.010848,2029.477
37079090,"Other chemical preparation for photographic uses, put up for retail sale",Kg,4310,2971.31883,0.002971,554.303
38012000,Colloidal graphite or semi-colloidal graphite,Kg,75,16.81575,0.000017,3.202
38019000,"Preparations based on graphite or carbon inthe form of pastes, nes.",Kg,42000,2229.7685,0.00223,541.899
38021000,Activated carbon  .,Kg,8600,926.466887,0.000926,173.122
38029000,Activated natural mineral products; animal  black,Kg,820133.576172,45982.403847,0.045982,8577.438
38040000,Residual lyes from the manufacture of wood pulp (excl tall oil),Kg,0.3,1.61874,0.000002,0.302
38051000,"Gum, wood or sulphate turpentine oils",LTR,21209,1562.40746,0.001562,379.737
38059000,"Other turpenic oils, nes; crude dipentene, crude paracymene, pine oil etc",Kg,8034,2687.696488,0.002688,584.97
38061000,Rosin and resin acids,Kg,900,181.126793,0.000181,44.018
38062000,"Salts of rosin, of resin acids or of derives of rosin or resin acids, excl rosin",Kg,200,165.217547,0.000165,40.149
38063000,Ester gums,Kg,17400,3770.271672,0.00377,796.064
38069000,"Derivatives of rosin and resin acids, nes;  rosin spirit and oils, nes",Kg,1512,206.68539,0.000207,50.296
38085900,Other Goods specified in Subheading Note 1 to this Chapter (excel DDT (ISO),Kg,72,159.910967,0.00016,38.929
38089110,"Products for killing mosquito, cockroach and like household insects",Kg,115866.135697,70176.413762,0.070176,17305.179
38089190,Balinalima paryog hune Kitnashak Bisadiharoo,Kg,528074.61405,151391.093344,0.151391,22173.552
38089200,Fungicides,Kg,127614,77285.455153,0.077285,11366.595
38089310,Herbicides,Kg,155747.44,93134.424123,0.093134,13494.033
38089390,Antisprouting Products & Plant Growth Regulator,Kg,846728.38,103000.695481,0.103001,28808.267
38089410,Sanitizer,Kg,152.200001,58.710668,0.000059,10.951
38089490,Other Disinfectants,Kg,33391.78991,25882.037013,0.025882,4816.826
38089911,Rat poision,Kg,10697.5,3949.724688,0.00395,600.49
38089990,Others Rodenticide,Kg,29186.499988,9690.491393,0.00969,1808.001
38091000,"Finishing agents, etc, with a basis of amy  aceous substances nes",Kg,2888,543.710602,0.000544,132.265
38099100,"Finishing agents, etc, of a kind used in the textile or like industries nes.",Kg,82306,15951.550268,0.015952,3087.079
38099200,"Finishing agents, etc, of a kind used in the paper or like industries nes",Kg,99265,9231.382416,0.009231,1833.594
38099300,"Finishing agents, etc, of a kind used in the leather or like industries nes.",Kg,1645,413.929253,0.000414,100.861
38101000,"Pickling preparations for metal surfaces; soldering, brazing or welding powders.",Kg,8696,1231.573798,0.001232,281.818
38109000,Other - Pickling preparations for metal surfaces,Kg,50542.4,3194.932978,0.003195,702.992
38111900,Anti-knock preparations (excl based on lead ),Kg,50,66.855008,0.000067,20.025
38112100,Additives for lubricating oils with petrolium oils or oil obtain from bituminous,Kg,14151,8708.132563,0.008708,2310.99
38112900,Additives for lubricating oils (excl with petroleum oils),Kg,2004,467.583311,0.000468,140.107
38119000,"Other additives other than for lubricating  oils, nes",Kg,44526.199999,12751.319554,0.012751,2745.433
38121000,Prepared rubber accelerators  .,Kg,1765,1196.98881,0.001197,234.705
38122000,"Compound plasticisers for rubber or plastics, nes",Kg,97775,28835.493988,0.028835,6081.331
38123100,"Mixtures of oligomers of 2,2,4-trimethyl-1,2-dihydroquinoline (TMQ)",Kg,375,168.15769,0.000168,31.365
38123900,Other Anti-oxidising preparations & oth compound stabilizers for rubber or plastics,Kg,93501,52972.3565,0.052972,4998.713
38130000,Preparations for fire-extinguishers; charged fire-extinguishing grenades,Kg,4071,691.824467,0.000692,168.125
38140000,"Organic composite solvents and thinners, nes; paint or varnish removers.",LTR,232598.21001,26155.988104,0.026156,13383.064
38151100,Supported catalysts with nickel or its compounds as the active substance,Kg,400,716.511727,0.000717,174.31
38151900,"Supported catalysts, nes  .",Kg,18390,1217.536808,0.001218,295.996
38159000,"Others - Reactive initiators, accelerators  & catalytic preparations nes.",Kg,4111.910004,828.009913,0.000828,195.163
38160000,"Refractory cements, mortars, concretes and similar compositions, including dolomite r",Kg,4839876.330002,93435.142453,0.093435,18917.584
38170000,Mixed alkylbenzenes and mixed alkylnaphthaenes other than those of head 2707 o,Kg,1680,460.948695,0.000461,0
38190010,Hydraulic Brake Fluid,LTR,38168.839996,14621.651459,0.014622,7208.987
38200000,Anti-freezing preparations and prepared deicing fluids,Kg,69159.535988,11517.09491,0.011517,2666.439
38210000,Prepared culture media for development or maintenance of  microorganisms(includi,Kg,1033.170674,23577.590046,0.023578,5720.375
38221100,For malaria (Diagnostic or laboratory reagent),Kg,163.5,471.131172,0.000471,23.623
38221200,For Zika and other diseases transmitted by mosquitoes of the genus Aedes,Kg,1603.362,9811.107512,0.009811,491.3
38221300,For blood-grouping (Diagnostic or laboratory reagent),Kg,119.5,2404.898603,0.002405,120.514
38221900,"Other-Diagnostic or laboratory reagents on a backing, prepared diagnostic or laborato",Kg,42589.540416,158898.205171,0.158898,7730.845
38229000,"Other Diagnostic or lab reagents on a backing, prepared diagnostic or laboratory",Kg,58946.998718,295243.282242,0.295243,14750.565
38231100,Stearic acid,Kg,26400,5884.491498,0.005884,1095.883
38231200,Oleic acid,Kg,4580,1203.71475,0.001204,224.691
38231900,Industrial monocarboxylic fatty acids & acid oils from refining nes.,Kg,204376.099976,44951.875969,0.044952,8384.255
38237000,Industrial fatty alcohols,Kg,6350,2374.922613,0.002375,443.059
38241000,Prepared binders for foundry moulds or cores,Kg,301493.2,8289.075405,0.008289,1643.889
38243000,Non-agglomerated metal carbides mixed together or with metallic binders.,Kg,25000.4,393.103316,0.000393,95.528
38244000,"Prepared additives for cements, mortars orconcretes",Kg,1029614.600098,96998.159821,0.096998,27440.703
38245000,Non-refractory mortars and concretes,Kg,723947.639853,15351.237776,0.015351,4240.319
38246000,Sorbitol (excl that of 290544),Kg,100860,6899.75925,0.0069,1340.073
38248900,Containing short-chain chlorinated paraffins,Kg,160,152.204357,0.000152,37.054
38249100,Mixtures and preparations consisting mainlyof,Kg,5296.5,814.408886,0.000814,198.179
38249200,Polyglycol esters of methylphosphonic acid,Kg,166.440004,404.85693,0.000405,98.384
38249910,Chloromited Paraffin wax,Kg,220605.050003,22565.364906,0.022565,4504.956
38249920,Dialysis bath concentrate in solid or liquid form use for treatment of kidney patient,Kg,41932,5490.403422,0.00549,0.195
38249930,Potting soil and conditioner,Kg,27000,1439.8415,0.00144,349.948
38249990,Other chemical products and preparations of the chemical or allied industries,Kg,3572491.407611,93700.171339,0.0937,26711.767
39011000,"Polyethylene having a specific gravity <0.94, in primary forms",Kg,1298426.5,234590.680923,0.234591,49720.253
39012000,"Polyethylene having a specific gravity >=0.94, in primary forms.",Kg,3509175,614200.024969,0.6142,120147.068
39013000,"Ethylene-vinyl acetate copolymers, in primary forms",Kg,555228,125651.809593,0.125652,23024.061
39014000,"Ethylene-alpha-olefin copolymers, having a specific gravity of less than 0.94",Kg,2483808.5,479351.612891,0.479352,95353.752
39019000,"Other polymers of ethylene, in primary forms, nes",Kg,121793.86,32004.269072,0.032004,7326.154
39021000,"Polypropylene, in primary forms",Kg,4658577,888459.423779,0.888459,138159.389
39023000,"Propylene copolymers, in primary forms",Kg,871750,161990.296297,0.16199,32794.009
39029000,"Other polymers of propylene or other olefins, in primary forms, nes.",Kg,128835,14097.081848,0.014097,2476.253
39031100,"Expansible polystyrene, in primary forms  .",Kg,45750,13058.457656,0.013058,3049.192
39031900,"Polystyrene (excl expansible), in primary forms",Kg,78006,17852.59762,0.017853,3823.836
39032000,"Styrene-acrylonitrile (san) copolymers, in primary forms",Kg,40000,11920.64,0.011921,2896.781
39033000,"Acrylonitrile-butadiene-styrene (abs) copolymers, in primary forms",Kg,27900,7418.392578,0.007418,1800.71
39039000,"Polymers of styrene, in primary forms, nes",Kg,229860,40049.659139,0.04005,9266.614
39041000,"Poly(vinyl chloride), not mixed with other N substances, in primary forms",Kg,1789047.899988,245455.111607,0.245455,55413.463
39042100,Non-plasticised poly(vinyl chloride) mixed in primary forms,Kg,108227,37585.528563,0.037586,8928.1
39042200,"Plasticised poly(vinyl chloride) mixed, in primary forms",Kg,676125.5,107882.555226,0.107883,16870.982
39044000,"Vinyl chloride copolymers (excl acetate), in primary forms nes.",Kg,112000,18976.826125,0.018977,3214.006
39046100,"Polytetrafluoroethylene, in primary forms",Kg,20,62.490531,0.000062,15.252
39049000,"Polymers of halogenated olefins, in primary forms, nes.",Kg,90750,27294.079,0.027294,6451.956
39051200,Poly(vinyl acetate) in aqueous dispersion in primary forms.,Kg,10974,2931.664496,0.002932,712.792
39051900,"Polyvinyl acetate, not in aqueous dispersions, in primary forms",Kg,37905,5517.982687,0.005518,1305.696
39052100,"Vinyl acetate copolymers in aqueous dispersion, in primary forms",Kg,13609,2935.299243,0.002935,659.007
39052900,"Vinyl acetate copolymers, not in aqueous dispersion, in primary forms",Kg,600,173.353688,0.000173,42.126
39053000,"Poly(vinyl alcohol), whether or not contaning unhydrolysed acetate groups",Kg,8235,3453.582926,0.003454,672.175
39059100,Copolymers,Kg,2500,2379.300438,0.002379,578.239
39059900,Polymers of other vinyl esters & other vinyl polymers in primary forms nes,Kg,2419.760014,4673.568392,0.004674,56.238
39061000,"Poly(methyl methacrylate), in primary form",Kg,3255,695.89302,0.000696,135.514
39069000,"Acrylic polymers prepared,in primary forms   nes",Kg,338845.85,76699.259533,0.076699,14901.014
39071000,"Polyacetals, in primary forms",Kg,8250,2172.340688,0.002172,528.011
39072100,Bis (polyoxyethylene) methylphosphonate,Kg,210,91.571367,0.000092,22.253
39072900,Other polyethers,Kg,79160,24785.451745,0.024785,5623.403
39073000,Epoxide resines,Kg,54711.729998,23499.594324,0.0235,5227.616
39074000,"Polycarbonates, in primary forms  .",Kg,17500,4422.508359,0.004423,857.909
39075000,"Alkydresins, in primary forms",Kg,465882,117245.487685,0.117245,23798.153
39076100,Having a viscosity number of 78 ml/g or higher,Kg,1900200,329085.983562,0.329086,62264.749
39079100,"Unsaturated polyesters, in primary forms,   es",Kg,314655,84441.128953,0.084441,17145.001
39079900,"Polyesters, in primary forms, nes",Kg,118630,30848.635864,0.030849,6415.53
39089000,"Other polymides, in primary forms, nes",Kg,1133.6,793.259366,0.000793,192.836
39091000,"Urea resins; thiourea resins, in primary f  rms.",Kg,27155,2961.222804,0.002961,633.865
39092000,"Melamine resins, in primary forms",Kg,5701534.43,268423.659969,0.268424,52620.902
39093100,"Poly (methylene phenyl isocynate) (Crude MDI, polymeric MDI)",Kg,8225,3299.192996,0.003299,801.909
39093900,Others amino-resins,Kg,2454,880.071264,0.00088,167.682
39094000,"Phenolic resins, in primary forms",Kg,121735,21989.327951,0.021989,4687.873
39095000,"Polyurethanes, in primary forms",Kg,194647.155,65202.794013,0.065203,13288.044
39100000,Silicones inprimary forms,Kg,26134.2,20883.820951,0.020884,5053.097
39111000,"Petroleum resins other resins and polyt erp nes, in primary forms",Kg,598.710007,164.339572,0.000164,39.939
39119000,"Polysulphides, polysulphones and other pro  ucts, in primary forms",Kg,2967,649.074478,0.000649,144.128
39121100,"Non-plasticised cellulose acetates, in pri  ary forms",Kg,200,49.508051,0.00005,12.031
39123100,"Carboxymethylcellulose and its salts, in p  imary forms.",Kg,7436,3699.791104,0.0037,618.639
39123900,"Other cellulose ethers, in primary forms,   es",Kg,58445,36989.492604,0.036989,7360.386
39129000,"Cellulose and its chemical derivatives, in  primary forms, nes",Kg,13845,7798.545661,0.007799,452.493
39131000,"Alginic acid, its salts and esters, in pri  ary forms",Kg,1185,1889.246531,0.001889,459.287
39139000,"Natural and modified natural polymers, nes  in primary forms",Kg,15945.6,10651.777794,0.010652,1882.929
39140000,"Ion-exchangers based on polymers of 3901  t  3913, in primary forms",Kg,5799,1875.681408,0.001876,438.584
39159000,"Waste, parings and scrap, of other plastic  , nes",Kg,18,12.82824,0.000013,6.02
39161000,"Monofilament >1mm, rods and profile sha pes  of polymers of ethylene.",Kg,731.769991,788.146608,0.000788,427.612
39162000,"Monofilament >1mm, rods, etc, of polyme rs  f vinyl chloride",Kg,523713.650748,89951.380774,0.089951,48795.171
39169000,"Monofilament >1mm, rods and profile sha pes  of other plastics, nes",Kg,333098.241803,57979.557475,0.05798,31452.02
39171000,Artificial guts of hardened proteins or ce  lulosic materials,Kg,7593.798099,512.782508,0.000513,137.105
39172100,"Tubes, pipes and hoses, rigid, of polymers  of ethylene.",Kg,11068.454952,2848.803588,0.002849,2060.237
39172200,"Tubes, pipes and hoses, rigid, of polymers  of propylene",Kg,836,281.412613,0.000281,152.659
39172300,"Tubes, pipes and hoses, rigid, of polymers  of vinyl chloride",Kg,31994.420206,13411.5341,0.013412,7282.261
39172900,"Tubes, pipes and hoses, rigid, of other pl  stics, nes",Kg,16507.991804,6729.419542,0.006729,3723.093
39173100,"Flexible tubes, pipes and hoses, with a bu  st pressure >=276mpa",Kg,6691.874837,3400.671871,0.003401,1856.079
39173200,"Tubes, pipes and hoses, not reinforced, wi  hout fittings, nes",Kg,294.199999,206.639359,0.000207,112.191
39173300,"Tubes, pipes and hoses, not reinforced, wi  h fittings attached, nes.",Kg,259.909998,641.685545,0.000642,348.095
39173900,"Other tubes, pipes and hoses, nes",Kg,15526.365952,6525.932272,0.006526,3517.055
39174000,"Fittings, for tubes, pipes and hoses, of p  astic",Kg,110237.248642,67366.904451,0.067367,36551.781
39181010,"Floor covering of polymer of vinyl chloride, in roll or in the form of tiles",Kg,88586.2,10177.734411,0.010178,7016.297
39181090,Wall or Celling coverings and others of polymer of vinyl chloride,Kg,492717.999512,59223.345247,0.059223,40846.057
39189010,"Floor covering of other plastic, in roll or in the form of tiles",Kg,16819,8132.90857,0.008133,5606.434
39189090,Wall or Celling coverings and others of polymer of other plastic,Kg,79,22.77375,0.000023,15.71
39191000,"Self-adhesive tape, plates, strip, in r oll , width =<20cm",Kg,30713.105081,13324.622992,0.013325,6831.118
39199000,"Other self-adhesive plates, tape, strip, f  il of plastics, nes.",Kg,99220.924329,36740.113507,0.03674,22703.568
39201010,"printed plates, sheets, film, foil and strip, of ethylene polymer",Kg,37453.050099,5609.542481,0.00561,2499.729
39201090,"other  plates, sheets, film, foil and strip, of ethylene polymer",Kg,271270.339972,34064.088128,0.034064,14622.404
39202010,"Printed plates, sheets, film, foil and strip, of propylene",Kg,25377.859877,16057.545125,0.016058,8417.712
39202090,"Other plates, sheets, film, foil and strip, of propylene",Kg,683516.72409,182160.552563,0.182161,65188.642
39203090,"Other  plates, sheets, film, foil and strip, of plastics, non-cellular of styrene",Kg,64215.799999,5918.900828,0.005919,2067.255
39204390,"Other plates, sheets, film, foil and strip, of poly. vin. chlorid <6%",Kg,132601.36,11219.770511,0.01122,3540.401
39204910,"Printed plates, sheets, film, foil and strip, of polymer, >6%",Kg,1387.341008,803.259159,0.000803,314.275
39204990,"Other  plates, sheets, film, foil and strip, of polymer, >6%",Kg,220905.991125,42517.907262,0.042518,12389.05
39205110,"Printed plates, sheets, film, foil and strip, of polymethul methacrylate",Kg,6895,2413.955773,0.002414,1309.456
39205190,"Other plates, sheets, film, foil and strip, of polymethul methacrylate",Kg,3142,2578.30781,0.002578,1398.963
39205910,"Printed plates, sheets, film, foil and strip, of other acrylic polymer",Kg,1175.899999,1567.47803,0.001567,850.609
39205990,"Other plates, sheets, film, foil and strip, of other acrylic polymer",Kg,1570.580004,1577.869218,0.001578,856.07
39206110,"Printed plates, sheets, film, foil and strip, of Polycarbonate",Kg,156,28.53417,0.000029,15.484
39206190,"Other plates, sheets, film, foil and strip, of Polycarbonate",Kg,77583.669727,9736.046156,0.009736,4193.361
39206210,Printed ethylene terephthalate,Kg,7243.040138,2834.487648,0.002834,1537.705
39206290,Other ethylene terephthalate,Kg,492782.850841,108746.421722,0.108746,40664.489
39206910,"Printed plates, sheets, film, foil and strip, of other polyester, non cellular",Kg,6451.650024,2312.613438,0.002313,1254.609
39206990,"Other plates, sheets, film, foil and strip, of other polyester, non cellular",Kg,47049.417722,10357.077547,0.010357,3967.931
39209190,"Other plates, sheets, film, foil and strip, of Polyvinyl butyral",Kg,13234,5477.396031,0.005477,2971.419
39209910,"Plates, of other plastics, not reinforced, printed one",Kg,10786.569824,4525.928663,0.004526,2455.255
39209990,"Plates, of other plastics, not reinforc ed, etc, nes",Kg,679280.389963,47506.087469,0.047506,11362.691
39211110,"Printed  plates, sheets, film, foil and strip, of polymers of styrene",Kg,456,150.940877,0.000151,69.08
39211190,"Other plates, sheets, film, foil and strip, of polymers of styrene",Kg,5888,2470.453428,0.00247,427.423
39211290,"Other plates, sheets, film, foil and strip, of  vinyl chloride polymer",Kg,142870.539951,37349.691096,0.03735,17819.366
39211310,"Printed  plates, sheets, film, foil and strip, of  polyurethane",Kg,19431.239972,5953.574681,0.005954,2916.516
39211390,"Other plates, sheets, film, foil and strip, of  polyurethane",Kg,8055.689992,2435.691467,0.002436,1247.439
39211490,"Other plates, sheets, film, foil and strip, of  regenerated cellulose",Kg,1213,306.308406,0.000306,166.229
39211910,"Printed  plates, sheets, film, foil and strip, of  other plastic celluler",Kg,2657.980011,1386.644641,0.001387,703.437
39211990,"Other plates, sheets, film, foil and strip, of  other plastic celluler",Kg,96613.660026,27794.28884,0.027794,12496.393
39219011,Decorative Laminated sheets (sunmica and formica),SQM,268579.581644,63437.301948,0.063437,34454.067
39219019,"Other plates, sheets, film, foil and strip, of  plastics (Cellular)",Kg,56076.896111,11391.722922,0.011392,6033.109
39219091,"Printed  plates, sheets, film, foil and strip, of  thermacol",Kg,1408.849988,523.711461,0.000524,284.257
39219092,Decorative Laminated Sunmica & Formica sheets,SQM,159846.825327,7652.355416,0.007652,4151.239
39219099,"Other plates, sheets, film, foil and strip, of  thermacol",Kg,281129.977915,99450.394123,0.09945,43355.663
39221000,"Baths, shower-baths, sinks and wash-basin of plastic",Kg,11800.009245,12422.416564,0.012422,6740.152
39222000,Lavatory seats and covers of plastics,Kg,6423.730012,3102.551991,0.003103,1683.335
39229000,"Bidets, lavatory pans and other sanitaryware of plastics, nes.",Kg,32528.918209,24238.313256,0.024238,13331.197
39231010,Plastic tubes for packing purpose,Kg,43528.640998,37773.772711,0.037774,13543.878
39231020,Egg Crate,Kg,338.4,135.379999,0.000135,51.852
39231090,"Other Boxes, cases, crates and similar articles of plastics",Kg,70817.880636,25666.816169,0.025667,11346.996
39232100,Sacks & bags of polymers of ethylene,Kg,23483.209988,11339.056715,0.011339,4520.999
39232900,Sacks & Bags of other plastics,Kg,19451.829988,7840.348364,0.00784,4063.451
39233010,Pet bottle (bottle pre-form) of plastics,Kg,95427.700147,27486.317044,0.027486,11650.341
39233090,"Other - Carboys, bottles, flasks and similar articles nes of plastics",Kg,32326.129578,15971.770803,0.015972,6182.47
39234090,"Other - spools, cops, bobbins and similar supports nes of plastics",Kg,4334.549982,1794.252448,0.001794,334.902
39235000,"Stoppers, lids, caps and other closures of  plastics",Kg,111527.864041,68828.971143,0.068829,25349.306
39239010,Composite LPG Cylinder,Kg,0.1,0.23686,0,0.138
39239090,Other Packing of goods,Kg,117275.413212,43786.294617,0.043786,23452.112
39241010,Infant feeding bottles,Kg,704.02,287.917124,0.000288,104.959
39241020,Melamine utensils,Kg,19702.210018,8642.327413,0.008642,4687.651
39241090,Other - Tableware and kitchenware nes of p  astics,Kg,63692.17126,35795.588772,0.035796,19613.192
39249010,Special types of dishes feeding beans and water to chickens,PCS,14329,4611.521039,0.004612,145.883
39249090,"other household articles and hygienic or toilet articles, of plastics.",Kg,27346.902915,14290.887058,0.014291,7924.04
39251000,"Reservoirs, tanks, vats and similar containers, of a capacity exceeding 300 L",Kg,314.370001,386.969915,0.000387,210.063
39252000,"Doors, windows and their frames and thresholds for doors, of plastics",Kg,39784.869876,7456.559312,0.007457,4045.299
39253000,"Shutters, blinds and similar articles and parts, of plastics",Kg,501.8,219.164602,0.000219,117.965
39259010,Roofing sheet and Roofing Tile,Kg,18920,1631.728938,0.001632,885.332
39259020,PUF Sandwitch wall and Roof Panel,Kg,25615,4596.039844,0.004596,2493.457
39259030,Aluminium Composite Panel,Kg,258776.339844,39562.223868,0.039562,21461.876
39259090,Other builders wares of plastics,Kg,343662.741663,49498.967921,0.049499,26856.677
39261000,Office or school supplies of plastics,Kg,10930.106051,5229.948616,0.00523,2898.861
39262011,"Gloves, use in medical & surgical purpose (Disposable)",PR,1720,108.442852,0.000108,20.227
39262019,Other gloves,PR,20300,132.04356,0.000132,71.695
39262021,"Gown, Uses in Medical & Surgical Purpose",PCS,5950,374.185258,0.000374,69.787
39262029,Others gown,PCS,200,18.96116,0.000019,10.287
39262031,"Apron, Uses in Medical & Surgical Purpose",PCS,1360,80.956872,0.000081,15.102
39262090,Other clothing accessories (plastic),PCS,21523,2041.425327,0.002041,1107.816
39263000,"Fittings for furniture, coachwork or the like of plastics",Kg,6949.3224,5307.900858,0.005308,2881.296
39264000,Statuettes and other ornamental articles of plastics,Kg,5398.429982,3558.828992,0.003559,1932.304
39269010,"Bangles,Tika,Tikuli of plastics",GRO,363176.040002,6477.494531,0.006477,854.635
39269020,Plastic dye for shoe making  and other dye,Kg,7108.800003,2541.788016,0.002542,618.814
39269031,Urine bag,PCS,47483,1717.534085,0.001718,223.354
39269039,Other laboratory equipment of plastic,PCS,16084193,41975.418506,0.041975,15862.642
39269091,Tarpaulin and tents made up of plastics,Kg,43268.130266,15179.328757,0.015179,8234.718
39269092,Labels and tags,Kg,16329.054901,16731.038801,0.016731,9077.543
39269093,Insects trap,Kg,1092.299999,513.584557,0.000514,166.577
39269094,Cloth hanger,Kg,1765.950001,946.36055,0.000946,513.449
39269095,Artifical Plastic Grass Turf,SQM,25027,12965.40243,0.012965,7033.441
39269099,Other articles of plastics nes,Kg,365201.448184,156204.618291,0.156205,84887.927
40011000,"Natural rubber latex, in primary forms or   n plates, sheets or strip",Kg,10231.3,2908.343791,0.002908,542.749
40012100,Smoked sheets of natural rubber,Kg,20000,7060.752,0.007061,1316.896
40012200,"Technically specified natural rubber, in p  imary forms or in plates, etc",Kg,11045,4718.38423,0.004718,667.633
40012900,"Other natural rubber, in primary forms or   n plates, etc, nes",Kg,1294,61.713251,0.000062,11.578
40021100,Latex of styrene-butadiene or carboxylated  styrene-butadiene rubber.,Kg,362193.09,63870.964984,0.063871,3909.662
40021900,"Styrene-butadiene rubber; carboxylated sty  ene-butadiene rubber, nes",Kg,38321,13899.605426,0.0139,1604.374
40022000,"Butadiene rubber, in primary forms or in p  ates, sheets or strip",Kg,16347,5782.8835,0.005783,977.91
40023900,Halo-isobutene-isoprene rubber,Kg,612,349.739094,0.00035,49.484
40024900,Chloroprene (chlorobutadiene) rubber (excl  latex),Kg,2500,2149.395,0.002149,400.928
40025900,Acrylonitrile-butadiene rubber (excl late x,Kg,12345,5242.064266,0.005242,797.324
40027000,Ethylene-propylene-non-conjugated diene ru  ber.,Kg,1200,662.221188,0.000662,123.506
40029900,"Other synthetic rubber products (excl lat e ), nes",Kg,5540,2251.135527,0.002251,419.972
40030000,"Reclaimed rubber in primary forms or in pl  tes, sheets or strip",Kg,6140,451.955259,0.000452,63.928
40040000,"Waste, parings and scrap of rubber (excl  h rd rubber) and powders",Kg,110410,10956.080644,0.010956,1604.704
40051000,"Rubber compounded with carbon black or sil  ca, unvulcanized",Kg,51,57.466551,0.000057,10.719
40052000,"Rubber solutions; dispersions, unvulcanize  , nes",Kg,10422,1911.748598,0.001912,356.942
40059100,"Plates, sheets and strip of unvulcanized,   ompounded rubber, nes",Kg,28599.5,10508.701609,0.010509,1960.076
40059900,"Compounded rubber, unvulcanized, in primar   forms nes",Kg,3720,779.516422,0.00078,145.516
40061000,Camel-back strips for retreading rubber ty  es,Kg,3823.219971,1242.128305,0.001242,241.76
40069000,"Other forms and articles of unvulcanized r  bber, nes",Kg,735,263.681043,0.000264,64.076
40070000,Vulcanized rubber thread and cord,Kg,18032.589673,8309.906807,0.00831,1669.091
40081100,"Plates, sheets and strip of cellular vulca  ized rubber.",Kg,8636.669988,3731.359831,0.003731,814.544
40081900,"Rods and profile shapes of cellular vulcan  zed rubber, nes.",Kg,71,61.405311,0.000061,14.925
40082100,"Plates, sheets and strip of non-cellular,   ulcanized rubber(excl hard)",Kg,6299.527204,1789.76782,0.00179,435.367
40082900,"Rods and profile shapes of non-cellular, v  lcanized rubber (excl hard)",Kg,261.100002,265.144427,0.000265,64.519
40091100,"Tubes,pipewithout fittings, not reinforc ed or otherwise combined with other mat.",Kg,11627.802494,8016.074262,0.008016,2181.262
40091200,"Tubes,pipeswith fittings, not reinforced  o  otherwise combined with other mater.",Kg,1113.401301,858.57347,0.000859,249.05
40092100,"Tubes, pipeswithout fittings, reinforced  o  otherwise combined only with metal",Kg,10464.595,4628.660581,0.004629,1316.681
40092200,"Tubes, pipes with fittings, reinforced o r  therwise combined only with metal",Kg,3433.431695,7058.773363,0.007059,2102.019
40093100,"Tubes, pipeswithout fittings, reinforced  o  othewise combined with textile mate.",Kg,10254.078124,5024.974047,0.005025,1254.629
40093200,"Tube,pipewith fittings reinforced or ot her ise combined with textile materials",Kg,577.240999,1031.654463,0.001032,296.861
40094100,"Tubes, pipes  etc, without fittings, rei nf rced or combined with other material.",Kg,1696.058496,1472.575552,0.001473,440.922
40094200,"Tubes, pipes  etc, with fittings, reinfo rc d or combined with other material",Kg,1546.600296,2156.837553,0.002157,539.33
40101100,"Conveyor belts or belting,of vulcanized ru  ber reinforced only with metal",Kg,1498.5234,2034.886913,0.002035,384.316
40101200,"Conveyor belts or belting, of vulcanised r  bber reinforced only with textile mat",Kg,42850.492986,13105.189046,0.013105,2444.975
40101900,"Conveyor belts or belting, of vulcanised r  bber, nes",Kg,3838.691899,1304.481789,0.001304,243.685
40103100,"Endless transm'n belt of trapezoidal cross sec(V-belt),V-ribbed,circum>60cm & <180cm",Kg,4069.452681,7213.947728,0.007214,1347.833
40103200,Endless transm'n belt of trapezoidal cross sec(V-belt) with circumfer >60cm & <180cm,Kg,8598.858003,6318.293921,0.006318,1185.419
40103300,"Eneless transm'n belts of trapezoidal cross sec,V-ribbed with circumfer>180cm &.",Kg,2979.373005,3344.914814,0.003345,623.979
40103400,Endless transm'n belts of trapazoidal cross sec(V-belts) with circumfer>180cm &.,Kg,866.890002,1497.874345,0.001498,279.461
40103500,"Endless synchronous belts, of an outside circumference > 60cm and <150cm",Kg,809.1352,1109.077302,0.001109,206.953
40103600,Endless synchronous belts of an outside circumference >150cm and <198cm.,Kg,2.48,74.71441,0.000075,13.938
40103900,Other transmission belts or belting nes,Kg,11539.195829,11627.633122,0.011628,2164.088
40111000,"New pneumatic tyres, of rubber of a kind used on motor cars.",PCS,47292,246641.579941,0.246642,87841.198
40112000,"New pneumatic tyres, of rubber of a kind used on buses or lorries",PCS,22045,393340.423552,0.39334,140044.432
40113000,"New pneumatic tyres, of rubber for aircraf",PCS,161,19479.999297,0.01948,2724.104
40114000,"New pneumatic tyres, of rubber of a kind used on motorcycles",PCS,89234,171240.837364,0.171241,60967.372
40115000,"New pneumatic tyres, of rubber of a kind used on bicycles",PCS,67635,18959.926855,0.01896,3996.691
40117000,tyre of a kind used on agricultural or forestry vehicles and machines,PCS,3014,45383.268809,0.045383,13593.73
40118000,"tyre of kind used on construction, mining or vehicles and machine industrial handling",PCS,25331,88137.884707,0.088138,31378.908
40119000,"Other, New pneumatic tyres of rubber",PCS,3799,7427.399072,0.007427,2733.636
40121200,"Retreated tyres, of a kind used on buses or lorries.",PCS,1051,882.284098,0.000882,314.23
40121910,Retreated tyre of a kind used on agriculture tractor,PCS,1,3.58736,0.000004,1.076
40121990,Other - Retreated tyre nes,PCS,51,236.164336,0.000236,84.141
40129010,Treads of rubber,Kg,207307.732155,75059.782666,0.07506,26723.287
40129020,Flaps of rubber,Kg,30667.60505,10523.831567,0.010524,3747.145
40129090,"Others solid or cushion tyres, tyre treads and tyre flaps, of rubber",Kg,7264.010007,2508.245089,0.002508,893.121
40131010,"Inner tubes, of rubber of a kind used on motor cars, buses or lorries",PCS,12725,10542.383403,0.010542,3753.447
40131090,"Inner tubes, of rubber of a kind used on motor cars, buses or lorries",PCS,29372,26441.995998,0.026442,9414.393
40132000,"Inner tubes, of rubber of a kind used on bicycles",PCS,102349,10424.727866,0.010425,2338.37
40139010,Inner tubes of a kind used on Agricultural  Tractors.,PCS,7883,4484.603965,0.004485,1343.25
40139020,Inner tubes of a kind used on Animal Vehicles,PCS,11830,1529.974656,0.00153,371.801
40139030,Of a kind used of aeroplane,PCS,11,735.060219,0.000735,104.13
40139040,Of a kind used in motorcycle and scooters,PCS,27154,4951.096399,0.004951,1762.678
40139090,Other inner tubes of rubber nes,PCS,41540,12643.610723,0.012644,4501.607
40141000,Sheath contraceptives,PCS,11935679,53578.214389,0.053578,0.78
40149000,"Hygienic or pharmaceutical articles of vulcanized rubber, nes",PCS,59914,1851.367181,0.001851,186.017
40151200,"Of a kind used for medical, surgical, dental or veterinary purposes",Kg,76819.159988,54900.769341,0.054901,13738.026
40151900,Gloves mittens and mitts of vulcanized rubber (excl surgical gloves),PR,876415,14645.639044,0.014646,4384.811
40159000,"Articles of apparel and clothing accessories of vulcanized rubber, nes",PCS,18469,1113.783432,0.001114,356.721
40161000,Articles of vulcanized rubber of cellular rubber,Kg,390.3217,392.557958,0.000393,95.636
40169100,"Floor coverings and mats of vulcanized rubber, non-cellular.",Kg,132104.279988,19075.827903,0.019076,5097.018
40169200,"Erasers, of vulcanized rubber",Kg,8562.365999,1794.17442,0.001794,371.86
40169310,"Gaskets, washers and other seals used in motor vehicles",PCS,164212,23478.973031,0.023479,6749.315
40169390,"Other gaskets, washers and seals",PCS,4481347,53154.554917,0.053155,14813.737
40169400,"Boat or dock fenders, of vulcanized rubber",Kg,60.8,79.61973,0.00008,19.37
40169500,"Inflatable articles, of vulcanized rubber,  nes.",Kg,828.750002,471.814084,0.000472,134.932
40169910,"Rubber Rolls of Articles of vulcanized rubber, nes",Kg,16304.976015,5999.300385,0.005999,1797.494
40169920,Rubber Mould,Kg,44.35,32.57865,0.000033,7.995
40169990,"Other Articles of vulcanized rubber, nes",Kg,102793.609767,41630.423068,0.04163,11401.414
40170000,Hard rubber (eg ebonite) in all forms; articles of hard rubber,Kg,4950.84,1535.167147,0.001535,459.359
41039000,"Other hides and skins, fresh or preserved, not tanned, nesÃ ",Kg,12500,163.753375,0.000164,30.606
41071900,"Other, whole hides and skins (excl leather of heading 4114)Ã ...",Kg,776,465.450688,0.000465,86.873
41079900,"Other, including hides (leather) nes",Kg,20633.64,2094.541892,0.002095,392.89
41120000,"Prepared leather inclparchment-dressed leather, of sheep or lamb, excl heading",Kg,74.7,3698.677498,0.003699,1.255
41132000,"Prepared leather of swine, without wool or  hair on, exclheading 4114",Kg,0.38,0.8251,0.000001,0.157
41141000,chamois (including combination chamois) leather,Kg,9288,2458.368527,0.002458,460.461
41151000,"Composition leather with a basis of leatheror leather fibre, in slabs, sheets o",Kg,7063,1280.405375,0.00128,254.369
42010000,"Saddlery and harness for any animal, of an   material",PCS,4143,203.875682,0.000204,62.469
42021100,"Trunks, suit-cases, etc, with outer surface of leather or of composition leather",PCS,39363,5018.668361,0.005019,2366.308
42021210,Vaccine/Blood Carrier,PCS,6,5.03607,0.000005,1.512
42021290,Others,PCS,3124,7567.99023,0.007568,3549.894
42021900,"Trunks, suit-cases, etc, of other materials",PCS,19160,23210.31798,0.02321,10917.514
42022100,Handbags With outer surface of leather or of composition  leather,PCS,1455,1157.888705,0.001158,576.567
42022200,HandbagsWith outer surface of sheeting of plastics or of textile material,PCS,378336,93857.695349,0.093858,45300.789
42022910,Hand bags of felt,PCS,1274,431.970877,0.000432,206.364
42022990,Hand bags of other,PCS,139594,10117.134469,0.010117,4972.946
42023100,"Articles normally carried in pocket or han  bag, of leather",PCS,16888,7202.748664,0.007203,3412.894
42023200,"Articles normally carried in pocket or han  bag, of plastics or textiles.",PCS,136515,6183.058451,0.006183,3012.152
42023910,Articles of felt (Jamoth) carried in the pocket or handbag,PCS,182,22.063949,0.000022,10.351
42023990,Others articles of felt carried in the pocket or handbag,PCS,5213,495.62507,0.000496,232.538
42029100,"Cases and containers, nes, with outer surf  ce of leather",PCS,1934,648.915804,0.000649,304.495
42029200,"Cases and containers, nes, with outer surf  ce ofplastic or textiles.",PCS,21649,5162.73087,0.005163,2683.287
42029910,Other bags of felt,PCS,473,286.69584,0.000287,134.612
42029990,"Cases and containers, nes, with outer surf  ce of other materials, nes",PCS,66145,4542.590973,0.004543,3187.308
42031000,Articles of apparel of leather,PCS,1011,282.217215,0.000282,100.54
42032100,"Gloves, mittens and mitts, specially designed for use in sports, of leather",PCS,1771,821.080892,0.000821,246.105
42032900,"Protective gloves, mittens and mitts for t  ades, nes, of leather",PCS,42521,1983.481811,0.001983,610.985
42033000,Belts and bandoliers of leather or composi  ion leather,PCS,142193,9852.127778,0.009852,3087.479
42034000,"Clothing accessories of leather or composi  ion leather, nes.",PCS,2621,507.290614,0.000507,63.395
42050000,"Articles of leather or of composition leat  er, nes",PCS,10230,1090.741214,0.001091,341.688
42060000,"Articles of gut(other than silkworm gut),o   goldbeater's skin,of  bladders or of",PCS,200,9.4746,0.000009,2.839
43040090,Articles made of artificial fur,PCS,20,127.539094,0.000128,0.065
44012190,Coniferous wood in chips or particles,Kg,1.2,1.78336,0.000002,0.44
44014900,"Other, wood waste and scrap, not agglomerated",Kg,5,3.205,0.000003,0.79
44021000,Wood charcol wheather or not agglomerated   f bamboo,Kg,43103,8630.55468,0.008631,3145.759
44022000,Wood charcoal Of shell or nut,Kg,1200,323.24675,0.000323,117.882
44029090,Other - Wood charcol wheather or not agglo  erated,Kg,29370,581.058793,0.000581,176.605
44041000,"Coniferous hoopwood; split poles, etc; woo  en sticks, etc; chipwood.",Kg,50,2.50715,0.000003,4.631
44042000,"Non-coniferous hoopwood; split poles, etc;  wooden sticks, etc; chipwood.",Kg,570,67.343111,0.000067,25.059
44050000,Wood wool; wood flour,Kg,20000,181.894617,0.000182,44.847
44071100,"Of pine (Pinus spp)-wood sawn or chipped lenthwise, sliced or peeled >6mm",MTQ,2,0.33872,0,0.084
44081000,"Coniferous veneer sheets and sheets for pl  wood, etc, =<6mm thick",FTK,4436917.96875,7262.908391,0.007263,1485.376
44083100,"Dark Red Meranti, Light Red Meranti & Mera  ti Bakau veneer & plywood sheet =<6mm",FTK,581256,1383.696,0.001384,273.761
44083900,Tropical veneer sheets and sheets for plyw  od specified in Subhdg Note 1 to Ch44,FTK,61581135.999823,117590.757937,0.117591,25327.105
44089000,"Veneer sheets and sheets for plywood and o  her wood, =<6mm thick, nes",FTK,18155198.090859,30036.718895,0.030037,7101.697
44091000,"Coniferous wood, continuously shaped along  any of its edges or faces",MTQ,0.461,110.758939,0.000111,40.377
44092100,"Non-coniferous,wood continuously shaped along any of edges ends or facesa Of bamboo",MTQ,5000,9.01201,0.000009,3.286
44092200,"Non-coniferous,wood continuously shaped along any of its edges ends of tropical wood",MTQ,500,6.78163,0.000007,2.473
44092900,"Other - Non-coniferous, wood continuously   haped along any of its edges ends or",MTQ,86,27.3289,0.000027,14.705
44101100,Particle board of wood,MTQ,43279.066559,43619.279039,0.043619,12105.888
44101900,Other - Similar board of wood,MTQ,10,6.406,0.000006,2.401
44109000,Particle board and similar board of ligneo  s materials,MTQ,122.1227,2732.287391,0.002732,877.25
44111200,"Medium density fiberboard (MDF), of a thickness not exceeding 5 mm",MTQ,390134.874589,10833.045891,0.010833,3997.368
44111300,"Medium density fiberboard (MDF), Of a thickness exceeding 5mm but not exceeding 9mm",MTQ,8461.843549,11223.482728,0.011223,4463.813
44111400,"Medium density fiberboard (MDF), Of a thickness exceeding 9 mm",MTQ,6588.510295,15069.247012,0.015069,5857.04
44119200,Other fiberboard of wood or other ligneous materials of a density exceeding 0.8g/cm3,MTQ,456.483837,7893.590947,0.007894,2943.727
44119400,Other fiberboard of wood or other ligneous materials of a density < 0.5g/cm3,MTQ,57.380401,2661.655315,0.002662,1029.794
44121000,"Plywood, Veneered Panels and similar lamin  ted wood of bamboo",MTQ,384.748002,521.016761,0.000521,234.994
44123100,With at least one outer ply of tropical woo  specified in Subhead. Note 2 to this,MTQ,8241.949505,24361.089712,0.024361,7237.053
44123300,"Other, with at least one outer ply of non-coniferous wood of the species alder (Alnus",MTQ,2860,290.304926,0.00029,124.742
44123900,Other plywood consisting solely of sheets   f wood,MTQ,176.140804,4085.720828,0.004086,1421.941
44124100,Laminated veneered lumber (LVL) With at least one outer ply of tropical wood,MTQ,50,6.97583,0.000007,2.998
44129900,"Other, with both outer plies of coniferous wood",Kg,62245,4208.69856,0.004209,890.496
44130000,"Densified wood, in blocks, plates, strips   r profile shapes",Kg,29,4.77247,0.000005,2.056
44141000,"Wooden frames for paintings, photographs, mirrors or similar objects Of tropical wood",Kg,921,199.150581,0.000199,73.412
44149000,"Wooden frames for paintings, photographs, mirrors or similar objects of other wood",Kg,6913.42,1472.236094,0.001472,578.622
44151000,"Cases, boxes, crates, drums and similar pa  kings of wood; cable-drums",PCS,3379,145.666991,0.000146,35.476
44152000,"Pallets, box pallets and other load boards  of wood; pallet collars of wood",PCS,4254,29.751091,0.00003,8.791
44160000,"Casks, barrets, vats, tubs, etc, and parts  thereof, of wood",PCS,720,36225.60965,0.036226,8803.507
44170000,"Tools, broom or brush bodies of wood ; boot or shoe trees of wood",Kg,4425.4,618.949885,0.000619,166.458
44182100,Doors and their frames and thresholds Of tropical wood,PCS,4075,11010.544078,0.011011,3668.291
44182900,Doors and their frames and thresholds of Other wood,PCS,1003,5353.041359,0.005353,2050.472
44187300,Assembled flooring panels Of bamboo or with at least top layer(wear layer)of bamboo,SQM,294.044403,803.521813,0.000804,345.075
44187400,"Other, for mosaic floors",SQM,5896.5,4414.8675,0.004415,1896.032
44187500,"Other, multilayer",SQM,1023.279999,4399.913185,0.0044,1889.616
44187900,Other assembled flooring panels,SQM,68011.030878,54299.30888,0.054299,22310.896
44189900,"Other Builders' joinery&carpentry, panels, flooring, shingles&shakes (exl bamboo&wood",Kg,23690.900238,4970.678184,0.004971,2134.743
44191100,"Bread boards, chopping boards and similar boards of bamboo",Kg,10400.500024,4311.356235,0.004311,1598.981
44191200,Chopsticks of bamboo,Kg,462.599998,69.142779,0.000069,25.448
44191900,Other tableware and kitchenware of bamboo,Kg,1333.28,754.703718,0.000755,278.11
44192000,Tableware and kitchenware Of tropical wood,Kg,750.93,25.08301,0.000025,11.11
44199000,Tableware and kitchenware of other wood,Kg,8297.880999,2591.257596,0.002591,927.153
44201100,Statuettes and other ornaments Of tropical wood (not falling in Chapter 94,Kg,4.3,2.69039,0.000003,0.224
44201900,Other Statuettes and other ornaments (not falling in Chapter 94),Kg,72.3,121.455388,0.000121,44.273
44209000,"Wood marquetry, inlaid wood; caskets & cases for jewellery a similar article of wood",Kg,635.161,193.345398,0.000193,63.556
44211000,Clothes hangers of wood,Kg,8462.2,2767.532679,0.002768,1013.014
44219130,Tooth-picks,Kg,13372,4948.434148,0.004948,1822.82
44219190,other article of bamboo,Kg,1244.67,391.965562,0.000392,142.005
44219910,"Spools, bobbins, reels and the like of wood",Kg,2290.36,901.134426,0.000901,269.963
44219990,Others article of wood,Kg,78706.029987,10625.109823,0.010625,3409.18
45019000,"Waste cork; crushed, granulated or ground   ork.",Kg,57.209999,29.94182,0.00003,5.587
45039000,"Articles of natural cork, nes",Kg,0.62,1.44006,0.000001,0.434
45041000,"Blocks, tiles of any shape, solid cylin der , of agglomerated cork",Kg,862.2,465.422574,0.000465,139.409
45049000,"Agglomerated cork; articles of agglomerate   cork, nes",Kg,5.01,4.60479,0.000005,1.445
46012100,"Mats, mattings and screens of vegetables m  terials of bamboo",PCS,1032,64.56083,0.000065,15.691
46012900,"Other - mats, mattings and screens of vege  ables materials.",PCS,183,8.79224,0.000009,2.149
46019300,Other plaints & similar products of plaiti  g  materials of rattan,PCS,2,0.87955,0.000001,0.214
46021100,"Basket work, wicker work & other articles   f bamboo",PCS,3102,106.88156,0.000107,32.082
46021200,"Basket work, wicker work & other articles   f rattan",PCS,9,5.86964,0.000006,1.765
46021900,"Other - basket work, wicker work & other a  ticles",PCS,5170.510132,1033.263513,0.001033,219.203
46029000,Articles of plaiting materials (excl of v e etable material),PCS,3,0.48464,0,0.146
47032100,"Semi-bleached or bleached coniferous chemi  al wood pulp, soda, nes",Kg,53639.400024,6370.667891,0.006371,1004.015
47032900,"Semi- or bleached non-coniferous chemical   ood pulp, soda, nes.",Kg,200742,20711.326,0.020711,3277.634
47072000,"Paper or paperboard made mainly of bleache   chemical pulp, not coloured in the m",Kg,24077,1490.442625,0.00149,193.823
47073000,"Paper or paperboard made mainly of mechani  al(eg newspapers,journals & simmiler",Kg,62,3.28308,0.000003,0.803
47079000,"Recovered (Waste and scrap)  paper or pape  board, nes",Kg,477063,26773.60125,0.026774,3481.037
48010000,Newsprint paper in rolls or sheets,Kg,25015,2245.16375,0.002245,112.325
48021000,Hand-made paper and paperboard,Kg,811,221.014904,0.000221,67.049
48022000,Paper and paperboard as a base for photo-s  nsitive paper,Kg,27669,2855.42601,0.002855,855.332
48025400,Other paper & paperboard weighing less tha   40 g/m2,Kg,46785.120117,7540.134212,0.00754,2259.169
48025500,"Paper & paperboard weighing 40 g/m2 or mor   but not more than 150 g/m2, in rolls",Kg,823328.556183,89962.229797,0.089962,26613.881
48025600,"Paper weighing >=40 g/m2 &<= 150 g/m2,in s  eets,sides >= 435mm & <= 297mm,unfold",Kg,849963.312329,106473.027162,0.106473,31891.399
48025700,Other paper & paperboard weighing 40 g/m2   r more but not more than 150 g/m2,Kg,704789.310012,77833.503741,0.077834,23313.089
48025800,Paper & paperboard weighing more than 150   /m2.,Kg,41.9,59.150239,0.000059,17.815
48026100,"Paper (>10% of mechanical fibres), unco ate , in rolls, nes.",Kg,30877.45,3264.360354,0.003264,977.877
48026200,Paperin sheets with one side >= 435mm an d  ther side <= 297mm in the unfolded s.,Kg,207068,30689.271,0.030689,9191.57
48026900,"Other paper or paperboard, >10% of mechani  al or semi mechanical process fibre n",Kg,172205.9,19682.025054,0.019682,5895.191
48030000,"Toilet similar paper used for household  or sanitory purposes, in rolls or shee",Kg,122635,21138.453424,0.021138,5846.795
48041100,"Unbleached kraftliner, uncoated, in rolls   r sheets",Kg,169594,9933.699242,0.009934,2105.765
48041900,"Kraftliner, uncoated (excl unbleached), i n rolls or sheets.",Kg,5639.959998,532.446491,0.000532,159.472
48042100,"Unbleached sack kraft paper, uncoated, in   olls or sheets",Kg,52902,4155.980195,0.004156,1590.889
48042900,"Sack kraft paper (excl unbleached), uncoated, in rolls or sheets",Kg,156,41.361691,0.000041,12.389
48043100,"Unbleached kraft paper, weighing =<150g /m2",Kg,576801.600098,32836.199359,0.032836,6988.596
48043900,"Kraft paper (excl unbleached), weighin g =< 50g/m2",Kg,3007.560001,498.044995,0.000498,149.301
48044100,"Unbleached kraft paper, weighing >150g/ m2  ut <225g/m2.",Kg,11985,1499.389641,0.001499,449.199
48045100,"Unbleached kraft paper, weighing >=225g /m2",Kg,65972.5,3724.627953,0.003725,795.815
48045900,"Kraft paper, weighing >=225g/m2, nes",Kg,800,54.86484,0.000055,16.433
48051900,Other fluting paper,Kg,810,73.0791,0.000073,21.889
48052400,Papera testliner (recycled liner board) we  ghing 150 g/m2 or less,Kg,275,48.615871,0.000049,14.562
48053000,"Sulphite wrapping paper, in rolls or sheet",Kg,2435.735,252.435192,0.000252,75.616
48054000,"Filter paper and paperboard, in rolls or s  eets",Kg,578.239985,297.149651,0.000297,89.07
48059100,"Other paper, weighing 150 g/m2 or less",Kg,123727.300146,25280.899604,0.025281,7274.592
48059200,"Other paper,weighing more than 150 g/m2 bu   less than 225 g/m2.",Kg,8227.200073,979.605312,0.00098,234.315
48059300,"Other paper, weighing 225 g/m2 or more",Kg,23262,1088.02841,0.001088,231.211
48062000,"Greaseproof papers, in rolls or sheets",Kg,473.48,194.156419,0.000194,58.228
48063000,"Tracing papers, in rolls or sheets",Kg,271.37,35.415551,0.000035,10.747
48070000,"Composite paper and paperboard, not surfac  -coated or impregnated, in rools or s",Kg,71142.600002,4810.438314,0.00481,1041.313
48081000,"Corrugated paper and paperboard, whether o   not perforated in rolls or sheets",Kg,43.16,10.36234,0.00001,3.173
48084000,"Kraft paper, creped or crinkled, whether or not embossed or perforated",Kg,26.85,14.13755,0.000014,4.235
48089000,"Paper and paperboard, corrugated, creped,   tc, in rolls or sheets, nes",Kg,1849.2,303.92488,0.000304,91.184
48092000,"Self-copy paper, in rolls or sheets",Kg,749.100006,250.946516,0.000251,75.226
48099000,"Carbon paper, Copying or transfer papers,   es, in rolls or sheets",Kg,5872.779999,2157.314648,0.002157,646.272
48101300,Paperin rolls of a kind used for writin g & printing  <=10% byfibre contant,Kg,27638.710136,4916.277452,0.004916,1750.34
48101400,Paper &In sheets with one side <= 435mm  an  otherside <= 297mm in the unfolded,Kg,11,2.64869,0.000003,0.947
48101900,"Other paper & paperboardgarphics purpose ,o  which >10%  or chemi-mechanical p",Kg,346207.360962,40570.938835,0.040571,14443.96
48102200,"Light-weight coated paper&paperboard of a   ind used for writing,printing of whi.",Kg,9979,1856.985281,0.001857,661.351
48102900,"Other Paper & paperboard for writing, p rin ing etc, >10% mechanical fibres, co",Kg,493.5,62.00961,0.000062,22.212
48103200,"Kraft paper & paperboard, bleached, >95 % c emical fibres, >150g/m2",Kg,26646,2981.027187,0.002981,1061.314
48103900,"Other kraft paper and paperboard, nes",Kg,2476,440.745615,0.000441,157.103
48109200,Other paper  paperboard: multi-ply,Kg,475742.502979,49708.390377,0.049708,17697.48
48109900,"Other paper and paperboard, nes",Kg,137589.090015,18805.133889,0.018805,6695.591
48111000,"Tarred, bituminized or asphalted paper and  paperboard",Kg,870.500008,491.669235,0.000492,175.109
48114100,Self-adhesive paper & paperboard  .,Kg,95612.059928,30166.121616,0.030166,10772.069
48114900,"Other gummed paper & paperboard  celluos e  heading 4803,4809 or 4810",Kg,7523.7,2157.055395,0.002157,769.629
48115190,"Paper & paperboard,  celluose bleached , we ghing more than 150 g/m2.",Kg,2261.570226,1040.683297,0.001041,370.564
48115910,Aseptic packaging paper bleached weighing less than 150 gm per square meter,Kg,434364.500275,144870.637742,0.144871,40433.028
48115990,Other packaging paper bleached weighing less than 150 gm per square meter,Kg,11247.18,1872.390685,0.001872,666.782
48116000,"Paper and paperboard, coated, impregnated   r covered with wax, paraffin wax, ste",Kg,1200.5,248.045129,0.000248,88.683
48119090,"Other paper & paperboard, cellulose waddin   & webs of cellulose fibres nes",Kg,129188.549422,34090.560285,0.034091,10273.586
48131000,Cigarette paper in the form of booklets or  tubes,Kg,11643.679985,5994.047344,0.005994,1795.417
48132000,Cigarette paper in rolls of a width =<5cm,Kg,54582.660767,20696.610181,0.020697,6199.041
48139000,"Cigarette paper, nes  .",Kg,3280.359901,1703.843719,0.001704,510.369
48142000,"Wallpaper&similar wall coverings, consisti  g,of paper coated with a layer of p",Kg,443.26,178.343138,0.000178,88.12
48149000,"Wallpaper and other wall coverings; window  transparencies of paper, nes.",Kg,26,4.69611,0.000005,2.322
48162000,Self-copy paper,Kg,1.49,4.99157,0.000005,1.5
48169000,"Carbon paper, copying or transfer paper, n  s; offset plates, of paper",Kg,3127,792.287476,0.000792,237.831
48171000,Envelopes of paper or paperboard  .,Kg,3209.59,568.04739,0.000568,202.743
48172000,"Letter cards, plain postcards and correspo  dance cards of paper or paperboard",Kg,479.38,45.6104,0.000046,17.276
48173000,"Boxes, pouches, wallets & writing, of p ape  or paperboard containing paper sta",Kg,3155.219998,362.670726,0.000363,129.182
48181000,Toilet paper,Kg,9019.630002,3472.548473,0.003473,1472.053
48182000,"Handkerchiefs, cleansing or facial tissues  & towel of paper pulp, paper.",Kg,18930.810134,8307.370417,0.008307,3530.895
48183000,Tablecloths and serviettes of paper,Kg,2096.630003,747.911759,0.000748,317.266
48185000,Articles of apparel and clothing accessori  s of paper,Kg,1187,427.607484,0.000428,181.222
48189000,"Household, sanitary or hospital articles o   paper, etc, nes",Kg,51150.600064,19223.332771,0.019223,4364.1
48191010,Egg creates,Kg,1,0.23704,0,0.036
48191090,"Cartons, boxes and cases, of corrugated pa  er or paperboard",Kg,141819.220196,23309.566895,0.02331,7972.179
48192000,"Folding cartons, boxes and cases, of non-c  rrugated paper or paperboard.",Kg,266557.441396,72897.211324,0.072897,17937.554
48193000,"Sacks and bags, having a base of a width o   >=40cm of paper, paperboard.",Kg,13324.72997,3079.86863,0.00308,471.873
48194000,"Sacks and bags, including cones of paper,   aperboard, nes",Kg,2017.799988,540.663562,0.000541,192.691
48195000,"Packing containers, including record sleev  s, of paper, nes",Kg,27400.976187,5673.177363,0.005673,1186.54
48196000,"Box files, letter trays, storage boxes, et  , of paper",Kg,41574.570041,8367.802606,0.008368,2983.369
48201000,"Registers,accbooks,note books,order&recei p  books,letpad,memopadofpaper,pap.",Kg,37047.498378,14131.216098,0.014131,6829.026
48202000,Exercise-books of paper,Kg,5352.5,662.813127,0.000663,236.065
48203000,"Binders (other than book covers), folders   nd file covers of paper or paperboard",Kg,2744.82322,973.357811,0.000973,456.728
48205000,Albums for stamps or for collections of pa  er or paperboard,Kg,2271.236,819.534013,0.00082,384.508
48209000,"Blotting pads, book covers and other artic  es of stationery of paper or paperboa",Kg,1151.713402,361.478396,0.000361,169.905
48211000,Printed paper or paperboard labels of all   inds,Kg,35367.270175,20752.744917,0.020753,6218.844
48219000,Paper or paperboard labels of all kinds (e  cl printed).,Kg,35627.86965,12825.129786,0.012825,4479.237
48221000,"Bobbins, spools, cops &similar supports, o   paper or paperboard for winding text",Kg,78135.88,9609.303379,0.009609,390.777
48229000,"Bobbins, spools,cops and similar supports   f paper or paperboard, nes",Kg,11276.900002,1445.141418,0.001445,433.024
48232010,Tea bag filter paper  .,Kg,18.4,18.54737,0.000019,4.515
48232090,Other filter paper & paper boards,Kg,504.730001,978.140587,0.000978,293.168
48234010,"Cardiograph,ultrasonography,spirometre,enc  phalograph and fetal monotering paper",Kg,3439.699966,2895.305596,0.002895,703.711
48234090,Other self recording apparatus(papers),Kg,983.439993,840.642334,0.000841,251.913
48236100,"Trays, dishes, plates, cups & the like of   aper or paperboard of bamboo.",Kg,4986.639857,5614.137189,0.005614,2759.984
48236900,"Other - Trays, dishes, plates, cups & the   ike of paper or paperboard",Kg,70957.559022,7819.160351,0.007819,2984.87
48237000,Moulded or pressed articles of paper pulp,Kg,17870.700033,5378.092764,0.005378,2240.922
48239000,"Paper and paperboard, cut to size and arti  les of paper, etc, nes",Kg,45593.072952,12981.858222,0.012982,3077.222
49011000,"Printed books,brochures,leaflets&similar p  inted matter,in single sheets, whethe",PCS,162311,25537.279731,0.025537,116.004
49019900,"Printed books, brochures, leaflets and similar printed matter, nes",PCS,83907,35931.013586,0.035931,108.928
49029000,"Newspapers, journals and periodicals, appe  ring less than four times a week.",Kg,81,392.694728,0.000393,0.325
49030000,"Children's picture, drawing or colouring books",PCS,21236,2994.775565,0.002995,495.718
49040000,"Music, printed or in manuscript, whether o   not bound or illustrated",PCS,50,32.03,0.000032,3.268
49059000,"Maps and hydrographic or similar charts of all kinds, atlases, etc not in book form",Kg,1339.9433,663.062483,0.000663,161.409
49070040,Passport,Kg,0.4,2.05974,0.000002,0.31
49070050,Excise tickets (Sticker),Kg,25619,58290.910922,0.058291,0.13
49070060,"Cheque form, check book",Kg,0.1,4.08977,0.000004,0.679
49070090,"Unused postage, stamp-impressed paper;  ban  note, stock, share, cheque forms,",Kg,380.97,61.51576,0.000062,10.872
49081000,"Transfers (decalcomanias), vitrifiable   .",Kg,232.810002,485.987968,0.000486,118.249
49089000,Transfers (decalcomanias) (excl vitrifiab l ),Kg,2463.8,1072.915387,0.001073,260.853
49090000,"Printed or illustrated postcards; printed   ards bearing greetings, messages etc.",PCS,17077,1134.724115,0.001135,403.796
49100010,Traditional Calender,PCS,32,5.38104,0.000005,0.065
49100090,"Other Calendars of any kind, printed, including calendar blocks",PCS,130,114.551392,0.000115,22.911
49111000,"Trade advertising material, commercial cat  logues and the like",Kg,13897.849996,5833.365903,0.005833,2082.313
49119100,"Pictures, designs and photographs   .",Kg,8502.889995,2716.397355,0.002716,1002.158
49119910,Computer Software's Printed Manual  .,Kg,28.041,90829.508109,0.09083,16940.891
49119920,Recharge Cards  .,Kg,10950,6886.45,0.006886,2451.642
49119930,Printed tickets for travelling purpose,Kg,50,27.54,0.000028,9.87
49119990,Other Printed Materials  .,Kg,7571.519993,5404.992378,0.005405,1145.449
50020000,Raw silk (not thrown),Kg,771.360024,2915.7013,0.002916,543.845
50030000,"Silk waste (including cocoons unsuitable fo  reeling,yarn waste and garnetted sto",Kg,9.35,134.401516,0.000134,0
50040000,"Silk yarn (excl spun from silk waste), no t put up for retail sale",Kg,66,231.929297,0.000232,18.781
50050000,"Yarn spun from silk waste, not put up for   etail sale",Kg,3693.379953,15543.126409,0.015543,1138.496
50060000,"Silk yarn & yarn spun from silk waste, put  up for retail sale; silk-worm gut",Kg,1537.899994,3619.867031,0.00362,675.303
50071000,Woven fabrics of noil silk,SQM,1,0.46362,0,0
50072000,"Woven fabrics of silk,containing>=85% weig  t of silk/of silk waste other than no",SQM,3349.300018,6390.724129,0.006391,2.894
50079000,"Woven fabrics, containing <85% weight of s  lk or of silk waste",SQM,3339.450001,1476.213289,0.001476,309.593
51011100,"Greasy shorn wool, not carded or combed",Kg,2416.4,335.769365,0.000336,43.855
51012100,"Degreased shorn wool, not carbonised, not   arded or combed.",Kg,386375.5,240468.15956,0.240468,31262.173
51031000,"Noils of wool or of fine animal hair, not   arnetted stock",Kg,1000,1253.29025,0.001253,233.805
51052900,Wool tops and combed wool (excl in fragme n s),Kg,496.899988,1423.607915,0.001424,265.571
51053900,"Other, fine animal hair, carded or combed",Kg,701.35,2783.156249,0.002783,737.381
51054000,"Coarse animal hair, carded or combed  .",Kg,0.08,0.19139,0,0.037
51061000,"Yarn of carded wool, not put up for retail  sale, with >=85% weight of wool",Kg,1697.037999,11873.716076,0.011874,523.515
51062000,"Yarn of carded wool, not put up for retail  sale, with <85% weight of wool",Kg,2947.020026,14266.662621,0.014267,1835.558
51071000,"Yarn of combed wool, not put up for retail  sale, with >=85% weight of wool",Kg,18386.637096,27862.100711,0.027862,2824.459
51072000,"Yarn of combed wool, not put up for retail  sale, with <85% weight of wool",Kg,2164.273994,9426.418547,0.009426,803.554
51081010,Carded Pasmina (Cashmere Yarn),Kg,6241.269042,127118.216231,0.127118,8443.72
51081020,Carded Blended Protein Fiber Yarn,Kg,1,9.20294,0.000009,1.367
51081090,"Carded yarn of fine animal hair, not put u   for retail sale",Kg,1713.940001,18035.566947,0.018036,1020.022
51082010,Combed Pasmina (Cashmere Yarn),Kg,3510.265018,73017.427736,0.073017,1600.915
51082090,"Combed yarn of fine animal hair, not put u   for retail sale",Kg,874.459994,11521.889282,0.011522,46.478
51091010,"Pasmina (Cashmere Yarn), Yarn of wool, with >=85% weight of wool or fine animal hair",Kg,0.2,2.87581,0.000003,0.602
51091090,"otherYarn of wool, with>=85% weight of wool or of fine animal hair, put up for retail",Kg,8740.55957,7132.51204,0.007133,1330.28
51099010,"Yarn of wool, with <85% weight of wool or of fine animal hair, put up for retail",Kg,0.6,1.39776,0.000001,0.261
51099090,"other Yarn of wool,with <85% weight of wool or animal hair, put up for ret ex pasmina",Kg,3409.85,5670.491629,0.00567,1057.63
51112000,"Woven fabrics of carded wool, mixed with m  n-made filaments",SQM,5363.142975,2270.020672,0.00227,30.588
51119000,"Other woven fabrics of carded wool or card  d fine animal hair, nes",SQM,6740,1032.60075,0.001033,309.33
51121100,"Woven fabrics with >=85% combed wool or of  fine animal hair, =<200g/m2 by weight",SQM,7.7,9.09051,0.000009,2.727
51121900,"Woven fabrics with >=85% combed wool or of  fine animal hair, >200g/m2 by weight.",SQM,1467.63,318.240562,0.000318,95.524
52010000,"Cotton, not carded or combed  .",Kg,7312.355,1804.814029,0.001805,336.815
52021000,Yarn waste (including thread waste),Kg,54,2.99507,0.000003,0.563
52029100,Garnetted stock of cotton,Kg,1660,143.590484,0.000144,26.846
52030000,"Cotton, carded or combed  .",Kg,131547,11695.77414,0.011696,2065.59
52041100,"Cotton sewing thread, with >=85% weight of  cotton, not put up for retail sale",Kg,2990.63,1078.861874,0.001079,204.079
52041900,"Cotton sewing thread, with <85% weight of   otton, not put up for retail sale",Kg,9518.5,2203.388078,0.002203,413.794
52042000,"Cotton sewing thread, put up for retail sa  e",Kg,2001.9,1004.73152,0.001005,189.301
52051100,"Uncombed single cotton yarn, with >=85% co  ton, nprs, <=14mn",Kg,94112.92002,16162.731518,0.016163,2591.898
52051200,"Uncombed single cotton yarn, with >=85% co  ton, nprs, >14mn but <=43mn",Kg,148573.329582,45488.176707,0.045488,7045.288
52051300,"Uncombed single cotton yarn, with >=85% co  ton, nprs, >43mn but <=52mn",Kg,82742.060509,35931.715444,0.035932,5091.358
52051400,"Uncombed single cotton yarn, with >=85% co  ton, nprs, >52mn but <=80mn",Kg,26762.400391,12787.754,0.012788,1807.042
52051500,"Uncombed single cotton yarn, with >=85% co  ton, nprs, >80mn",Kg,480,162.955813,0.000163,30.457
52052100,"Combed single cotton yarn, with >=85% cott  n, nprs, <=14mn.",Kg,2437.350021,1829.819688,0.00183,0.065
52052200,"Combed single cotton yarn, with >=85% cott  n, nprs, >14mn but <=43mn",Kg,43631.918945,21288.131047,0.021288,3017.583
52052300,"Combed single cotton yarn, with >=85% cott  n, nprs, >43mn but <=52mn",Kg,95164.398842,46648.253077,0.046648,6567.471
52052400,"Combed single cotton yarn, with >=85% cott  n, nprs, >52mn but <=80mn",Kg,8486.400146,5182.46225,0.005182,732.283
52053200,"Uncombed cabled cotton yarn, with >=85% co  ton, nprs, >14mn but <=43mn per singl",Kg,6811.399991,4768.769124,0.004769,827.646
52053400,"Uncombed cabled cotton yarn, with >=85% co  ton, nprs, >52mn but <=80mn per singl",Kg,33146,15957.029586,0.015957,2447.697
52054400,"Combed cabled cotton yarn, with >=85% cott  n, nprs, >52mn but <=80mn per single",Kg,6061.229946,3704.513234,0.003705,683.756
52054700,"Combed cabled cotton yarn, with >=85% cott  n, nprs, >94mn but <=120mn per single",Kg,30.62,232.97667,0.000233,43.522
52054800,"Combed cabled cotton yarn, with >=85% cott  n, nprs, >120mn per single yarn",Kg,1400,1340.433582,0.00134,250.058
52061100,"Uncombed single cotton yarn, with <85% cot  on, nprs, <=14mn",Kg,2349.199951,781.1972,0.000781,145.829
52061200,"Uncombed single cotton yarn, with <85% cot  on, nprs, >14mn but <=43mn",Kg,7984.320007,2383.219398,0.002383,444.738
52061500,"Uncombed single cotton yarn, with <85% cot  on, nprs, >80mn.",Kg,20,1.6015,0.000002,0.3
52062100,"Combed single cotton yarn, with <85% cotto  , nprs, <=14mn",Kg,15,1.68252,0.000002,0.405
52062200,"Combed single cotton yarn, with <85% cotto  , nprs, >14mn but <=43mn.",Kg,3995.269951,1762.877522,0.001763,320.87
52062300,"Combed single cotton yarn, with <85% cotto  , nprs, >43mn but <=52mn.",Kg,4471.200195,1918.327625,0.001918,357.834
52063200,"Uncombed cabled cotton yarn, with <85% cot  on, nprs, >14mn but <=43mn per single",Kg,11280,1855.92066,0.001856,346.276
52064500,"Combed cabled cotton yarn, with <85% cotto  , nprs, >80mn per single yarn",Kg,15.88,110.316891,0.00011,0
52071000,"Cotton yarn (excl sewing), put up for ret a l sale, with >=85% cotton",Kg,441.800003,165.099615,0.000165,30.862
52079000,"Cotton yarn (excl sewing), put up for ret a l sale, with <85% cotton.",Kg,3268,1020.597643,0.001021,190.607
52081100,"Unbleached plain cotton weave, with >=85%   otton, =<100g/m2 by weight",SQM,379858.9736,20180.231208,0.02018,3911.215
52081200,"Unbleached plain cotton weave, with >=85%   otton, >100g/m2 but <200g/m2  by weig",SQM,116253.740112,4480.52091,0.004481,1300.944
52081300,"Unbleached 3 or 4-thread twill, (incl cro s  twill) with >=85% cotton,<200g/m2 by",SQM,893.279999,177.821297,0.000178,33.166
52081900,"Unbleached woven cotton fabrics, nes, with  >=85% cotton, <200 g/m2 by weight",SQM,24964,2814.449449,0.002814,1133.223
52082100,"Bleached plain cotton weave, with >=85% co  ton, =<100g/m2 by weight",SQM,415173.453552,13242.975512,0.013243,3346.539
52082200,"Bleached plain cotton weave, with >=85% co  ton, >100g/m2 by weight",SQM,62856.018143,5202.50484,0.005203,1507.37
52082300,"Bleached 3 or 4-thread twill (incl cross  t ill), with >=85% cotton, <200 g/m2 by",SQM,741.674988,106.833617,0.000107,19.925
52082900,"Bleached woven cotton fabrics, nes, with >  85% cotton, <200 g/m2 by weight",SQM,47651.696301,5632.857869,0.005633,1525.535
52083100,"Dyed plain cotton weave, with >=85% cotton   =<100g/m2 by weight",SQM,483622.710861,29910.488182,0.02991,5921.077
52083200,"Dyed plain cotton weave, with >=85% cotton   >100g/m2 but <200 g/m2 by weight",SQM,815484.662239,54767.96713,0.054768,10918.721
52083300,"Dyed 3 or 4-thread twill (incl cross twil l , with >=85% cotton, <200 g/m2 by wei",SQM,6952.399902,858.653937,0.000859,186.312
52083900,"Dyed woven cotton fabrics, with >=85% cott  n, <200 g/m2 by weight, nes",SQM,127013.490234,5043.16971,0.005043,1510.638
52084100,"Coloured plain cotton weave, with >=85% co  ton, =<100g/m2 <200 g/m2 by weight",SQM,74217.741211,6351.363875,0.006351,1902.304
52084200,"Coloured plain cotton weave, with >=85% co  ton, >100g/m2 but <200 g/m2 by weight",SQM,3025.355896,348.012025,0.000348,65.75
52084300,"Coloured 3 or 4-thread twill (incl cross  t ill), with >=85% cotton,<200 g/m2 by",SQM,2089.604935,420.716584,0.000421,78.468
52084900,"Coloured woven cotton fabrics, with >=85%   otton, <200 g/m2 by weight, nes",SQM,8021.980103,1076.809641,0.001077,284.186
52085100,"Printed plain cotton weave, with >=85% cot  on, =<100g/m2 by weight",SQM,24009.5,1851.047217,0.001851,677.312
52085200,"Printed plain cotton weave, with >=85% cot  on, >100g/m2 but <200 g/m2 by weight.",SQM,530170.776867,45111.445839,0.045111,10575.835
52085900,"Printed woven cotton fabrics, with >=85% c  tton, <200 g/m2 by weight, nes",SQM,74732.749985,6973.534001,0.006974,2173.841
52091100,"Unbleached plain cotton weave, with >=85%   otton, >=200g/m2 by weight",SQM,11683.640117,934.087496,0.000934,279.894
52091900,"Unbleached cotton fabrics, with >=85% cott  n, >=200g/m2 by weight, nes",SQM,24768,3398.750187,0.003399,1017.993
52092200,"Bleached 3 or 4-thread twill, >=85% cotton   >=200g/m2 by weight",SQM,3599,843.002,0.000843,252.546
52092900,"Bleached woven cotton fabrics, with >=85%   otton, >=200g/m2 by weight, nes",SQM,10650.380157,667.245377,0.000667,87.391
52093100,"Dyed plain cotton weave, with >=85% cotton   >=200g/m2 by weight",SQM,913.678528,175.700047,0.000176,32.77
52093200,"Dyed 3 or 4-thread twill (incl cross twil l , with >=85% cotton, >=200g/m2 by wei",SQM,252827.01239,29866.849969,0.029867,6293.652
52094100,"Coloured plain cotton weave, with >=85% co  ton, >=200g/m2 by weight",SQM,52,17.88078,0.000018,12.179
52094200,"Coloured denim cotton weave, with >=85% co  ton, >=200g/m2 by weight",SQM,1648180.464228,205578.566289,0.205579,41816.527
52094300,"Coloured 3 or 4-thread twill, (incl cross   will) with >=85% cotton, >=200g/m2 by",SQM,280.799988,31.677609,0.000032,5.909
52094900,"Coloured woven cotton fabrics, with >=85%   otton, >200g/m2 by weight.",SQM,53023.689941,8172.8805,0.008173,2448.045
52095200,"Printed 3 or 4-thread twill, (incl cross  t ill) with >=85% cotton, >200g/m2 by w",SQM,1362.709961,342.127875,0.000342,0.065
52095900,"Printed woven cotton fabrics, with >=85% c  tton, >200g/m2 by weight",SQM,127189.648438,12624.636367,0.012625,3781.213
52101100,"Unbleached plain cotton weave, with <85% c  tton, =<200g/m2 by weight.",SQM,1859.394989,513.750597,0.000514,154.005
52101900,"Unbleached woven cotton fabrics, nes, with  <85% cotton, =<200g/m2 by weight.",SQM,14,4.4842,0.000004,1.344
52102100,"Bleached plain cotton weave, with <85% cot  on, =<200g/m2 by weight",SQM,50731,1583.106781,0.001583,474.338
52102900,"Bleached woven cotton fabrics, nes, with <  5% cotton, =<200g/m2 by weight",SQM,230,19.815359,0.00002,6.001
52103200,"Dyed 3 or 4-thread twill, (incl cross twi l ) with <85% cotton, =<200g/m2 by weig",SQM,10723.499939,2301.914797,0.002302,109.696
52103900,"Dyed woven cotton fabrics, nes, with <85%   otton, =<200g/m2 by weight",SQM,3239.000031,477.186105,0.000477,142.985
52104100,"Coloured plain cotton weave, with <85% cot  on, =<200g/m2 by weight",SQM,353.519989,39.881301,0.00004,11.946
52104900,"Coloured woven cotton fabrics, nes, with <  5% cotton, =<200g/m2 by weight",SQM,1076.304993,128.96848,0.000129,38.628
52111100,"Unbleached plain cotton weave, with <85% c  tton, >200g/m2 by weight",SQM,4.1,6.25298,0.000006,1.875
52111200,"Unbleached 3 or 4-thread twill, (incl cro s  twill) with <85% cotton, >200g/m2 by",SQM,68.339996,47.298879,0.000047,14.167
52113200,"Dyed 3 or 4-thread twill, (incl cross twi l ) with <85% cotton, >200g/m2 by weigh",SQM,27988.051697,3102.021031,0.003102,929.189
52114200,"Coloured denim cotton weave, with <85% cot  on, >200g/m2 by weight",SQM,260214.592285,36727.816463,0.036728,11000.271
52114900,"Coloured woven cotton fabrics, nes, with <  5% cotton, >200g/m2 by weight.",SQM,7196,1203.324375,0.001203,360.462
52115100,"Printed plain cotton weave, with <85% cott  n, >200g/m2 by weight.",SQM,84,8.68502,0.000009,4.354
52115900,"Printed woven cotton fabrics, nes, with <8  % cotton, >200g/m2 by weight",SQM,5581.5,781.90525,0.000782,234.182
52121100,"Unbleached woven fabrics of cotton, =<200g  m2 by weight, nes.",SQM,269640.719727,12708.703154,0.012709,3822.373
52121200,"Bleached woven fabrics of cotton, =<200g/m   by weight, nes",SQM,717965.140903,27993.753933,0.027994,8161.206
52121300,"Dyed woven fabrics of cotton, =<200g/m2 by  weight, nes",SQM,182424.873158,15473.253643,0.015473,3723.393
52121400,"Coloured woven fabrics of cotton, =<200g/m   by weight, nes",SQM,405585.310627,22787.952698,0.022788,6825.453
52121500,"Printed woven fabrics of cotton, =<200g/m2  by weight, nes",SQM,703844.466662,43398.056507,0.043398,12799.416
52122300,"Dyed woven fabrics of cotton, >200g/m2 by   eight, nes.",SQM,65.639999,105.750933,0.000106,31.743
52122400,"Coloured woven fabrics of cotton, >200g/m2  by weight, nes",SQM,29193.220703,1364.47149,0.001364,408.662
52122500,"Printed woven fabrics of cotton, >200g/m2   y weight, nes.",SQM,3547.5,297.46691,0.000297,137.499
53031000,Raw Jute,Kg,738695,130935.30131,0.130935,3.963
53039000,"Jute, etc (excl flax, true hemp and ramie )  nes; tow and waste of these fibres",Kg,2672825,454308.1125,0.454308,4.55
53050000,"Coconut, abaca(Manila hemp or Musa  textil  s Nee), ramie & other vegetable texti",Kg,79100,5173.383641,0.005173,965.166
53062000,Multiple or cabled flax yarn  .,Kg,53,404.122969,0.000404,0
53071000,Single yarn of jute or of other textile ba  t fibres of heading 5303.,Kg,75000,16371.018,0.016371,163.161
53072000,Multiple or cabled yarn of jute or of othe   textile bast fibres of heading 5303.,Kg,1957.700001,233.958359,0.000234,14.233
53081000,Coir yarn of other vegetable textile fibre,Kg,5,2.35119,0.000002,0.573
53091100,"Bleached or unbleached, woven fabrics of f  ax, with >=85% flax",SQM,684.565376,203.832994,0.000204,61.051
53091900,"Woven fabrics of flax, with >=85% flax, ne",SQM,3377.765915,1900.9395,0.001901,569.408
53109000,Woven fabrics of jute or other textile bas   fibres of heading 5303 (excl unble,SQM,32400,438.890219,0.000439,131.514
53110000,Woven fabrics of other vegetable textile f  bres; woven fabrics of paper yarn,SQM,22013.716,4866.12264,0.004866,1031.668
54011000,Sewing thread of synthetic filaments  .,Kg,33925.014997,12879.888987,0.01288,2409.212
54012000,Sewing thread of artificial filaments,Kg,40538.139844,10871.053181,0.010871,1965.94
54021900,Other - high tenacity yarn of nylon or oth  r polymides.,Kg,7376.5,4763.143428,0.004763,888.593
54022000,"High tenacity yarn of polyesters, nprs",Kg,511.740003,231.828131,0.000232,43.303
54023100,"Textured yarn, of nylon or other polyamide  , =<50tex, nprs.",Kg,120,24.449011,0.000024,4.694
54023200,"Textured yarn, of nylon or other polyamide  , >50tex, nprs",Kg,393.004,248.793189,0.000249,62.607
54023300,"Textured yarn of polyesters, nprs",Kg,800641.464504,180281.905584,0.180282,33140.199
54023400,"Textured yarn of polypropylene, nprs  .",Kg,6794.800049,2261.514,0.002262,421.775
54023900,"Textured yarn, nes, nprs  .",Kg,8079.34996,2679.086547,0.002679,499.92
54024400,"Elastomeric yarn, single, untwisted or wit   a twist not exceeding 50 turns per m",Kg,9642.23999,6668.181117,0.006668,1243.685
54024600,"Other-of polyesters,partially oriented yar  ,single,untwiste or with a twist<=50t",Kg,204583.507324,40187.010875,0.040187,5224.969
54024700,"Other, of polyesters yarn, single, untwist  d or with a twist <=50 turns per metr",Kg,17549.419926,4006.117748,0.004006,747.343
54024800,"Other, of polypropylene yarn, single, untw  sted or with a twist <=50 turns per m",Kg,32415.200226,9113.052875,0.009113,1699.856
54025200,Other single yarn of polyesters with a twi  t >50 turns per metre,Kg,48048.10001,11903.952563,0.011904,2220.489
54025300,Of Polypropylene,Kg,11893,4523.398,0.004523,0.065
54026100,"Other yarn, multiple or cabled of nylon or  other polymides.",Kg,120,32.11192,0.000032,6.055
54026200,"Other yarn, multiple or cabled of polyeste  s",Kg,14482.810287,5244.702344,0.005245,127.761
54026900,"Other yarn, multiple or cabled, nes",Kg,10418.410103,4317.015471,0.004317,805.262
54033300,"Single yarn of cellulose acetate, nprs",Kg,4000,1098,0.001098,204.842
54034100,"Multiple or cabled yarn of viscose rayon,   prs.",Kg,16.02,172.698965,0.000173,0.065
54034900,"Multiple or cabled artificial yarn, nes, n  rs",Kg,205,20.69717,0.000021,4.185
54041200,"Other, of polypropylene monofilament  .",Kg,1979.399979,785.630445,0.000786,146.655
54041900,Other - monofilament  .,Kg,633.25,352.113812,0.000352,65.735
54049000,Strip and the like of synthetic textile ma  erials,Kg,30,4.8045,0.000005,0.897
54060000,"Manmade filament yarn (other than sewing t  read), put up for retail sale",Kg,9958.72,1313.547561,0.001314,256.888
54071000,Woven fabric obtained from high tenacity y  rn of nylon or other polymides or of,SQM,234342.929817,20554.628496,0.020555,6015.723
54072000,Woven fabrics obtained from synthetic stri   or the like,SQM,213189.240601,6867.477491,0.006867,2056.952
54073000,Fabrics of synthetic filament yarn specifi  d in note 9 to section xi.,SQM,1753.555985,560.027535,0.00056,7.029
54074100,"Unbleached or bleached woven fabrics, >=85   nylon or other polyamides",SQM,9494,228.852937,0.000229,68.607
54074200,"Dyed woven fabrics of synthetic filament y  rn, >=85% nylon",SQM,608.300006,86.400151,0.000086,26.06
54074400,"Printed woven fabrics of synthetic filamen   yarn, >=85% nylon",SQM,42023.460938,5600.74127,0.005601,1677.429
54075100,"Unbleached or bleached woven fabrics, >=85   textured polyester filament",SQM,6485.726074,245.865875,0.000246,73.702
54075200,"Dyed woven fabrics of synthetic filament y  rn, >=85% textured polyester filament",SQM,2670719.92811,40039.60213,0.04004,9288.84
54075300,"Coloured woven fabrics of synthetic yarn,   =85% textured polyester filament.",SQM,4783.457333,1803.033556,0.001803,540.207
54075400,"Printed woven fabrics of synthetic yarn, >  85% textured polyester filament",SQM,488288.823608,27051.067948,0.027051,8124.448
54076100,"Other woven fabrics of synthetic yarn, >=8  % non-textured polyester filaments",SQM,28803.938416,8991.000207,0.008991,726.683
54076900,"Other woven fabrics of synthetic yarn, >=8  % polyester filaments.",SQM,1353.200012,590.236005,0.00059,358.545
54077100,"Unbleached or bleached woven fabrics, >=85   synthetic filaments",SQM,137.37,7.84539,0.000008,3.005
54077200,"Dyed woven fabrics, >=85% synthetic filame  ts.",SQM,208305.625004,12234.342429,0.012234,3664.618
54077400,"Printed woven fabrics, >=85% synthetic fil  ments",SQM,2710,131.354203,0.000131,39.342
54078200,"Dyed woven fabrics, <85% synthetic filamen  s, mixed with cotton",SQM,896.704998,286.25123,0.000286,93.478
54078300,"Coloured woven fabrics, <85% synthetic fil  ments, mixed with cotton",SQM,480.910004,93.885749,0.000094,28.189
54078400,"Printed woven fabrics, <85% synthetic fila  ents, mixed with cotton",SQM,805.25,60.5135,0.000061,18.125
54079200,"Dyed woven fabrics of synthetic filament y  rn, nes",SQM,7534.170017,2426.044764,0.002426,726.88
54079400,"Printed woven fabrics of synthetic filamen   yarn, nes.",SQM,24797,8733.298953,0.008733,2615.825
54081000,"Woven fabrics of high tenacity artificial   ilament yarn, of viscose rayon",SQM,209249.844475,20136.968093,0.020137,5928.224
54082100,"Unbleached or bleached woven fabrics, >=85   artificial filaments.",SQM,153.999405,44.953262,0.000045,13.465
54082200,"Dyed woven fabrics, >=85% artificial filam  nts",SQM,374732.732422,3949.9646,0.00395,1219.848
54082400,"Printed woven fabrics, >=85% artificial fi  aments.",SQM,3034.849976,264.59393,0.000265,79.317
54083200,"Dyed woven fabrics of artificial filament   arn, nes",SQM,5012.5,868.963516,0.000869,260.324
54083400,"Printed woven fabrics of artificial filame  t yarn, nes",SQM,4461.592896,427.030312,0.000427,128.029
55031100,Synthetic staple fibres of nylon or other   olyamides of aramids,Kg,1281,450.403278,0.00045,84.067
55032000,"Synthetic staple fibres, of polyesters, no   carded, etc",Kg,4470776.752716,749629.480283,0.749629,9321.486
55033000,"Acrylic or modacrylic synthetic staple fib  es, not carded, etc.",Kg,26271.199219,8860.494301,0.00886,19.323
55039000,"Synthetic staple fibres, nes, not carded,   tc",Kg,6070,1499.425307,0.001499,279.649
55041000,"Artificial staple fibres, of viscose rayon   not carded, etc",Kg,925599.492188,286607.348766,0.286607,104.015
55061000,"Synthetic staple fibres, of nylon or other  polyamides, carded, etc",Kg,41,58.730281,0.000059,0
55062000,"Synthetic staple fibres, of polyesters, ca  ded, etc",Kg,40,3.6503,0.000004,0.926
55081000,Sewing thread of synthetic staple fibres  .,Kg,8599.360027,6250.031435,0.00625,1141.835
55082000,Sewing thread of artificial staple fibres,Kg,1450.09,729.633447,0.00073,136.348
55091100,"Single yarn, with >=85% staple fibres of n  lon or other polyamides, nprs",Kg,169,28.22386,0.000028,5.265
55091200,"Multiple or cabled yarn, >=85% staple fibr  s of nylon, etc, nprs",Kg,150,37.218449,0.000037,6.942
55092100,"Single yarn, with >=85% polyester staple f  bres, nprs",Kg,80568.009544,23760.33004,0.02376,4432.204
55092200,"Multiple or cabled yarn, with >=85% polyes  er staple fibres, nprs",Kg,24307.359959,7815.353099,0.007815,1236.939
55093100,"Single yarn, with >=85% acrylic or modacry  ic staple fibres, nprs",Kg,207.5,467.220801,0.000467,87.336
55093200,"Multiple or cabled yarn, >=85% acrylic or   odacrylic staple fibres, nprs",Kg,42724,21220.705038,0.021221,3958.03
55094200,"Multiple or cabled yarn, with >=85% synthe  ic staple fibres, nes, nprs",Kg,354.199997,168.077438,0.000168,31.413
55095100,"Other yarn, <85% polyester staple fibres,   ith artificial staple fibres, nprs",Kg,177266.080663,77838.065945,0.077838,14518.153
55095200,"Other yarn, <85% polyester staple fibres,   ith wool or fine animal hair, nprs",Kg,58.730002,95.540278,0.000096,0
55095300,"Other yarn, <85% polyester staple fibres,   ixed with cotton, nprs",Kg,19763,5108.38775,0.005108,952.846
55095900,"Other yarn, <85% polyester staple fibres,   es, nprs",Kg,940.789978,338.434594,0.000338,63.119
55096100,"Other yarn, <85% acrylic or modacrylic sta  le fibres, with wool or fine animal h",Kg,5.48,0.41533,0,0.078
55099100,"Other yarn, <85% synthetic staple fibres,   es, mixed with wool or fine animal ha",Kg,18.67,417.659469,0.000418,0
55099900,"Other yarn, <85% synthetic staple fibres,n  s, nprs.",Kg,2365.110001,1991.049101,0.001991,371.802
55101100,"Single yarn (other than sewing thread), wi  h >=85% artificial staple fibres, npr",Kg,2453.88,1670.724155,0.001671,235.976
55103000,"Other yarn, with <85% artificial staple fi  res, mixed with cotton, nprs.",Kg,499,114.475349,0.000114,21.352
55109000,"Other yarn, with <85% artificial staple fi  res, nes, nprs",Kg,3921.770029,2719.502771,0.00272,342.022
55111000,"Yarn, with >=85% synthetic staple fibres,   ut up for retail sale",Kg,3595.699996,3024.136282,0.003024,564.291
55121100,"Unbleached or bleached woven fabrics, >=85   polyester staple fibres",SQM,41859.340235,2986.148497,0.002986,894.556
55121900,"Other woven fabrics, >=85% polyester stapl   fibres",SQM,3553122.855231,187520.293032,0.18752,56740.03
55122100,"Unbleached or bleached woven fabrics, >=85   acrylic or modacrylie staple fibres.",SQM,50251.599854,1939.581895,0.00194,689.905
55122900,"Other woven fabrics, >=85% acrylic or moda  rylie staple fibres",SQM,80180.324226,6965.855875,0.006966,2087.43
55129900,"Other woven fabrics, >=85% synthetic fibre  , nes",SQM,403990.119995,11530.005552,0.01153,3460.774
55131300,"Woven fabrics, nes, <85% polyester staple   ibres + cotton =<170g/m2",SQM,8874.900391,371.577795,0.000372,111.289
55131900,"Other woven fabrics, <85% synthetic staple  fibres + cotton =<170g/m2 nes.",SQM,4911.104597,909.408485,0.000909,272.449
55132100,"Dyed plain weave fabrics, <85% polyester f  bres + cotton =<170g/m2",SQM,19200.5,2341.0165,0.002341,701.204
55132300,"Dyed woven fabrics, nes, <85% polyester fi  res + cotton =<170g/m2",SQM,13315.77002,3049.623742,0.00305,913.363
55133100,"Coloured plain weave fabrics, <85% polyest  r staple fibres + cotton =<170g/m2",SQM,3108.319977,392.564641,0.000393,117.578
55133900,"Coloured woven fabrics, <85% synthetic fib  es + cotton =<170g/m2 nes.",SQM,589.281189,108.095211,0.000108,32.376
55141100,"Plain weave fabrics, <85% polyester staple  fibres + cotton, >170g/m2.",SQM,47871.700195,5683.304578,0.005683,1744.169
55141900,"Woven fabrics, <85% synthetic staple fibre   + cotton >170g/m2 nes",SQM,2392645,73756.4055,0.073756,22090.441
55142900,"Dyed woven fabrics, <85% synthetic fibres    cotton >170g/m2  nes.",SQM,96473.193996,11600.205966,0.0116,3489.929
55143000,"Dyed woven fabrics, <85% synthetic fibres   cotton >170g/m2 of yarns of different",SQM,179702,12522.287691,0.012522,3953.312
55144900,"Printed woven fabrics, <85% synthetic fibr  s + cotton >170g/m2 nes",SQM,4035702.232727,306636.641477,0.306637,92058.459
55151100,"Woven fabrics, of polyester staple fibres,  with viscose rayon staple fibres.",SQM,175161.526526,17516.382083,0.017516,5291.502
55151200,"Woven fabrics of polyester staple fibres,   ixed with man-made filaments",SQM,12583.596802,1940.918288,0.001941,604.785
55151300,"Woven fabrics of polyester staple fibres,   ixed with wool or fine animal hair",SQM,2230.002422,1571.960661,0.001572,470.962
55151900,"Woven fabrics of polyester staple fibres,   es.",SQM,11171.480003,703.824027,0.000704,222.113
55152100,"Woven fabrics of acrylic or modacrylic fib  es, with man-made filaments",SQM,8029.550003,417.073428,0.000417,124.983
55161100,"Unbleached or bleached woven fabrics, >=85   artificial staple fibres.",SQM,18196.267273,1465.906945,0.001466,439.373
55161200,"Dyed woven fabrics, >=85% artificial stapl   fibres",SQM,1110.449951,101.790063,0.000102,30.552
55161400,"Printed woven fabrics, >=85% artificial st  ple fibres.",SQM,191905.439697,16721.104953,0.016721,5003.682
55162200,"Dyed woven fabrics, <85% artificial fibres   with man-made filaments",SQM,548.604004,141.666516,0.000142,42.431
55164300,"Coloured woven fabrics, <85% artificial st  ple fibres, mixed with cotton.",SQM,13,61.135609,0.000061,18.311
55164400,"Printed woven fabrics, <85% artificial sta  le fibres, mixed with cotton",SQM,374.850006,71.013547,0.000071,21.335
55169400,"Printed woven fabrics, <85% artificial sta  le fibres, nes",SQM,456922.59375,18607.619438,0.018608,5573.116
56012100,Cotton wadding and articles thereof,Kg,2806.159972,3244.369839,0.003244,1172.641
56012200,Wadding of man-made fibres and articles th  reof,Kg,1354.9,5911.322881,0.005911,1966.028
56012900,"Wadding and articles of wadding, nes  .",Kg,27,15.51009,0.000016,5.525
56021000,Needleloom felt and stitch-bonded fibre fa  rics,Kg,5859.859997,402.020562,0.000402,120.546
56022100,"Felt of wool or fine animal hair (excl im p egnated, coated, etc)",Kg,829.799988,590.534896,0.000591,177.004
56022900,"Felt of textile materials (excl impregnat e , coated, etc)",Kg,324.750003,258.762762,0.000259,77.571
56029000,"other Felt, whether or not impregnated, coated, covered or laminated. nes  .",Kg,0.58,0.89784,0.000001,0.272
56031100,"Nonwovens, of man-made filaments, weighing  <=25g/m2",Kg,1773.840012,352.598766,0.000353,105.687
56031200,"Nonwovens, of man-made filaments, weighing  >25g/m2 but <=70g/m2",Kg,28005.880249,5492.417131,0.005492,1469.553
56031300,"Nonwovens, of man-made filaments, weighing  >70g/m2 but <=150g/m2",Kg,56153.800415,12926.750531,0.012927,3133.323
56031400,"Nonwovens, of man-made filaments, weighing  >150g/m2",Kg,47244.5,17948.346045,0.017948,3563.729
56039100,"Nonwovens, not of man-made filaments, weig  ing <=25g/m2",Kg,90701.829449,27437.051066,0.027437,4049.932
56039200,"Nonwovens, not of man-made filaments, weig  ing >25g/m2 but <=70g/m2.",Kg,25572.649658,8184.355486,0.008184,1825.176
56039300,"Nonwovens, not of man-made filaments, weig  ing >70g/m2 but <=150g/m2",Kg,22141.099976,5708.382344,0.005708,1226.806
56039400,"Nonwovens, not of man-made filaments, weig  ing >150g/m2",Kg,38427.48,6024.780267,0.006025,1559.922
56041000,"Rubber thread and cord, textile covered",Kg,7079.699805,3676.586219,0.003677,685.765
56049000,"Textile yarn and strip, etc, impregnated o   coated.",Kg,68,153.721497,0.000154,46.047
56050000,"Metallized yarn, being textile yarn, or st  ip, etc, in thread",Kg,769,160.150162,0.00016,39.206
56060000,Gimped yarn and strip; chenille yarn; loop  wale-yarn,Kg,1373.8,947.211405,0.000947,230.24
56072100,"Binder or baler twine of sisal, etc, of th   genus agave",Kg,11593.300171,1106.713665,0.001107,224.678
56072900,"Twine, cordage, rope and cables, of sisal,  etc, of the genus agave, nes.",PCS,1858,216.907009,0.000217,65.1
56074100,Binder or baler twine of polyethylene or p  lypropylene.,Kg,320.399994,157.843309,0.000158,47.278
56074900,"Twine, cordage, rope and cables, of polyet  ylene or polypropylene",Kg,32815.079989,6295.002505,0.006295,1468.002
56075000,"Twine, cordage, rope and cables, of synthe  ic fibres, nes",Kg,3835.070001,1115.860493,0.001116,333.016
56079000,"Twine, cordage, rope and cables, nes  .",Kg,31753.679963,4913.484751,0.004913,1490.85
56081100,Made up fishing nets of man-made textile m  terials.,Kg,6222.619994,1418.142977,0.001418,178.317
56081900,Knotted netting of man-made textile materi  ls (excl fishing nets),Kg,2567.779991,1482.99074,0.001483,444.313
56089000,"Knotted netting of twine, cordage or rope   f textile materials, nes.",Kg,4956.125969,1833.206433,0.001833,549.339
56090000,"Articles of yarn, strip, etc, twine, corda  e, rope or cables, nes",Kg,172765.022018,13837.758334,0.013838,3543.213
57011000,"Carpets and other textile floor coverings,  of wool or fine animal hair, knotted.",SQM,310.885,1749.357808,0.001749,821.621
57019000,"Carpets and other textile floor coverings,  of other textiles, knotted",SQM,2511.5,125.322688,0.000125,59.378
57022000,Floor coverings of coconut fibres (coir)  .,SQM,101.95,44.279172,0.000044,20.899
57023200,"Pile floor coverings of man-made textiles,  woven, not made up",SQM,25,42.98166,0.000043,23.437
57023900,"Pile floor coverings of other textiles, wo  en, not made up, nes.",SQM,179,94.905589,0.000095,44.524
57024200,"Pile floor coverings of man-made textiles,  woven, made up",SQM,135.530001,145.03023,0.000145,88.626
57024910,Carpets and floor covering of felt (Jamoth),SQM,1772,485.609328,0.000486,233.12
57024990,Carpets and floor covering of other textiles materials,SQM,1549.049999,402.605617,0.000403,188.824
57025000,"Other textile floor coverings not of pile   onstruction, not made up.",SQM,11188,2294.95,0.002295,1076.398
57029200,"Non-pile floor coverings of man-made texti  es, woven, made up",SQM,5.675,7.71213,0.000008,5.433
57029900,"Non-pile floor coverings of other textile   aterials, woven, made up, nes",SQM,30,11.16036,0.000011,5.239
57031000,Of wool or fine animal hair,SQM,111,188.236693,0.000188,89.435
57032100,Turf,SQM,52.862,60.43573,0.00006,28.41
57032900,Carpets and other testile floor coverings Of nylon or other polyamides,SQM,115.88,15.19912,0.000015,8.845
57033100,Turf Of other man-made textile materials,SQM,7749.059946,2439.815692,0.00244,1217.766
57033900,carpet & other textile floor coverings of other man-made textile materials,SQM,19163.884,1604.81909,0.001605,752.854
57039010,Floor Covering of Cotton (Other textile materials),SQM,12766.181807,362.326844,0.000362,108.665
57039090,Other floor covering (excluding cotton) nes,SQM,139222.114139,13896.212357,0.013896,6518.56
57041000,"Carpet tiles =<03m2 surface area, of felt , not tufted or flocked",SQM,2586,480.116975,0.00048,231.311
57049000,"Floor coverings of felt, nes, not tufted o   flocked",SQM,49118.630291,11557.975899,0.011558,5421.071
57050000,"Other carpets and other textile floor cove  ngs, nes",SQM,95408.971607,6027.568356,0.006028,2833.901
58011000,Woven pile fabrics and chenille fabrics of  wool or fine animal hair,SQM,2054.352051,317.861156,0.000318,95.201
58012200,Cut corduroy of cotton,SQM,16713.920013,2671.547492,0.002672,777.848
58012300,"Weft pile fabrics of cotton, nes  .",SQM,2233.068387,284.600702,0.000285,86.478
58012600,"Chenille fabrics, of cotton",SQM,1271.189941,453.438531,0.000453,135.871
58012700,warp pile fabrics of cotton,SQM,2550,279.956125,0.00028,102.395
58013200,"Cut corduroy of man-made fibres, nes  .",SQM,6036.77002,2064.7595,0.002065,618.461
58013600,Chenille fabrics of man-made fibres,SQM,34112.511261,4595.147775,0.004595,1039.463
58013700,Warp pile fabrics of man made fibre,SQM,138728.156883,19937.935231,0.019938,4282.597
58019000,"Woven pile and chenille fabrics of other t  xtiles, nes",SQM,3684.109985,440.848215,0.000441,132.038
58021000,"Terry towelling and similar woven terry fabrics, of cotton",SQM,61.650002,9.55313,0.00001,2.863
58022000,"Terry towelling and similar woven terry fa  rics, of other textiles materials",SQM,66,47.836891,0.000048,14.393
58030000,"Gauze, other than narrow fabrics of  Headi  g 5806.",SQM,1047,25.57102,0.000026,7.735
58041000,Tulles and other net fabrics  .,Kg,68441.159998,36677.791675,0.036678,11133.622
58042100,"Lace of man-made fibres in piece, in strip   or in motifs, machine made",Kg,3671.800018,1635.881124,0.001636,448.379
58042900,"Lace of other textiles in piece, in strips  or in motifs, machine made",Kg,31791.400001,11303.091343,0.011303,3385.785
58043000,"Hand-made lace in pieces, in strips or in   otifs",Kg,13106,3002.230975,0.003002,909.731
58050000,"Hand-woven tapestries of the type Gobelins   Flandres, aubusson, beauvaisa",SQM,5307,295.025259,0.000295,90.748
58061000,Narrow woven pile fabrics and chenille fab  ics,Kg,12869.8,3511.808616,0.003512,1094.633
58062000,"Narrow woven fabrics, with >=5% elastomeric  yarn or rubber thread",Kg,7724.75,3119.433559,0.003119,760.569
58063100,"Narrow woven fabrics of cotton, nes",Kg,4923.099978,586.525284,0.000587,209.851
58063200,"Narrow woven fabrics of man-made fibres, n  s",Kg,28858.030208,8743.702889,0.008744,2554.234
58063900,"Narrow woven fabrics of other textiles mat  rials, nes.",Kg,10014.41,2943.83334,0.002944,901.046
58064000,Fabrics with warp without weft assembled b   means of an adhesive (bolducs),Kg,3983,1447.357139,0.001447,440.024
58071000,"Labels, badges of textiles, woven, in p iec , not embroidered.",Kg,3106.909999,3785.864145,0.003786,845.49
58079000,"Labels, badges of textiles, unwoven, in  pi ce, not embroidered",Kg,3075.169298,1525.22545,0.001525,466.023
58081000,"Braids, in the piece  .",Kg,2937.4,934.259119,0.000934,285.37
58089000,"Ornamental trimmings in the piece; tassels   pompons, etc, nes",Kg,2136.06,643.023344,0.000643,186.011
58090000,"Woven fabrics of metal thread and woven fa  rics of metallised yarn, nes",SQM,7194.912521,3349.167859,0.003349,1030.599
58101000,Embroidery without visible ground,Kg,7.55,15.30646,0.000015,4.652
58109100,"Cotton embroidery, in the piece, in strips  or in motifs",Kg,0.08,0.17376,0,0.054
58109200,"Embroidery of man-made fibres, in the piec  , in strips or in motifs",Kg,12.75,13.22337,0.000013,4.209
58109900,"Embroidery of other textiles, in the piece   in strips or in motifs",MTR,144834.81001,18642.932069,0.018643,5617.186
58110000,Quilted textile products in the piece (exc   embroidery of 5810),SQM,48,3.203,0.000003,0.96
59011000,"Textile fabrics coated with gum or amylace  us substances for books, etc.",SQM,73696.232048,3751.168803,0.003751,1125.333
59019000,"Tracing cloth; prepared painting canvas; b  ckram, etc",SQM,96969.68396,4743.505773,0.004744,1450.566
59021000,Tyre cord fabric of high tenacity yarn of   ylon or other polyamides.,SQM,59,46.424531,0.000046,8.725
59022000,Tyre cord fabric of high tenacity yarn of   olyesters,SQM,138.168001,279.046974,0.000279,52.113
59029000,Tyre cord fabric of high tenacity yarn of   iscose rayon,SQM,352,136.501516,0.000137,25.459
59031000,"Textile fabrics impregnated, coated covere   or laminated with poly(vinyl chlor",SQM,586442.351242,30001.007514,0.030001,8861.74
59032000,"Textile fabrics impregnated, coated covere   or laminated with polyurethane",SQM,127285.668844,21190.702466,0.021191,6347.365
59039000,"Textile fabrics impregnated, coated covere   or laminated with plastics,nes",SQM,885263.446117,92220.67508,0.092221,27631.975
59050000,Textile wall coverings,SQM,635.809998,275.500644,0.000276,98.082
59061000,Adhesive tape of a width =<20cm,SQM,6847.619911,3581.056222,0.003581,1103.596
59069100,Knitted or crocheted rubberized textile fa  rics (excl adhesive tape),SQM,721,134.287399,0.000134,40.29
59069900,"Rubberized textile fabrics, nes",SQM,2266959.209534,76957.048919,0.076957,23051.278
59070000,"Textile fabrics otherwise impregnated, coa  ed or covered, painted canvasa",SQM,8055.3425,688.085705,0.000688,208.414
59080000,"Textile wicks, woven,plaited or knitted fo   lamps,stovesincandescent gas mantl",Kg,33.1,13.99767,0.000014,2.686
59090000,"Textile hosepiping & similar tubing, wi th  r without lining, etc, of other mat",Kg,8014,4376.252401,0.004376,816.264
59100000,"Transmission or conveyor belts or belting,  of textile material.",PCS,4075,5320.576922,0.005321,993.282
59111000,"Textile fabrics,combined with rubber,le ath r or other material technical pu.",Kg,5839.239052,2255.254182,0.002255,519.568
59112000,"Bolting cloth whether or not made up, for   echnical uses",SQM,486.054996,1323.593397,0.001324,288.139
59113100,"Textile fabrics and felts, for paper-makin   machines, <650g/m2.",SQM,939.894997,2461.158149,0.002461,555.808
59113200,"Textile fabrics and felts, for paper-makin   machines, >=650g/m2",SQM,4119,6264.861156,0.006265,1831.694
59114000,"Filtering or straining cloth of a kind used in oil presses or the like, including tha",Kg,721.900002,821.784413,0.000822,246.393
59119000,"Textile products & articles for technical   ses, nes, as specified in Chapter Not",Kg,12383.39802,10133.717416,0.010134,2692.267
60011000,"Long pile fabrics, knitted or crocheted",SQM,40597.150024,7814.465156,0.007814,2340.836
60012100,"Looped pile fabrics of cotton, knitted or   rocheted",SQM,500.1,918.215845,0.000918,275.074
60019200,"Pile fabrics of man-made fibres, nes, knit  ed or crocheted.",SQM,114715.667654,15980.365974,0.01598,4787.377
60019900,"Pile fabrics of other textile materials, n  s, knitted or crocheted",SQM,2320,604.74175,0.000605,181.122
60024000,"Fabric, >=5% by weight of elastomeric yarn  but without rubber thread, of a width",SQM,506.899986,245.821121,0.000246,73.627
60029000,"Knitted or crosheted fabrics, nes width = < 0cm containing rubber thread.",SQM,294.129997,148.630484,0.000149,44.582
60032000,Knitted or crosheted fabrics of cotton,Kg,24470,9753.223297,0.009753,2921.226
60033000,Knitted or crosheted fabrics of synthetic   ibres,Kg,17151,6748.582594,0.006749,2021.272
60039000,"Other knitted or crosheted fabrics, of a w  dth=<30cm (except heading 6001 & 600.",Kg,1951.099976,712.392281,0.000712,213.429
60041000,"Fabric, >=5% by weight of elastomeric yarn  but without rubber thread, of a width",Kg,17.1,19.47147,0.000019,5.9
60049000,"Other knitted or crosheted fabrics, nes w i th >30cm containing rubber thread",Kg,23995.599609,9178.917,0.009179,2749.152
60053700,"Other, dyed Of synthetic fibres",Kg,27212.949585,12516.454698,0.012516,3766.851
60053900,"Other, printed Of synthetic fibres",Kg,8544.56003,5758.315356,0.005758,1724.759
60054200,Dyed wrap knit fabric of artificial fibres,Kg,22.1,6.76638,0.000007,2.029
60059000,Wrap knit fabric (incl those made on gall o  knitting machine) except heading 60.,Kg,23524.040043,7240.964194,0.007241,2217.255
60061000,Other kintted or crocheted fabrics of wool  or fine animal hair.,Kg,3469,1408.966533,0.001409,368.934
60062100,Unbleached or bleached kintted or crochete   fabrics of cotton nes,Kg,26385.050171,9667.129337,0.009667,2895.581
60062200,Dyed kintted or crocheted fabrics of cotto   nes,Kg,205382.540429,84556.891328,0.084557,21647.503
60062300,Kintted or crocheted fabrics of yarns of d  fferent colours of cotton nes,Kg,4305.300049,1693.722687,0.001694,507.337
60062400,Printed kintted or crocheted fabrics of co  ton nes.,Kg,4485.650001,1891.044156,0.001891,518.537
60063100,"Unbleached or bleached kintted or crochete   fabrics of synthetic fibres, nes",Kg,16544.730209,5736.822727,0.005737,1718.451
60063200,"Dyed kintted or crocheted fabrics of synth  tic fibres, nes.",Kg,1178152.200351,460208.076507,0.460208,137647.979
60063300,Other kintted or crocheted fabrics of yarn   of different colours of synthetic fi,Kg,15734.760223,6695.722594,0.006696,2005.569
60063400,"Printed kintted or crocheted fabrics of sy  thetic fibres, nes",Kg,20745.699585,8167.488375,0.008167,2446.295
60064100,"Unbleached or bleached kintted or crochete   fabrics of artificial fibres, nes",Kg,2192.900024,1000.687172,0.001001,299.709
60064200,"Dyed  kintted or crocheted fabrics of arti  icial fibres, nes",Kg,40698.200195,15783.679931,0.015784,4727.613
60064300,"Kintted or crocheted fabrics of yarns of d  fferent colours of artificial fibres,",Kg,665.779999,676.596031,0.000677,202.708
60064400,"Printed kintted or crocheted fabrics of ar  ificial fibres, nes.",Kg,300.81001,163.126967,0.000163,48.925
60069000,"Other kintted or crocheted fabrics, nes",Kg,86042.929993,32758.95382,0.032759,9818.638
61012000,"Men's or boys' coats, capes, cloaks, wind-  ackets, etc, of cotton, knitted or cr",PCS,1028,799.914391,0.0008,288.563
61013000,"Men's or boys' coats, capes, cloaks, etc,   f man-made fibres, knitted or crochet",PCS,2,9.09643,0.000009,3.448
61019000,"Men's or boys' coats, capes, cloaks, etc,   f other textiles, knitted or crochete",PCS,475,445.623294,0.000446,159.412
61021000,"Woman's or girls' coats, capes,cloaks,wind  jacket, etc, of wool, knitted or cr",PCS,5,2.83797,0.000003,1.013
61022000,"Woman's or girls' coats, capes,cloaks,wind  jacket,etc, of cotton, knitted or cro",PCS,621,229.165853,0.000229,97.268
61029000,"Woman's or girls' coats, capes, cloaks, et  , of other textiles, knitted or croch",PCS,21,27.72426,0.000028,9.938
61031000,Men's or boys' suits  . .,PCS,3,1.28387,0.000001,0.715
61032200,"Men's or boys' ensembles of cotton, knitte   or crocheted",PCS,168,80.282789,0.00008,28.648
61032300,"Men's or boys' ensembles of synthetic fibr  s, knitted or crocheted",PCS,6,56.514719,0.000057,0
61033100,"Men's or boys' jackets and blazers of wool  or fine animal hair, knitted or croch",PCS,4,3.88615,0.000004,1.385
61033200,"Men's or boys' jackets and blazers of cott  n, knitted or crocheted",PCS,3,2.3273,0.000002,0.83
61033300,"Men's or boys' jackets & blazers of synthe  ic fibres, knitted or crocheted",PCS,487,506.362004,0.000506,186.584
61033900,"Men's or boys' jackets & blazers of other   extiles, nes, knitted or crocheted",PCS,786,583.925088,0.000584,224.743
61034100,"Men's or boys' trousers, bib & brace, shor  s, etc, of wool, knitted or crochet",PCS,17,7.09959,0.000007,7.088
61034200,"Men's or boys' trousers, bib & brace, shor  s, etc, of cotton, knitted or crochet",PCS,9198,4620.251418,0.00462,1660.445
61034300,"Men's or boys' trousers, bib&brace,shorts,  tc, of synthetic fibres, knitted or c",PCS,10278,8739.526985,0.00874,3107.268
61034900,"Men's or boys' trousers, bib & brace,short  ,etc, of other textiles, knitted or c",PCS,5181,2619.19168,0.002619,943.678
61041300,"Women's or girls' suits of synthetic fibre  , knitted or crocheted",PCS,23,12.1682,0.000012,4.401
61041900,"Women's or girls' suits of other textiles   aterials, nes, knitted or crocheted",PCS,23214,14882.185309,0.014882,5436.981
61042200,"Women's or girls' ensembles, of cotton, kn  tted or crocheted",PCS,571,347.093747,0.000347,142.345
61042300,"Women's or girls' ensembles, of synthetic   ibres, knitted or crocheted",PCS,201,117.129383,0.000117,41.699
61043200,"Women's or girls' jackets & brazers of cot  on, knitted or crocheted.",PCS,19,14.48654,0.000014,5.159
61043900,"Woman's or girls' jackets & brazers of oth  r textiles, knitted or crocheted.",PCS,3512,2879.927122,0.00288,1027.117
61044100,"Woman's or girls' dresses of wool or fine   nimal hair, knitted or crocheted.",PCS,30,20.97899,0.000021,7.534
61044200,"Woman's or girls' dresses of cotton, knitt  d or crocheted",PCS,152,81.393761,0.000081,30.729
61044300,"Woman's or girls' dresses of synthetic fib  es, knitted or crocheted.",PCS,2582,1780.748518,0.001781,646.535
61044900,"Woman's or girls' dresses of other textile  material, knitted or crocheted",PCS,10366,1558.965782,0.001559,733.602
61045100,"Woman's or girls' skirts and divided skirt   of wool or fine hair, knitted or cro",PCS,5,3.55294,0.000004,1.503
61045200,"Woman's or girls' skirts and divided skirt   of cotton, knitted or crocheted.",PCS,83,58.875959,0.000059,30.126
61045300,"Woman's or girls' skirts and divided skirt   of synthetic fibres, knitted or croc",PCS,15,9.83543,0.00001,4.32
61045900,"Woman's or girls' skirts and divided skirt   of other textiles, nes, knitted or c",PCS,242,119.984882,0.00012,42.721
61046100,"Women's or girls' trousers, bib & brace, s  orts, etc, of wool, knitted or cro",PCS,2674,581.086439,0.000581,206.964
61046200,"Women's or girls' trousers, bib & brace, s  orts, etc, of cotton, knitted or croc",PCS,1076,536.353778,0.000536,200.781
61046300,"Women's or girls' trousers, bib & brace, s  orts, etc, of synthetic, knitted or c",PCS,7717,3080.452324,0.00308,1106.041
61046900,"Women's or girls' trousers,bib&brace,short  , etc, of other textile, knitted or c",PCS,7523,2633.308608,0.002633,950.635
61051000,"Men's or boys' shirts of cotton, knitted o   crocheted",PCS,2696,1826.403118,0.001826,651.96
61052000,"Men's or boys' shirts of man-made fibres,   nitted or crocheted",PCS,3774,3507.436205,0.003507,1242.171
61059000,"Men's or boys' shirts of other textiles, n  s, knitted or crocheted",PCS,323,521.051817,0.000521,189.238
61061000,"Women's or girls' blouses, shirts & shirt-  louses of cotton, knitted or crochete",PCS,5952,583.940384,0.000584,208.334
61062000,"Women's or girls' blouses, shirt &shirt-bl  uses of man-made fibres, knitted or c",PCS,1411,135.653797,0.000136,48.302
61069000,"Women's or girls' blouses,shirt&shirt-blou  es of other textiles nes,knitted or c",PCS,55757,25075.570769,0.025076,9158.028
61071100,"Men's or boys' underpants and briefs of co  ton, knitted or crocheted",PCS,129239,7343.51506,0.007344,2649.249
61071200,"Men's or boys' underpants and briefs of ma  -made fibres, knitted or crocheted",PCS,6336,314.309688,0.000314,114.749
61071900,"Men's or boys' underpants and briefs of ot  er textiles nes, knitted or crocheted",PCS,4808,882.922306,0.000883,312.839
61072100,"Men's or boys' night shirts & pyjamas of c  tton, knitted or crocheted",PCS,2987,1497.965705,0.001498,536.705
61072200,"Men's or boys' night shirts & pyjamas of m  n-madefibres, knitted or crocheted",PCS,3905,2210.821367,0.002211,787.084
61072900,"Men's or boys' night shirts & pyjamas of o  her textiles, nes, knitted or crochet",PCS,3606,1428.8743,0.001429,508.706
61079100,"Men's or boys' dressing gowns, etc, of cot  on, nes knitted or crocheted.",PCS,134217,21635.857615,0.021636,7710.294
61079900,"Men's or boys' dressing gowns, of other te  tiles,nes, knitted or crocheted",PCS,588,261.226279,0.000261,90.5
61081100,"Women's or girls' slips & petticoats etc,   f man-made fibres, knitted or crochet",PCS,8248,2644.202994,0.002644,941.433
61081900,"Women's or girls' slips & petticoats etc,   f other textiles,nes, knitted or croc",PCS,1164,167.4076,0.000167,59.696
61082100,"Women's or girls' briefs and panties of co  ton, knitted or crocheted",PCS,63961,6573.050868,0.006573,2353.653
61082200,"Women's or girls' briefs & panties of man-  ade fibres, knitted or crocheted.",PCS,4812,263.544011,0.000264,93.932
61082900,"Women's or girls' briefs & panties of othe   textiles,nes, knitted or crocheted",PCS,109449,5768.121184,0.005768,2180.295
61083100,"Women's or girls' nightdresses & pyjamas o   cotton, knitted or crocheted",PCS,2947,1147.260508,0.001147,409.334
61083200,"Women's or girls' nightdresses & pyjamas o   man-made fibres, knitted or crochete",PCS,211,100.911197,0.000101,35.938
61083900,"Women's or girls' nightdresses & pyjamas o   other textiles, knitted or crocheted",PCS,2025,1028.9671,0.001029,366.318
61089100,"Women's or girls' dressing gowns, of co tto , knitted or crocheted",PCS,568,193.530402,0.000194,69.507
61089200,"Women's or girls' dressing gowns of man -ma e fibre, knitted or crocheted",PCS,78,232.816582,0.000233,82.984
61089900,"Women's or girls' dressing gowns of oth er  extiles,nes, knitted or crocheted",PCS,98403,2050.228556,0.00205,953.539
61091000,"T-shirts, singlets and other vests, of cot  on, knitted or crocheted.",PCS,556709,176395.214713,0.176395,64230.297
61099000,"T-shirts, singlets & other vests of other   extiles, nes, knitted or crocheted",PCS,768107,252545.712185,0.252546,91050.132
61101100,"Jerseys,pullovers,cardigans,waistcoats & s  milar articles of wool, knitted or cr",PCS,9602,5562.203488,0.005562,2003.247
61101200,"Jerseys,pullovers,cardigans,waistcoats&sim  lar articles of Kashmir(cashmere) goa",PCS,20,15.09097,0.000015,5.439
61101900,"Other jerseys,pullovers,cardigans,waistcoa  s&similar articles,knitted or crochet",PCS,36306,19292.577673,0.019293,6993.948
61102000,"Jerseys, pullovers, cardigans, waistcoats,  etc, of cotton, knitted or crocheted.",PCS,1939,1265.772887,0.001266,461.604
61103000,"Jerseys, pullovers, cardigans, waistcoats,  etc, of man-made fibres, knitted or c",PCS,75497,44873.804816,0.044874,16000.477
61109000,"Jerseys, pullovers,cardigans, waistcoats,   tc,of other textiles,nes,knitted or c",PCS,9211,5571.663222,0.005572,1979.217
61112000,"Babies' garments & clothing accessories of  cotton, knitted or crocheted.",PCS,162907,30416.065878,0.030416,11063.223
61113000,"Babies' garments & clothing accessories of  synthetic fibres, knitted or crochete",PCS,2549,1087.737157,0.001088,388.375
61119000,"Babies' garments & clothing accessories of  other textiles,nes, knitted or croche",PCS,10428,3462.430242,0.003462,1224.896
61121100,"Track-suits of cotton, knitted or crochete  .",PCS,3099,2940.829338,0.002941,1050.801
61121200,"Track-suits of synthetic fibres, knitted o   crocheted",PCS,3025,4714.41527,0.004714,1678.361
61121900,"Track-suits of other textiles,nes, knitted  or crocheted.",PCS,13478,32807.879819,0.032808,11680.392
61123100,"Men's or boys' swimwear of synthetic fibre  , knitted or crocheted",PCS,18,20.38842,0.00002,4.311
61124100,"Women's or girls' swimwear of synthetic fi  res, knitted or crocheted",PCS,26,11.45084,0.000011,4.289
61124900,"Women's or girls' swimwear of other textil  s,(excl synthetic) knitted or crochet",PCS,420,143.6352,0.000144,51.145
61142000,"Garments of cotton, knitted or crocheted,   es",PCS,2513,230.894491,0.000231,118.846
61143000,"Garments of man-made fibres, knitted or cr  cheted, nes",PCS,76,77.28283,0.000077,27.592
61149000,"Garments of other textiles, knitted or cro  heted, nes",PCS,130,25.648879,0.000026,9.198
61151000,Graduated compression hosiery (for example   stockings for varicose veins),PR,123027,7698.871988,0.007699,2740.892
61152900,Other Panty hose & tights of other textile  materials,PR,4626,635.211698,0.000635,226.708
61159400,Other hosiery of wool or fine animal hair   .,PR,120,209.070863,0.000209,80.002
61159500,Other hosiery of Cotton   .,PR,147832,16262.379372,0.016262,5802.98
61159600,Other hosiery of synthetic fibres   .,PR,2533,349.750061,0.00035,129.193
61159900,"Hosiery and footwear, of other textiles, k  itted or crocheted, nes",PR,812156,30850.611744,0.030851,11031.439
61161000,"Impregnated, coated, covered or laminated with plastics or rubber",PR,267145,9375.693609,0.009376,3341.388
61169100,"Gloves, mittens and mitts, of wool or fine  animal hair, knitted or crocheted",PR,3080,49.982839,0.00005,20.294
61169200,"Gloves, mittens and mitts, of cotton, knit  ed or crocheted",PR,146662,2427.937448,0.002428,890.392
61169300,"Gloves, mittens and mitts, of synthetic fi  res, knitted or crocheted",PR,2222,874.530499,0.000875,312.111
61169900,"Gloves, mittens and mitts, of other textil  s, knitted or crocheted",PR,110098,1435.555864,0.001436,512.756
61171000,"Shawls, scarves, mufflers, mantillas, veil  , etc, knitted or crocheted",PCS,266,399.006102,0.000399,142.471
61178000,"Other clothing accessories, knitted or cro  heted, nes",PCS,2895,481.935406,0.000482,144.861
61179000,"Parts of garments or clothing accessories,  knitted or crocheted",PCS,6,1.93712,0.000002,1.693
62012000,"Men's or boys' coats, capes, cloaks, jackets,etc, Of wool or fine animal hair <>62.03",PCS,680,1270.740499,0.001271,454.279
62013000,"Men's or boys' coats, capes, cloaks, wind jackets, etc, Of cotton other than 62.03",PCS,104,222.275174,0.000222,66.896
62014000,"Men's or boys' coats, capes, cloaks, wind jackets, etc Of man-made fibres <> 62.03",PCS,3240,8870.220833,0.00887,3171.864
62019000,"Men's or boys' coats, capes, cloaks, jackets, etc Of other textile material <> 62.03",PCS,10047,7274.175559,0.007274,2609.738
62022000,"Men's or boys' coats, capes, cloaks, jackets,etc, Of wool or fine animal hair <>62.04",PCS,279,117.345591,0.000117,41.779
62023000,"Men's or boys' coats, capes, cloaks, wind jackets, etc, Of cotton other than 62.04",PCS,10,5.45493,0.000005,2.247
62024000,"Men's or boys' coats, capes, cloaks, wind jackets, etc Of man-made fibres <> 62.04",PCS,309,2587.619151,0.002588,921.383
62029000,"Men's or boys' coats, capes, cloaks, jackets, etc Of other textile material <> 62.04",PCS,3569,2081.614736,0.002082,766.618
62031100,Men's or boys' suits of wool or fine anima   hair,PCS,22,20.03528,0.00002,9.336
62031200,Men's or boys' suits of synthetic fibres  . .,PCS,232,55.081561,0.000055,19.618
62031900,"Men's or boys' suits of other textiles, ne  .",PCS,6885,2923.41501,0.002923,1043.382
62032200,Men's or boys' ensembles of cotton   .,PCS,80638,55568.874052,0.055569,19816.569
62032300,Men's or boys' ensembles of synthetic fibr  s,PCS,1,6.16578,0.000006,2.261
62032900,"Men's or boys' ensembles of other textiles  materials, nes",PCS,2010,1644.278362,0.001644,585.435
62033100,Men's or boys' jackets and blazers of wool  or fine animal hair,PCS,391,173.004921,0.000173,62.016
62033200,Men's or boys' jackets and blazers of cott  n,PCS,14097,16029.077235,0.016029,5717.487
62033300,Men's or boys' jackets and blazers of synt  etic fibres,PCS,131720,106613.035901,0.106613,38225.272
62033900,"Men's or boys' jackets and blazers of othe   textiles materials, nes.",PCS,44712,39315.485422,0.039315,14003.775
62034100,"Men's or boys' trousers, bib&brace overall   breeches&shorts, of wool or fine ani",PCS,1675,778.585375,0.000779,277.179
62034200,"Men's or boys' trousers, bib & brace overa  l, breeches & shorts of cotton",PCS,200768,102888.019732,0.102888,36801.954
62034300,"Men's or boys' trousers, bib & brace overa  l, breeches & shorts of synthetic fib",PCS,6177,4551.837092,0.004552,1618.919
62034900,"Men's or boys' trousers, bib & brace overa  l, breeches & shorts of other textile",PCS,10385,8586.117095,0.008586,3115.054
62041100,Women's or girls' suits of wool or fine an  mal hair.,PCS,32,16.74511,0.000017,5.965
62041200,Women's or girls' suits of cotton   .,PCS,21795,11938.029633,0.011938,4408.27
62041300,Women's or girls' suits of synthetic fibre  .,PCS,113267,76415.414958,0.076415,27446.575
62041900,"Women's or girls' suits of other textiles   aterials, nes",PCS,520388,250749.260003,0.250749,89586.676
62042100,Women's or girls' ensembles of wool or fin   animal hair.,PCS,3396,1041.126586,0.001041,370.646
62042200,Women's or girls' ensembles of cotton   .,PCS,61623,37539.045735,0.037539,13446.771
62042300,Women's or girls' ensembles of synthetic f  bres.,PCS,1858,1434.722924,0.001435,511.715
62042900,"Women's or girls' ensembles of other texti  es materials, nes",PCS,319098,171286.872185,0.171287,61425.878
62043100,Women's or girls' jackets and blazers of w  ol or fine animal hair,PCS,20,26.7215,0.000027,9.579
62043200,Women's or girls' jackets and blazers of c  tton.,PCS,565,231.073128,0.000231,100.958
62043300,Women's or girls' jackets and blazers of s  nthetic fibres,PCS,5848,5396.386825,0.005396,1921.593
62043900,"Women's or girls' jackets and blazers of o  her textiles materials, nes",PCS,5801,4652.414648,0.004652,1729.672
62044100,Women's or girls' dresses of wool or fine   nimal hair,PCS,2,0.10398,0,0.067
62044200,Women's or girls' dresses of cotton   .,PCS,244226,139197.459823,0.139197,50331.357
62044300,Women's or girls' dresses of synthetic fib  es,PCS,16529,6582.248343,0.006582,2347.707
62044400,Women's or girls' dresses of artificial fi  res,PCS,848,1469.201869,0.001469,523.053
62044900,"Women's or girls' dresses of other textile  , nes",PCS,26844,19432.875458,0.019433,7068.736
62045100,Women's or girls' skirts and divided skirt   of wool or fine animal hair.,PCS,15,3.135,0.000003,1.189
62045200,Women's or girls' skirts and divided skirt   of cotton,PCS,4796,666.983914,0.000667,239.34
62045300,Women's or girls' skirts and divided skirt   of synthetic fibres.,PCS,6310,3198.388148,0.003198,1145.192
62045900,"Women's or girls' skirts and divided skirt   of other textiles materials, nes",PCS,10043,4838.214628,0.004838,1735.578
62046100,"Women's or girls' trousers, breeches, etc,  of wool or fine animal hair",PCS,296,93.98223,0.000094,37.283
62046200,"Women's or girls' trousers, breeches, etc,  of cotton",PCS,10977,6867.017777,0.006867,2452.066
62046300,"Women's or girls' trousers, breeches, etc,  of synthetic fibres",PCS,2250,807.134229,0.000807,295.364
62046900,"Women's or girls' trousers, breeches, etc,  of other textiles materials, nes.",PCS,53125,27642.726027,0.027643,10064.659
62052000,Men's or boys' shirts of cotton   .,PCS,148687,75485.682271,0.075486,27068.337
62053000,Men's or boys' shirts of man-made fibres  . .,PCS,150,80.77674,0.000081,28.891
62059000,"Men's or boys' shirts of other textiles ma  erials, nes",PCS,47605,16099.174207,0.016099,5797.43
62061000,"Women's or girls' blouses, shirts, shirt-b  ouse of silk or silk waste",PCS,18602,3180.653912,0.003181,1139.575
62062000,"Women's or girls' blouses, shirts, shirt-b  ouse of wool or fine animal hair.",PCS,37326,13809.972154,0.01381,4939.457
62063000,"Women's or girls' blouses, shirts, shirt-b  ouse of cotton",PCS,42568,19596.138272,0.019596,7071.183
62064000,"Women's or girls' blouses, shirts, shirt-b  ouse of man-made fibres",PCS,11742,2234.602108,0.002235,795.901
62069000,"Women's or girls' blouses, shirts, shirt-b  ouse of other textiles, nes",PCS,89124,27262.801027,0.027263,9980.865
62071100,Men's or boys' underpants and briefs of co  ton,PCS,30334,1735.291976,0.001735,623.372
62071900,"Men's or boys' underpants and briefs of te  tile materials, nes",PCS,39961,4067.572563,0.004068,1451.914
62072100,Men's or boys' nightshirts and pyjamas of   otton,PCS,2319,1618.358597,0.001618,576.21
62072200,Men's or boys' nightshirts and pyjamas of   an-made fibres,PCS,2973,1370.26585,0.00137,487.838
62072900,"Men's or boys' nightshirts and pyjamas of   extile materials, nes",PCS,10563,4507.989783,0.004508,1649.363
62079110,"Men's or boys' singlets dressing gowns,  et , of cotton",PCS,1,0.37638,0,0.071
62079190,Other gowns and similar articles of cotton,PCS,29830,1536.892517,0.001537,547.205
62079990,Other gown and similar articles of other textile materials,PCS,2439,631.23401,0.000631,271.174
62081100,Women's or girls' slips and petticoats of   an-made fibres,PCS,21401,1193.894989,0.001194,425.034
62081900,"Women's or girls' slips and petticoats of   ther textiles materials, nes.",PCS,99549,28657.620594,0.028658,10263.217
62082100,Women's or girls' nightdresses and pyjamas  of cotton,PCS,71938,8224.103801,0.008224,2930.321
62082200,Women's or girls' nightdresses and pyjamas  of man-made fibres,PCS,402,284.479328,0.000284,102.331
62082900,"Women's or girls' nightdresses and pyjamas  of textile materials, nes",PCS,204356,91946.424499,0.091946,33860.516
62089190,Other gowns and similar articles of cotton,PCS,1014,977.340348,0.000977,347.942
62089290,Other gowns and similar articles of man made fibre,PCS,1550,824.733297,0.000825,293.673
62089910,Gowns of other textiles materials use for medical and surgical purposes,PCS,4560,525.974875,0.000526,98.164
62089990,"Women's or girls' dressing gowns, panties,  etc, of other textiles, nes",PCS,984855,49023.314068,0.049023,17496.44
62092000,Babies' garments and clothing accessories   f cotton.,PCS,45941,11457.540037,0.011458,4111.149
62093000,Babies' garments and clothing accessories   f synthetic fibres,PCS,715382,227260.737846,0.227261,82108.27
62099000,"Babies' garments and clothing accessories   f other textiles, nes",PCS,331686,73430.184643,0.07343,26716.253
62101010,Garments use in medical & surgical purposes made of fabric of heading 5602 or 5603,PCS,119862,1595.938808,0.001596,297.921
62101090,"Garments, made up of fabrics of 5602 or 5 6 3",PCS,858,159.259089,0.000159,56.783
62102010,Other garments use in medical & surgical purpose of heading 62.01,PCS,12,65.11915,0.000065,12.212
62102090,Other garments of the type described in heading 62.01,PCS,311,2930.552559,0.002931,1063.166
62103090,Â  Other garments type described in heading 62.02,PCS,154830,2720.762359,0.002721,968.677
62104010,Other men's or boy's garments used for medical & surgical purposes,PCS,681,1016.608247,0.001017,189.672
62104090,"Other men's or boys' garments made up of f  brics of 5903, 5906 or 5907",PCS,17786,7781.934684,0.007782,2786.182
62105090,"Other women's or girls' garments made up o   fabrics of 5903, 5906 or 5907",PCS,74370,42586.906648,0.042587,15193.124
62111100,Men's or boys' swimwear   .,PCS,766,133.928136,0.000134,89.371
62111200,Women's or girls' swimwear   .,PCS,434,193.399032,0.000193,68.939
62112000,Ski suits  . .,PCS,71,36.88576,0.000037,13.266
62113220,Lungi and dhoti men's or boys'  of cotton,PCS,55061,9546.78696,0.009547,2402.575
62113290,"Other garments, men's or boys of cotton   .",PCS,978,246.686302,0.000247,88.186
62113310,Aprons of man made fibre use for medical surgical purposes,PCS,10,1.55949,0.000002,0.291
62113320,Lungi and dhoti mens' or boys' Of man-made fibres,PCS,2422,265.326971,0.000265,64.61
62113390,Men's or boys' garments of man-made fibres   nes.,PCS,8948,5018.764208,0.005019,1907.703
62113990,"Men's or boys' garments of other textiles   aterials, nes",PCS,1783,157.644109,0.000158,57.777
62114210,"Aprons of cottons use for medical and surgical purpose, for women's or girl's",PCS,4525,144.942595,0.000145,64.19
62114220,"Saree, Lungi & Dhoti women's or girls' of cotton",PCS,423874,148014.268975,0.148014,36312.797
62114290,"Other garments, women's or girls of cotton  .",PCS,36339,44665.257936,0.044665,15902.589
62114310,Apron of man made fibres (Use of Medical & Surgical Purpose),PCS,26,544.107114,0.000544,101.549
62114320,"Saree, lungi & dhoti women's or girls' or manmade fibres",PCS,648908,328261.152776,0.328261,80619.271
62114390,"Other garments, women's or girls of manmad   fibres",PCS,4280,5432.801028,0.005433,1956.606
62114910,Apron of other textile materials,PCS,165,983.5377,0.000984,183.497
62114990,Other garments of other textiles material,PCS,48067,17106.396289,0.017106,4600.222
62121000,Brassieres   .,PCS,836775,44726.360465,0.044726,16043.093
62122000,Girdles and panty-girdles   .,PCS,179541,8084.225471,0.008084,2920.344
62129010,"Belt, knee cap, anklet, wrist band, waist band & similar articles",PCS,88263,12166.981857,0.012167,2284.055
62129090,"Corsets, braces, garters, suspenders and s  milar articles",PCS,167684,1782.499353,0.001782,635.677
62132000,Handkerchiefs of cotton   .,PCS,128214,1377.982184,0.001378,492.204
62139000,"Handkerchiefs of other textiles, nes  . .",PCS,220170,2969.788017,0.00297,1059.61
62141000,"Shawls, scarves, mufflers, mantillas, veil  , etc, of silk or silk waste.",PCS,106681,12557.157742,0.012557,4543.754
62142000,"Shawls, scarves, mufflers, mantillas, veil  , etc, of wool or fine animal hair",PCS,1638,360.642638,0.000361,131.996
62143000,"Shawls, scarves, mufflers, mantillas, veil  , etc, of synthetic fibres",PCS,88,28.61152,0.000029,10.899
62144000,"Shawls, scarves, mufflers, mantillas, veil  , etc, of artificial fibres",PCS,116444,18480.264577,0.01848,6579.191
62149000,"Shawls, scarves, mufflers, mantillas, veil  , etc, of other textiles materials, n",PCS,477372,28709.629308,0.02871,10367.58
62151000,"Ties, bow ties and cravats of silk or silk  waste",PCS,3720,131.736292,0.000132,51.3
62152000,"Ties, bow ties and cravats of man-made fib  es",PCS,417,11.1514,0.000011,4.585
62159000,"Ties, bow ties and cravats of other textil  s materials, nes.",PCS,12739,323.545236,0.000324,117.235
62160000,"Gloves, mittens and mitts   .",PCS,485047,21111.29443,0.021111,7608.947
62171000,"Other made up clothing accessories, nes",PCS,39153,968.662666,0.000969,310.481
62179000,"Parts of garments or of clothing accessori  s, other than those of heading 6212,",PCS,31619,469.760529,0.00047,142.815
63011000,Electric blankets   .,PCS,8,22.9178,0.000023,8.164
63012000,"Blankets (excl electric blankets) and tra v lling rugs, of wool or fine animal ha",PCS,2622,1230.037497,0.00123,368.673
63013000,"Blankets (excl electric blankets) and tra v lling rugs, of cotton",PCS,678,391.205231,0.000391,229.098
63014000,Blankets (excl electric blankets) & trave l ing rugs of synthetic fibres.,PCS,76860,25332.508106,0.025333,7587.935
63019000,"Other blankets and travelling rugs, nes   .",PCS,24877,9215.382827,0.009215,3469.613
63021010,"Pillow cover, knitted or crocheted",PCS,1703,636.739815,0.000637,190.618
63021090,"Bed linen, knitted or crocheted",PCS,3664,1283.962184,0.001284,388.411
63022110,"Pillow cover, Printed of cotton (excl knitted or crocheted).",PCS,1440,457.309212,0.000457,139.701
63022190,"Bed linen, printed of cotton (excl knitted or crocheted).",PCS,19231,7002.212305,0.007002,2109.89
63022210,"Pillow cover, man-made fibres(excl knitted or crocheted & printed).",PCS,42,6.94561,0.000007,5.119
63022290,"Bed linen, man-made fibres (excl knitted or crocheted & printed).",PCS,212,95.364144,0.000095,28.632
63022910,"Pillow cover, of other textile materials (excl knitted or crocheted & printed)",PCS,313,101.026609,0.000101,30.262
63022990,"Bed linen, of other textile materials (excl knitted or crocheted & printed).",PCS,7833,2264.919007,0.002265,682.121
63023110,"Other Pillow cover, Printed of cotton (excl knitted or crocheted).",PCS,59,14.81084,0.000015,5.157
63023190,"Other Bed linen, printed of cotton (excl knitted or crocheted).",PCS,356,402.718504,0.000403,120.025
63023290,"Other Bed linen, man-made fibres (excl knitted or crocheted & printed).",PCS,83,73.118891,0.000073,21.902
63023910,"Other Pillow cover, of other textile materials (excl knitted or crocheted & printed)",PCS,1,1.01635,0.000001,0.306
63023990,"Other Bed linen, of other textile materials (excl knitted or crocheted & printed).",PCS,2322,1341.899969,0.001342,401.903
63024000,"Table linen, knitted or crocheted   .",PCS,300,110.984152,0.000111,34.004
63025100,Other Table linen of cotton (excl knitted or crocheted),PCS,377,54.150179,0.000054,17.443
63025300,Other Table linen of man-made fibres (excl knitted or crocheted),PCS,642,252.96054,0.000253,115.374
63025900,"Other Table linen of other textiles, nes (excl  knitted or crocheted)",PCS,589,227.262605,0.000227,68.136
63026000,"Toilet linen and kitchen linen, of terry f  brics, of cotton.",PCS,71540,17006.820102,0.017007,5151.798
63029100,"Toilet linen and kitchen linen of cotton,   es",PCS,33714,3450.51867,0.003451,1066.144
63029300,"Toilet linen and kitchen linen of man-made  fibres, nes",PCS,69669,2877.06823,0.002877,889.415
63029900,"Toilet linen and kitchen linen of other te  tiles materials, nes.",PCS,25468,1143.697146,0.001144,379.975
63031200,"Curtains, interior blinds, bed, valances o   synthetic fibres, knitted or crochet",PCS,20868,6154.368752,0.006154,1949.285
63031900,"Curtains, interior blinds, bed, valances o   textile materials, knitted or croche",PCS,2563,668.98031,0.000669,202.498
63039100,Curtains and interior blinds; curtain or b  d valances of cotton,PCS,2511,206.189824,0.000206,64.641
63039200,Curtains and interior blinds; curtain/bed   alances of synthetic fibres,PCS,531,40.36591,0.00004,12.212
63039900,Curtains and interior blinds; curtain/bed   alances of other textiles materials,PCS,3938,1151.126768,0.001151,353.496
63041100,Knitted or crocheted bedspreads   .,PCS,3224,190.301369,0.00019,57.17
63041900,Bedspreads (excl knitted or crocheted)   .,PCS,44683,15277.622036,0.015278,4746.11
63042000,"Bed nets, of warp knit fabrics",PCS,3590,573.336002,0.000573,217.684
63049100,"Knitted or crocheted furnishing articles,   es",PCS,1052,126.379592,0.000126,37.869
63049210,Cushion cover of cottion not knitted or croacheted,PCS,135,89.187147,0.000089,26.717
63049290,Others of cotton not kintted or croacheted,PCS,11661,2413.807404,0.002414,723.277
63049310,Cushion cover of synthetic fibre,PCS,3,2.40225,0.000002,0.721
63049390,Other of synthetic fibre,PCS,610,114.62966,0.000115,34.345
63049910,Cushion cover of other textile materials,PCS,2574,257.326743,0.000257,81.529
63049990,Others of other textile materials,PCS,21795,2384.67597,0.002385,756.226
63051000,Sacks and bags of jute,Kg,71,0.91898,0.000001,0.276
63052000,"Sacks and bags, used for packing goods, of  cotton",Kg,271.56,52.56195,0.000053,15.878
63053200,"Flexible intermediate bulk containers, of   an-made textile materials",Kg,170,440.649313,0.000441,132.041
63053300,"Sacks and bags,used for packing goods, of   olyethylene or polypropylene strip",Kg,167925.54,51261.898846,0.051262,18683.964
63053900,"Sacks and bags, used for packing goods, of  man-made textile fibres, nes.",Kg,29.11,290.925614,0.000291,87.138
63059000,"Sacks and bags, used for packing goods, of  other textiles, nes",Kg,1159.149988,408.495308,0.000408,132.144
63061200,"Tarpaulins, awnings and sunblinds, of synt  etic fibres",PCS,253,952.977606,0.000953,447.015
63061900,"Tarpaulins, awnings and sunblinds, of othe   textiles materials, nes.",PCS,1324,285.138662,0.000285,173.012
63062200,Tents of synthetic fibres   .,PCS,345,658.720386,0.000659,309.15
63062900,"Tents of other textiles, (excl cotton or  synthetic fibres)",PCS,2705,3552.418138,0.003552,1405.633
63064000,Pneumitic mattresses  .,PCS,91,1086.369297,0.001086,509.581
63069000,Other tents,PCS,1244,335.103972,0.000335,157.169
63071000,"Floor-cloths, dish-cloths, dusters and sim  lar cleaning cloths.",PCS,472711,5642.494728,0.005642,1383.023
63072000,Life-jackets and life-belts   .,PCS,7769,3843.645862,0.003844,934.228
63079010,"Cloth, cut into triangular shape in the fo  m to cover umbrella ribs.",PCS,9696,655.746523,0.000656,170.712
63079020,Face mask,PCS,177617,734.701341,0.000735,181.09
63079090,Others made up textile article,PCS,71897,5676.141412,0.005676,1379.711
63080000,"Sets of woven fabric & yarn, for making up  into rugs, tapestries, embroidered et",Kg,21.02,32.65271,0.000033,9.852
63090000,Worn clothing and other worn articles,Kg,34183.809969,21826.501873,0.021827,5771.83
63109000,"Other Used or new rags,scrap twine,cordage,rope& cable&worn out article of twine etc,",Kg,15,41.991699,0.000042,21.056
64011000,Waterproof footwear incorporating a protective metal toe-cap,PAIR,1061,787.909093,0.000788,450.753
64019200,Waterproof footwear covering the ankle but not the knee,PAIR,9,1.5893,0.000002,1.274
64019900,Other waterproof footwear (not covering the ankle),PAIR,1201,257.175961,0.000257,147.109
64021200,"Ski-boots, cross-country ski footwear and snowboard boots, of rubber or plastics",PAIR,1896,1123.24498,0.001123,642.453
64021900,"Sport footwear, nes, of rubber or plastics",PAIR,37233,63521.345372,0.063521,36390.398
64022000,"Footwear with upper straps or thongs plugged into soles, of rubber or plastics",PAIR,14759,2760.484872,0.00276,1796.289
64029100,"Other footwear, covering the ankle of rubber or plastics",PAIR,54909,8330.651789,0.008331,4778.95
64029900,"Other footwear, nes, not covering the ankle, of rubber or plastics",PAIR,391981,155888.395395,0.155888,90947.254
64031900,"Sports footwear, with rubber, plastics, leathersoles, leather uppers",PAIR,3906,1424.830302,0.001425,914.645
64032000,"Sandles, with leather soles and straps (over instep, around big toe)",PAIR,1108,1174.67263,0.001175,672.076
64034000,"Other footwear, incorporating a protective metal toe-cap",PAIR,4040,4587.810887,0.004588,2649.179
64035100,"Footwear with leather soles and uppers, covering the ankle",PAIR,635,1020.570584,0.001021,586.056
64035900,"Footwear with leather soles and uppers, not covering the ankle",PAIR,5006,818.008488,0.000818,474.926
64039100,"Footwear with rubber soles and leather uppers, covering the ankle",PAIR,460,1280.911929,0.001281,715.405
64039900,"Footwear with rubber soles, leather uppers  not covering the ankle",PAIR,3299,6012.942636,0.006013,3534.845
64041110,Canvas shoes having the upper parts of  cotton,PAIR,57,13.26632,0.000013,7.424
64041190,Sport footwear Having the upper parts of other fabrics,PAIR,5650,4705.289367,0.004705,2710.056
64041900,"Sports footwear, with rubber or plastic soles and textile uppers",PAIR,172368,70312.068763,0.070312,40569.172
64042000,Footwear with outer soles of leather or composition leather,PAIR,1454,333.382809,0.000333,190.857
64051000,"Footwear, nes, with leather or composition leather uppers",PAIR,10387,5415.712132,0.005416,3782.277
64052091,Footwear of felt (Jamoth),PAIR,125,326.21948,0.000326,186.611
64059000,"Footwear, nes",PAIR,166824,79679.053494,0.079679,45835.369
64061000,"Uppers & parts of footwear, other than stiffeners",PR,1187970,151768.773669,0.151769,36249.146
64062000,Outer soles and heels of rubber and plastics,PR,1496861,136083.574672,0.136084,40195.529
64069000,Other shoe parts,PR,1020631,35822.49609,0.035822,7977.904
65010000,"Hat-forms, hat bodies and hoods of felt; p  ateaux and manchons of felt",PCS,776,75.49333,0.000075,22.681
65020000,"Hat-shapes, plaited or made by assembling   trips of any material",PCS,221,15.83448,0.000016,4.744
65040000,"Hats and other headgear, plaited or assemb  ed by strips of any material.",PCS,11246,417.406246,0.000417,152.262
65050011,Disposable hairnets used for surgical or medical purpose,Kg,193.490002,83.499012,0.000083,15.639
65050019,Other hair nets,Kg,4810.23,1908.902858,0.001909,421.433
65050021,Cap of felt (Jamoth),PCS,40,0.96,0.000001,0.288
65050029,Cap of other,PCS,2036,550.043887,0.00055,167.649
65050030,Sun cap,PCS,19914,3181.55664,0.003182,995.97
65050090,Other cap,PCS,262321,36492.521448,0.036493,11107.611
65061000,Safety headgear,PCS,51410,60348.798743,0.060349,21488.854
65069100,"Other headgear, of rubber or plastics",PCS,14027,1191.904324,0.001192,321.605
65069900,"Other headgear of other materials, nes",PCS,44447,2467.645726,0.002468,922.177
65070000,"Head-bands, linings, covers, hat foundations, etc, for headgear.",Kg,5885.381011,6034.145914,0.006034,1419.2
66011000,Garden or similar umbrellas   .,PCS,4438,3609.464652,0.003609,1796.106
66019100,"Umbrellas and sun umbrellas, having a telescopic shaft",PCS,1145,379.557713,0.00038,115.549
66019900,"Umbrellas and sun umbrellas, nes",PCS,63982,10545.176452,0.010545,3160.512
66020010,White cane to be used by people with visual impairement,PCS,146,32.63518,0.000033,0
66020090,"Walking-sticks, seat-sticks, whips, riding  crops and the like",PCS,6280,2819.117162,0.002819,525.963
66032000,"Umbrella frames, including frames mounted   n shafts (sticks)",Kg,5,1.2812,0.000001,0.241
66039000,"Parts, trimmings and accessories of articl  s of 6601 or 6602, nes",Kg,2315,319.554051,0.00032,59.732
67010000,"Skins & other parts of birds with other fe  thers or down, feathers, etc.",Kg,10,4.8045,0.000005,0.897
67029010,"Artificial flowers, foliage, etc and artic  es thereof of other materials",Kg,510,182.78055,0.000183,90.154
67029090,"Artificial flowers, foliage, etc and artic  es thereof of other materials",Kg,294.1,90.640021,0.000091,45.122
67030000,"Human hair, dressed, etc; animal hair and   ther textile materials for wigs",Kg,66.42,5874.449867,0.005874,916.617
67041100,Complete wigs of synthetic textile materia  s,Kg,231.599,1450.517827,0.001451,60.828
67041900,"False beards, eyebrows and eyelashes, etc,  of synthetic fibres.",Kg,62.41,1699.585826,0.0017,296.216
67042000,"Wigs, false beards, eyebrows, etc and arti  les, nes, of human hair",Kg,174.2,112.071192,0.000112,44.239
67049000,"Wigs, false beards, eyebrows, etc, nes of   ther materials",Kg,98.099,124.664828,0.000125,44.495
68010000,"Setts, curbstones and flagstones, of natur  l stone (except slate)",Kg,650,202.942062,0.000203,49.316
68021000,"Tiles, cubes and similar articles, whether or not rectangular (including square), the",Kg,1834.92,216.072739,0.000216,149.303
68022100,"Marble, travertine, alabaster, cut/sawn, w  th flat/even surface",Kg,145201.14,3248.54676,0.003249,2244.38
68022300,"Granite, cut/sawn, with flat/even surface",Kg,1369970,34904.041929,0.034904,24239.639
68022900,"Monumental/building stone, nes, cut/sawn,   ith flat/even surface",Kg,1275,94.38512,0.000094,65.259
68029100,"Marble, travertine and alabaster, worked  .",Kg,2904,282.53808,0.000283,201.944
68029300,Worked granite,Kg,162580,3671.741406,0.003672,2531.392
68029900,"Monumental/building stone, nes, worked",Kg,3734,306.802991,0.000307,211.642
68030000,Worked slate and articles of slate or of a  glomerated slate,Kg,300,35.873602,0.000036,8.784
68041000,"Millstones and grindstones for milling, gr  nding or pulping",Kg,188358.100006,6232.225158,0.006232,1513.897
68042100,"Millstones, grindstones, etc, of agglomera  ed synthetic or natural diamond",Kg,2438.820009,3633.656303,0.003634,803.213
68042200,"Millstones, grindstones, etc, of other agg  omerated abrasives or of ceramics",Kg,74536.357985,39038.448876,0.039038,9372.841
68042300,"Millstones, grindstones, grinding wheels &  the like of natural stone",Kg,1017,479.34456,0.000479,116.488
68043000,Hand sharpening or polishing stones   .,Kg,6899.09,1511.057538,0.001511,363.246
68051000,"Natural or artificial abrasive powder/grai  , on  a base of woven textile fabric",Kg,19075.520012,8875.743375,0.008876,2612.21
68052000,"Natural or artificial abrasive powder/grai  , on paper/paperboard",Kg,29769.2553,9355.554135,0.009356,2639.914
68053000,"Natural or artificial abrasive powder/grai  , on a base of materials, nes",Kg,12651.91286,4151.908526,0.004152,1105.809
68061000,"Slag wool, rock wool, etc (incl intermixt u es) in bulk, sheets or rolls.",Kg,25872,3497.079662,0.003497,810.58
68062000,"Exfoliated vermiculite, expanded clays, et   (incl intermixtures)",Kg,4839,652.9625,0.000653,158.869
68069000,Mixtures and articles of heat/sound-insula  ing materials,Kg,51986.601562,13354.400656,0.013354,3111.555
68071000,Articles of asphalt or of similar material   in rolls,Kg,3602,775.627914,0.000776,232.433
68079000,Articles of asphalt or of similar material  (excl in rolls).,Kg,400,27.235119,0.000027,8.158
68091100,"Boards, sheets, tiles, of plaster, r einfor ed with paper or paperboard only.",SQM,397308.567757,85833.613133,0.085834,28599.034
68091900,"Boards, sheets, tiles, of plaster or co mpo itions based on plaster, nes.",SQM,25914.630371,4981.234375,0.004981,2139.259
68099000,"Articles of plaster or compositions based   n plaster, nes",Kg,491,131.064,0.000131,56.355
68101110,Autoclaved aerated concrete blocks (A.A.C. block),PCS,514,21.55711,0.000022,9.402
68101190,Other Building blocks and bricks,PCS,2247,6720.148145,0.00672,2886.177
68101910,Unfried modified clay material (M.C.M.) travertine,SQM,0.4,0.9978,0.000001,0.69
68101990,"Flagstones and similar articles of cement,  concrete or artificial stone.",PCS,565,97.13543,0.000097,39.538
68109100,"Prefabricated structural components for bu  lding, etc, of cement",Kg,5.5,12.07471,0.000012,4.437
68109900,"Articles of cement, concrete or artificial  stone, nes",Kg,79225,2939.72116,0.00294,663.609
68118100,Corrugated sheets not containing asbestos,Kg,205570.099609,5986.494119,0.005986,1901.55
68118200,"Other sheets, panels, tiles and similar ar  icles, not containing asbestos",Kg,2626433.019923,70226.397602,0.070226,22666.487
68118900,"Other articles, not containing asbestos",Kg,2,0.61,0.000001,0.068
68132010,Break Lining and Pads containing asbestos,PCS,2760,2736.877472,0.002737,871.541
68138100,"Brake linings and pads, not containing asbestos",PCS,75922,35046.707732,0.035047,11826.409
68138900,"Othe friction material & article, not containing asbestos",PCS,326,1152.755556,0.001153,423.55
68141000,"Plates, sheets and strips of agglomerated   r reconstituted mica",Kg,208.91,126.338253,0.000126,37.906
68149000,"Worked mica and articles of mica, nes",Kg,32.5,16.25203,0.000016,5.745
68151100,Carbon fibres,Kg,1530,4579.154,0.004579,1371.523
68151200,Fabrics of carbon fibres,Kg,2330,9578.235406,0.009578,2800.322
68151900,Other carbon fibres,Kg,536.199997,752.612998,0.000753,225.478
68159100,"Containing magnesite, magnesia in the form of periclase, dolomite including in the fo",Kg,200,17.6165,0.000018,5.342
68159900,"Articles of stone or other mineral substan  es, nes.",Kg,106812.419965,4577.53156,0.004578,1219.621
69021000,"Refractory bricks, blocks, tiles, >50%  MgO  CaO, Cr2O3",Kg,88362.32,12560.951801,0.012561,2500.043
69022000,"Refractory bricks, blocks, >50% silica  (Si 3) or alumina (Al2O3)",Kg,636861.669922,41055.358055,0.041055,8198.071
69029000,"Refractory bricks, blocks, tiles, etc, nes",Kg,204162.05,7103.692156,0.007104,1526.453
69031000,"Containing, by weight, more than 50 % of free carbon",Kg,9500,2410.744639,0.002411,93.116
69032000,"Refractory ceramic goods, nes, >50% of alu  ina (Al2O3) or silica (SiO2).",Kg,47193.799805,12499.090995,0.012499,2628.193
69039000,"Other refractory ceramic goods, nes",Kg,173103.23,9709.224051,0.009709,2020.846
69049000,"Ceramic flooring blocks, support or filler  tiles and the like",Kg,3,1.20113,0.000001,0.565
69051000,Ceramic roofing tiles,Kg,304976.6,6777.092879,0.006777,1749.139
69072100,Of a water absorption coefficient by weight not exceeding 0.5 %,SQM,14364.789927,13047.672059,0.013048,8996.015
69072200,Of a water absorption coefficient by weight exceeding 0.5 % but not exceeding 10 %,SQM,1297.639997,828.872416,0.000829,571.458
69072300,Of a water absorption coefficient by weight exceeding 10 %,SQM,40191.769847,15928.540777,0.015929,10981.538
69073000,"Mosaic cubes and the like, other than those of subheading 6907.40",SQM,529.448994,1239.487301,0.001239,854.513
69074000,Finishing Ceramics,SQM,150233.922809,86062.95758,0.086063,59334.547
69091100,"Ceramic wares for laboratory use, of po rce ain or china",PCS,1221,54.20904,0.000054,16.243
69091200,"Ceramic wares for laboratory use, havin g a hardness >=9 on the Mohs scale",PCS,54,8491.249,0.008491,2543.195
69091900,Ceramic wares for laboratory use(exclp orce ain or china)having a hardness <9,PCS,1511,387.4291,0.000387,116.173
69099000,"Ceramic (agricultural) troughs, tubs; c era ic pot, jars, nes",PCS,11,4.43866,0.000004,1.374
69101000,"Ceramic sinks, wash basin, and other sa nit ry fixtures, of porcelain or china",PCS,77352,144806.394197,0.144806,51627.672
69109000,"Ceramic sinks, wash basins, baths and o the  sanitary fixtures, nes",PCS,15721,63685.238162,0.063685,22705.74
69111000,"Tableware and kitchenware, of porcelain or  china",PCS,219294,16417.955667,0.016418,5883.451
69119000,"Household and toilet articles, nes, of por  elain or china",PCS,638,35.11341,0.000035,12.512
69120000,"Ceramic tableware, kitchenware, other hous  hold articles (excl porcelain or chin",PCS,48965,2515.69551,0.002516,898.787
69131000,Statuettes and other ornamental ceramic ar  icles of porcelain or china,PCS,12895,2123.464487,0.002123,838.821
69139000,Statuettes and other ornamental articles (  xcl porcelain or china),PCS,14294,982.891668,0.000983,360.424
69141000,"Ceramic articles, nes, of porcelain or chi  a",PCS,1787,116.261218,0.000116,43.88
69149000,"Ceramic articles, nes (excl porcelain or  c ina).",PCS,12966,7247.305662,0.007247,2559.183
70010000,"Cullet and other waste and scrap of glass, excluding glass from cathode ray tubes or",Kg,45,5.58495,0.000006,1.36
70021000,"Balls of glass, unworked  .",Kg,10,4.27364,0.000004,1.04
70031200,"Non-wired unworked sheets of cast/rolled g  ass, coloured, opacified, flashed or",SQM,1803.950012,1011.477195,0.001011,548.751
70031900,"Non-wired unworked sheets of cast/rolled g  ass, nes",SQM,878.95002,456.129026,0.000456,247.439
70032000,Wired unworked sheets of cast/rolled glass,SQM,3,0.7314,0.000001,0.398
70042000,"Unworked drawn/blown glass, coloured, opac  fied,flashed or with absorbant lay",SQM,53.5,130.730711,0.000131,71.055
70049000,"Unworked drawn/blown glass (excl coloured , opacified, etc), nes.",SQM,44666.951823,11361.901424,0.011362,6163.681
70051000,"Non-wired unworked sheets of float/ground/  olished glass, with absorbant layer",SQM,213588.943567,150307.609623,0.150308,81541.237
70052100,"Non-wired unworked sheets of float/ground/  olished glass, coloured",SQM,20917.569946,18675.14675,0.018675,9633.986
70052900,"Non-wired unworked sheets of float/ground/  olished glass, nes",SQM,172395.130481,130876.732738,0.130877,65159.527
70053000,Wired unworked sheets of float/ground/poli  hed glass.,SQM,19,8.29505,0.000008,4.502
70060000,"Glass of 7003, 7004 or 7005, bent, edge -wo ked, engraved, etc",Kg,1258.72,844.675145,0.000845,458.368
70071100,"Toughened (tempered) safety glass for use   n vehicles, aircraft, etc",Kg,10243.040789,6405.860028,0.006406,3475.654
70071900,"Toughened (tempered) safety glass, nes",SQM,2275.965117,3417.145441,0.003417,1856.076
70072100,"Laminated safety glass for vehicles, aircr  ft, spacecraft or vessels",Kg,15058.656992,6826.66477,0.006827,3713.081
70072900,"Laminated safety glass, nes",SQM,92994.146975,2730.382683,0.00273,1933.286
70080000,Multiple-walled insulating units of glass,PCS,2025,2190.601955,0.002191,1188.518
70091000,"Rear-view mirrors for vehicles, of glass  . .",PCS,68026,16028.391265,0.016028,8815.433
70099100,Unframed glass mirrors (excl rear-view fo r vehicles),PCS,31981,35398.741196,0.035399,19394.553
70099200,Framed glass mirrors (excl rear-view for  v hicles),PCS,30651,3606.753027,0.003607,2062.181
70101000,Glass ampoules,GRO,7,2.67809,0.000003,0.443
70102000,"Stoppers, lids and other closures of glass",GRO,40,6.71431,0.000007,5.608
70109000,"Carboys, bottles, flasks, jar, pot, phials  etc of glass, nes",GRO,547911.908347,252326.550314,0.252327,66915.883
70111000,"Open glass envelopes (incl bulbs and tube s , for electric lighting",PCS,202200,579.509453,0.00058,114.695
70131000,"Glass-ceramic objects, used for table, kitchen, toilet, office, indoor decoration",PCS,18300,1347.254643,0.001347,475.644
70132800,"Other stemware drinking glases, other than  of glass - ceramics.",PCS,429465,15248.876012,0.015249,5586.11
70133300,"Other drinking glasses, other than of glas   ceramic of lead crystal.",PCS,808,133.260889,0.000133,47.443
70133700,"Other drinking glasses, other than of glas   ceramics",PCS,365681,29289.089825,0.029289,10431.315
70134100,Glassware of a kind used for tableor kitch  n purpose of lead crystal,PCS,14,0.52002,0.000001,0.809
70134200,Glassware for table of glass having a line  r coefficient of expansion<=5x10-6 pe,PCS,786,284.600942,0.000285,101.349
70134900,Other - glassware of a kind used for table,PCS,442225,24832.029208,0.024832,8835.686
70139100,"Glassware for toilet, office, indoor decor  tions, etc, of lead crystal",PCS,6,10.23591,0.00001,3.645
70139900,"Other -  glassware, nes",PCS,39447,3259.723509,0.00326,1167.743
70140000,"Signalling glassware and optical elements   f glass, not optically worked",PCS,5,0.51801,0.000001,0.097
70151000,"Glasses for corrective spectacles, not opt  cally worked",PCS,967,27.67908,0.000028,5.232
70159000,"Clock or watch glasses, glass for non-corr  ctive spectacles, etc, now",PCS,47,180.965077,0.000181,33.761
70161000,"Glass cubes and other glass smallwares, fo   decorative purposes",PCS,12680,1289.428538,0.001289,386.393
70169000,"Paving blocks, slabs, briks,tilesof gla ss, for building or construction purpos",PCS,12626,2442.137299,0.002442,731.696
70171000,"Laboratory, hygienic or pharmaceutical gla  sware, of fused quartz or other fused",Kg,19.200001,9.52437,0.00001,1.24
70179000,"Laboratory, hygienic or pharmaceutical gla  sware, nes",Kg,15546.464999,9107.653072,0.009108,1699.633
70181010,"Bangles,tika ,tikuli & beds",GRO,273260.222124,58448.611994,0.058449,7612.914
70181020,Glass beads (Pote),Kg,68008.15,34190.995504,0.034191,10287.136
70181090,other glass smallwares,Kg,15523.95,2032.968708,0.002033,622.601
70182000,Glass microspheres =<1mm in diameter  .,Kg,1,0.3203,0,0.098
70189010,Glass statuette and ornamental articles,PCS,4093,111.824278,0.000112,39.825
70189090,"Glass statuettes and other ornaments of la  p-worked glass,  nes",Kg,1077.5,306.430122,0.000306,111.293
70191200,Rovings,Kg,10000,674.8275,0.000675,163.984
70191500,Chemically bonded mats,Kg,20333.159576,4077.301427,0.004077,899.633
70191900,"Other Slivers, rovings, yarn and chopped strands and mats thereof",Kg,1079,491.284594,0.000491,104.325
70196100,losed woven fabrics of rovings,Kg,204,32.49241,0.000032,6.428
70196900,Other Mechanically bonded fabrics,Kg,50,33.804461,0.000034,8.281
70198000,Glass wool and articles of glass wool,Kg,1802.400002,688.745602,0.000689,167.559
70199000,Other Chemically bonded fabrics,Kg,3261.099997,1351.93813,0.001352,322.96
70200000,"Other articles of glass, nes  .",PCS,12384,1038.331913,0.001038,370.222
71011000,"Natural pearls (excl strung, mounted or s e )",Kg,0.8,657.338375,0.000657,92.948
71012200,"Worked cultured pearls, (excl strung, mou n ed or set)",Kg,30,704.29275,0.000704,99.517
71023900,"Other non-industrial diamonds, not mounted  or set, nes",CAR,4720.210014,239925.439638,0.239925,33902.568
71031000,"Precious(excldiamonds)or semi-precious stones,unworked or simply sawn or roughly",Kg,51.1,42.700279,0.000043,9.552
71039900,"Precious or semi-precious stones, worked but not set, nes",CAR,80,116.041763,0.000116,21.783
71042100,Diamonds unworked or simply sawn or roughly shaped,CAR,301.500001,6562.997882,0.006563,927.461
71049100,Diamonds (excel unworked or simply sawn or roughly shaped),Kg,0.36,0.77982,0.000001,0.146
71061000,Powder of silver,GRM,1735000,496010.931,0.496011,99202.706
71069100,Unwrought silver (incl silver plated with   old or platinum),GRM,1283142.942005,372114.790887,0.372115,74424.008
71069200,Silver,GRM,10250.085,303.259432,0.000303,60.719
71081200,"Other unwrought gold (incl gold plated wi t  platinum), non-monetary.",GRM,1550.420005,32656.660113,0.032657,6550.028
71081300,Gold,GRM,50000,1012654.784,1.012655,202531.08
71131100,Articles of jewellery and parts thereof of silver,GRM,9600.599609,1779.881719,0.00178,179.623
71131910,"Jewellery of Gold, including parts",GRM,4504.131785,95419.698789,0.09542,10698.614
71131990,"Jewellery of other precious metal, including parts",GRM,1,1.6015,0.000002,0.481
71132000,Articles of jewellery & parts thereof of b  se metal clad with precious metal,GRM,1,2.40225,0.000002,0.721
71141100,Articles of goldsmiths' or silversmiths' w  res of silver,GRM,200,2.35478,0.000002,0
71159000,Articles of metal clad with precious metal   nes,GRM,39001,108.397829,0.000108,26.346
71162000,Articles of precious or semi-precious ston  s (excl pearls).,GRM,444407.75,229.80443,0.00023,56.777
71171100,Cuff-links and studs of base metal (incl  p ated),Kg,4.55,6.1248,0.000006,2.261
71171900,"Imitation jewellery of base metal (incl p l ted), nes",Kg,64903.882051,51490.499555,0.05149,19869.886
71179000,Imitation jewellery (excl of base metal)  n s,Kg,8428.881998,10148.187748,0.010148,3876.116
72011000,"Non-alloy pig iron containing, =<05% phos p orus, in pigs, blocks or other primer",Kg,8555280,515293.278375,0.515293,72817.448
72015000,"Alloy pig iron;spiegeleisen; in pigs, bloc  s or other primary forms.",Kg,213.7,31.264401,0.000031,6.19
72022100,"Ferro-silicon, containing by weight >55% o   silicon",Kg,130,35.712181,0.000036,6.663
72023000,Ferro-silico-manganese,Kg,1639000,202100.4015,0.2021,28558.44
72029900,"Ferro-alloys, nes",Kg,500,134.657328,0.000135,25.179
72031000,"Ferrous products obtained by direct reduct  on of iron ore,in lumps,pellets or si",Kg,109372730,4615515.893625,4.615516,652196.519
72039000,"Spongy ferrous products, nes, and 9994% p u e iron, in lumps, pellets or similar",Kg,6,0.56053,0.000001,0.106
72041000,Waste and scrap of cast iron  .,Kg,670,45.48974,0.000045,8.491
72044900,"Ferrous waste and scrap, nes  .",Kg,1549650,93366.1135,0.093366,13222.995
72051000,"Granules, of pig iron, spiegelelsen, iron   r steel.",Kg,8250,1075.076036,0.001075,200.703
72052900,"Powders of pig iron, spiegeleisen, iron or  steel (excl alloy steel).",Kg,5,9.90733,0.00001,1.849
72061000,"Ingots of iron and non-alloy steel, nes",Kg,63,20.47474,0.00002,4.069
72069000,"Iron and non-alloy steel, in primary forms  (excl ingots), nes",Kg,20,3.58736,0.000004,0.749
72071900,"Semi-finished products of iron or non-allo   steel, <025% carbon, nes",Kg,8465365,568879.241813,0.568879,106098.09
72081000,"Flat/hot-rolled iron/steel,in coils, width  >=600mm, with patterns in relief.",Kg,120,43.422961,0.000043,8.1
72083600,"Flat/hot-rolled iron/steel,in coils, width  >=600mm, not pickled, > 10mm thicknes",Kg,190610,16318.737,0.016319,3043.513
72083700,"Flat/hot-rolled iron/steel,in coils, width  =600mm,not pickled,>=475mm but<=10mm",Kg,1680035,143186.022219,0.143186,26704.877
72083800,"Flat/hot-rolled iron/steel,in coils, width  =600mm,not pickled,>=3mm but<475mm th",Kg,952170,80631.38975,0.080631,14631.272
72083900,"Flat/hot-rolled iron/steel,in colis, width  >=600mm, not pickled,<3mm thickness",Kg,18807393,1572881.93825,1.572882,268380.675
72085100,"Flat/hot-rolled iron/steel,not in coils, w  dth >=600mm, > 10mm thickness",Kg,1959744,222180.178732,0.22218,2170.413
72085200,"Flat/hot-rolled iron/steel,not in coils, w  dth >=600mm, >=475mm but <=10mm thick",Kg,1972.5,185.600451,0.000186,3.075
72085300,"Flat/hot-rolled iron/steel,not in coils, w  dth >=600mm, >=3mm but <475mm thickne",Kg,6380,596.706063,0.000597,111.352
72089000,"Flat/hot-rolled iron/steel, width >=600mm   es (inclfurther worked than hot-rolle",Kg,1023.5,543.206097,0.000543,101.998
72091500,"Flat/cold-rolled iron/steel, in coils, wid  h >=600mm, >=3mm thickness",Kg,11800,2240.123,0.00224,730.986
72091600,"Flat/cold-rolled iron/steel, in coils, wid  h >=600mm, >1mm but <3mm thickness",Kg,3932.5,436.471646,0.000436,150.788
72099000,"Flat/cold-rolled iron or non-alloy steel,   idth >=600mm, not clad, plated or coa",Kg,45,23.562959,0.000024,7.289
72101100,"Flat-rolled iron/steel, width >=600mm, >=   5mm thickness,clad,plated or coated w",Kg,301,31.43257,0.000031,5.864
72101200,"Flat-rolled iron/steel, width >=600mm, <0 5 m thickness, clad, plated or coated w",Kg,3901208,624840.890189,0.624841,34560.058
72103000,"Flat-rolled iron/steel, width >=600mm, ele  trolytically-plated or coated with zi",Kg,9675,1465.082625,0.001465,687.125
72104100,"Flat-rolled iron/steel,width >=600mm, plat  dwith zinc,(exclelectro-plated)cor",Kg,25192,3084.947938,0.003085,1575.013
72104900,"Flat-rolled iron/steel,width >=600mm, plat  d or coated with zinc(exclelectro-pla",Kg,17846,3109.54143,0.00311,1458.453
72109000,"Rolled iron/steel, width >=600mm, otherwis   clad,plated or coated nes",Kg,6823,1442.808946,0.001443,676.811
72111400,"Flat/hot-rolled iron/steel, width <600mm,   =475mm thick, not clad or plated etc.",Kg,50,16.6613,0.000017,8.24
72111900,"Flat/hot-rolled iron or non-alloy steel, w  dth <600mm, <475mm thick,not clad,",Kg,18.25,17.70051,0.000018,9.005
72112300,"Flat/cold-rolled iron/steel, width <600mm,  containing by weight < 025% carbon",Kg,93.5,30.934511,0.000031,15.305
72112900,"Flat/cold-rolled iron/steel, width <600mm,  containing by weight >=025% carbon",Kg,1450,184.220992,0.000184,48.794
72119000,"Flat-rolled iron or non-alloy steel, width  <600mm, nes (inclfurther worked than",Kg,463.81,160.3685,0.00016,79.148
72122000,"Flat-rolled iron or non-alloy steel, width  <600mm, electro-plated or coated with",Kg,8265,895.487594,0.000895,420.182
72123000,"Flat-rolled iron/steel, width <600mm, plat  d or coated with zinc (excl electro-p",Kg,212,16.02679,0.000016,7.518
72124000,"Flat-rolled iron/steel, width <600mm, pain  ed, varnished or coated with plastics",Kg,3000,462.896813,0.000463,217.165
72125000,"Flat-rolled iron or non-alloy steel, width  <600mm, plated or coated, nes",Kg,109604,13242.691763,0.013243,6241.511
72139110,"Bar & rods, hot-rolled circular cross-sect  on measuring <=8mm in diameter",Kg,7863580,562667.091,0.562667,143871.244
72139900,"Hot-rolled iron or non-alloy steel bars &   ods, in irregularly wound coils, nes.",Kg,1285.5,402.067259,0.000402,6.075
72141000,"Iron or non-alloy steel bars and rods, for  ed,.",Kg,39117.168,3067.71712,0.003068,1544.372
72142000,"Iron/steel bars & rods, hot-rolled,twis ted  or with deformations from rolling",Kg,83680,6483.069,0.006483,0.065
72143000,"Bars and rods of free-cutting steel, hot-r  lled,hot-drawn or hot-extruded, ne",Kg,23,2.21007,0.000002,1.104
72149100,"Iron/steel bars and rods, hot-rolled,of  re tangular (other than square) x-sect",Kg,330,47.080898,0.000047,23.08
72149910,"Re-rollable bar & rod length >=1800mm, wid  h 60mm & >=5mm thickness.",Kg,7110,647.181984,0.000647,213.92
72149990,"Other re-rollable bar & rod, nes  .",Kg,3691.5,638.155473,0.000638,310.574
72151000,"Bars and rods of free-cutting steel, not f  rther worked than cold-formed/cold-fi",Kg,2,0.42053,0,0.474
72155000,"Bars and rods of iron/steel, not further w  rked than cold-formed or cold-finishe",Kg,20,4.57861,0.000005,2.205
72159000,"Other bars&rods of iron/steel, nes (incl  f rther worked than cold-formed/cold fi",Kg,989.400002,376.670287,0.000377,179.657
72161000,"U, I or H sections of iron/steel, hot-roll  d, <80mm high",Kg,268,128.838773,0.000129,62.701
72162100,"L sections of iron/steel, hot-rolled, < 80m  high",Kg,1515,200.741504,0.000201,99.341
72163100,"U sections of iron/steel, hot-rolled, > =80 m high",Kg,116822.319946,12796.126711,0.012796,3791.02
72163200,"I sections of iron/steel, hot-rolled, > =80 m high",Kg,214040,18746.892313,0.018747,5787.321
72164000,"L or T sections of iron/steel, hot-rolled , >=80mm high.",Kg,65,0.8446,0.000001,0.949
72165000,"Angles, shapes and sections of iron/steel,  not further worked than hot-rolled,",Kg,86314.199997,7463.145932,0.007463,2304.094
72166900,"Angles,shapes & sections of iron/steel,not  further worked than cold-formed/finis",Kg,60,4.39194,0.000004,2.569
72169900,"Angles, shapes and sections of iron or non  alloy steel, nes",Kg,34326,7350.467572,0.00735,2804.58
72171000,"Wire of iron or non-alloy steel,not plated  or coated, whether or not polished",Kg,22395.949997,2365.730209,0.002366,920.971
72172000,"Wire of iron or non-alloy steel,plated or   oated with zinc.",Kg,7620.5,1445.08123,0.001445,81.543
72179000,"Wire of iron or non-alloy steel, nes  .",Kg,4821.569002,684.036458,0.000684,375.42
72191100,"Hot-rolled stainless steel, in coils, >=60  mm width & >10mm thickness",Kg,135,192.478375,0.000192,35.898
72191200,"Hot-rolled stainless steel, in coils, >=60  mm width & >=475 & <=10mm thickness",Kg,34883,27301.180281,0.027301,5091.744
72191300,"Hot-rolled stainless steel, in coils, >=60  mm width & >=3 & <475mm thickness",Kg,1053,177.433844,0.000177,33.092
72192100,"Hot-rolled stainless steel, uncoiled, >=60  mm width & >10mm thickness",Kg,13470,3716.243375,0.003716,693.149
72192200,"Hot-rolled stainless steel, uncoiled, >=60  mm width & >=475 & <=10mm thickness",Kg,4644.999985,1739.089469,0.001739,324.409
72192300,"Hot-rolled stainless steel, uncoiled, >=60  mm width & >=3 & <475mm thickness",Kg,2960.399994,1206.382594,0.001206,225.06
72193300,"Cold-rolled stainless steel,  >=600mm widt   & >1 & <3mm thickness",Kg,7277.199951,2531.267094,0.002531,472.217
72193400,"Cold-rolled stainless steel,  >=600mm widt   & >=05 & <=1mm thickness",Kg,97141.300001,30519.353497,0.030519,3806.975
72193500,"Cold-rolled stainless steel,  >=600mm widt   & >05mm thickness",Kg,248948,47108.312844,0.047108,0.325
72199000,"Flat-rolled products of stainless steel, >  600mm wide, nes.",Kg,1786376.800003,374383.359797,0.374383,61067.267
72201100,"Hot-rolled stainless steel, <600mm width &  >=475mm thickness",Kg,152.400002,69.494461,0.000069,12.963
72202000,"Cold-rolled stainless steel, <600mm width",Kg,1681779.099998,253136.610709,0.253137,20482.252
72209000,"Flat-rolled products stainless steel, <600  m wide, nes.",Kg,49484.5,9047.749667,0.009048,1123.569
72221100,"Stainless steel bars & rods, not further w  rked than hot-rolled,of circular x-s.",Kg,487.732987,240.127122,0.00024,58.489
72221900,"Stainless steel bars & rods, not further w  rked than hot-rolled,not circular x-.",Kg,36,4.0498,0.000004,1.102
72222000,"Stainless steel bars & rods, cold-formed/f  nished",Kg,2144.600003,443.880779,0.000444,107.867
72223000,"Stainless steel bars and rods, nes",Kg,490.89,477.427251,0.000477,116.222
72224000,"Angles, shapes and sections of stainless s  eel.",Kg,11017,4634.61016,0.004635,1126.286
72230000,Wire of stainless steel,Kg,28951.690006,5582.015507,0.005582,1301.929
72249000,"Semi-finished products, of alloy steel (ex  l stainless)",Kg,7,122.05224,0.000122,29.73
72254000,"Hot-rolled steel alloys, nes, uncoiled, >=  00mm wide",Kg,0.66,1.82077,0.000002,0.863
72255000,"Cold-rolled steel alloys, nes, >=600mm wid",Kg,507,114.596047,0.000115,56.391
72261100,"Flat-rolled products of silicon-electrical  steel, <600mm wide, grain-oriented",Kg,96718,33756.921187,0.033757,1275.009
72262000,"Flat-rolled high speed steel, <600mm wide",Kg,1,0.20529,0,0.051
72269200,"Flat-rolled products of alloy steel, not f  rther worked than cold-rolled,<600mm",Kg,4,0.83074,0.000001,0.203
72269900,"Flat-rolled products of other alloy steel,  <600mm wide, nes",Kg,607.300025,229.653204,0.00023,43.276
72281000,"Bars and rods, of high-speed steel",Kg,4000,719.927563,0.00072,142.469
72282000,Bars and rods of silico-manganese steel,Kg,114007,11150.775656,0.011151,2268.896
72283000,"Bars and rods of alloy steel, nes, hot-rol  ed, hot-drawn or extruded",Kg,1315,202.246734,0.000202,49.277
72299000,"Wire of alloy steel, nes  .",Kg,1015,186.258884,0.000186,48.199
73011000,"Sheet piling of iron or steel, whether or   ot crilled, punched.",Kg,85451,9499.926195,0.0095,2052.233
73012000,"Welded angles, shapes and sections of iron  or steel",Kg,14244.28,3276.234509,0.003276,594.845
73021000,Railway rails of iron or steel,Kg,126104.26,25576.669928,0.025577,1645.502
73029000,"Railway track construction material of iro   or steel, etc, nes.",Kg,0.7,283.656313,0.000284,84.956
73030000,"Tubes, pipes and hollow profiles, of cast   ron.",Kg,65533,3795.170814,0.003795,1347.532
73041100,Line pipe used for oil or gas pipelines of  stainless steel.,Kg,820.099998,457.955067,0.000458,163.107
73041900,Other - Line pipe used for oil or gas pipe  ines,Kg,6047.530037,1486.306131,0.001486,509.036
73042300,Other drill pipe used in drilling for oil   r gas,Kg,11081,7249.420805,0.007249,2683.055
73042400,"Other, casing tubing of stainless steel",Kg,3,2.45523,0.000002,0.876
73042900,Seamless iron/steel casing or tubing (excl  rill pipe)of a kind used in oil/gas d,Kg,245,186.453154,0.000186,66.49
73043100,"Seamless iron/steel tubes/pipes/profiles,   ircular, cross section, cold-drawna",Kg,165.1,301.90549,0.000302,107.682
73043900,"Seamless iron/steel tubes/pipes/profiles,   ircular, cross section, nes",Kg,11478.300003,2851.32717,0.002851,1015.283
73044100,"Seamless stainless steel tubes/pipes/profi  es, circular, cross section, cold-dra",Kg,1625,1406.677891,0.001407,500.915
73044900,"Seamless stainless steel tubes/pipes/profi  es, circular, cross section, nes.",Kg,661,774.46525,0.000774,275.715
73045900,"Seamless alloy steel tubes/pipes/profiles,  nes.",Kg,117.200001,124.958203,0.000125,44.489
73049000,Seamless iron/steel tubes/pipes/profiles o   non-circular x-section,Kg,6194,1656.747615,0.001657,589.887
73051100,"Iron/steel line pipe, longitudinally subme  ged arc welded, circular x-section >4",Kg,365,88.328701,0.000088,31.45
73051200,"Iron/steel line pipe, longitudinally welde  , nes,circular x-section, >4064mm ext",Kg,4,2.21183,0.000002,0.789
73051900,"Iron/steel line pipe, spirally  welded, ci  cular x-section,>4064mm ext diam.",Kg,1830,312.239431,0.000312,111.224
73053100,"Iron/steel tubes and pipes, (exclline pip e  longitudinally welded,>4064mm extd",Kg,860898.532227,97898.679562,0.097899,1746.3
73053900,"Iron/steel tubes and pipes, spirally welde  , >4064mm external diameter",Kg,39800,4395.774703,0.004396,44.156
73059000,"Iron/steel tubes, riveted, >4064mm extern a  diameter",Kg,314228.3,39659.593784,0.03966,98.843
73061100,"Line pipe for oil or gas pipelines welded,  of stainless steel",Kg,20763,629.099225,0.000629,29.626
73061900,Other - Line pipe for oil or gas pipelines,Kg,69150.39994,8183.218295,0.008183,3839.274
73063000,"Other tubes,pipes&hollow profile, welded,o   circular crosssection,of iron/nonall",Kg,227767.510005,31321.525655,0.031322,10816.59
73064000,"Other tubes, pipes&hallow profile, welded,  of circular crosssection, of  stainle",Kg,19211.5,13587.553305,0.013588,6373.511
73066100,"Tube, pipesa, welded, of non ciruclar cros  section of square or rectangular cros",Kg,102.800003,13.4146,0.000013,6.038
73066900,"Tube, pipes a, welded, of non ciruclar cro  ssection of other noncircular crossse",Kg,2796,540.922703,0.000541,253.762
73069010,Ductile Iron pipe .,Kg,4582.699997,855.899443,0.000856,401.488
73069090,"Others welded, of non-circular cross-section pipe",Kg,43168.350003,7293.299743,0.007293,3421.484
73071100,Cast tube or pipe fittings of non-malleabl   cast iron,Kg,2076.085007,1383.841259,0.001384,420.681
73071900,"Cast tube or pipe fittings of iron or stee  , nes",Kg,4934.550995,2571.618915,0.002572,776.313
73072100,Flanges of stainless steel,Kg,3704.919304,1660.813136,0.001661,709.101
73072200,"Threaded elbows, bends and sleeves of stai  less steel",Kg,6140.729238,1765.340396,0.001765,429.585
73072300,Butt welding fittings (excl elbows and be n s) of stainless steel,Kg,191,115.72737,0.000116,35.29
73072900,"Tube or pipe fittings of stainless steel,   es",Kg,25045.300014,10622.621197,0.010623,2658.33
73079100,Flanges of iron or steel (excl stainless) .,Kg,31580.168881,4774.318247,0.004774,1370.366
73079200,"Threaded elbows, bends and sleeves of iron  or steel (excl stainless)",Kg,34784.667403,9269.042813,0.009269,2602.498
73079300,Butt welding fittings of iron or steel (ex  l stainless),Kg,7352.999993,2931.809283,0.002932,495.958
73079900,"Tube or pipe fittings of iron or steel (ex  l stainless), nes",Kg,59060.778104,18275.1871,0.018275,5078.555
73081000,Bridges and bridge-sections of iron or ste  l,Kg,87633.330029,26391.62491,0.026392,5982.025
73082000,Towers and lattice masts of iron or steel,Kg,456652.776454,85053.031709,0.085053,2786.632
73083000,"Doors, window-frames and thresholds for do  rs of iron or steel.",Kg,51130,15361.316493,0.015361,5569.725
73084000,"Equipment for scaffolding,shuttering, prop  ing or pitpropping of iron or steel",Kg,197457.330078,35036.880303,0.035037,12708.796
73089000,"Structures and parts of structures, nes, o   iron or steel",Kg,1789545.912867,382343.756582,0.382344,39186.069
73090000,"Reservoirs, tanks (excl for gas) of ir on o  steel, >300 l",PCS,167,2486.219814,0.002486,609.586
73101000,"Tanks, casks, drums, cans (excl for ga s) o  iron or steel, 50-300 l.",PCS,10404,1131.092662,0.001131,338.902
73102100,"Cans used for preserving food and drink of  iron or steel, <50 l",PCS,54811,4108.195776,0.004108,877.695
73102900,"Tanks, casks, drums (excl for gas) of  iron or steel, <50 l.",PCS,1826792,91989.541986,0.09199,24137.646
73110010,"Oxygen cylinder, tank and similar goods of iron or steel",PCS,1353,9426.114387,0.009426,1985.812
73110090,Containers for compressed or liquefied gas   of iron or steel,PCS,2161,3782.520685,0.003783,1367.886
73121000,"Stranded wire, cables of iron or steel, no   electically insulated",Kg,181533.039982,34814.973615,0.034815,7904.097
73129000,"Plaited bands, slings, etc, of iron or ste  l, not electically insulated.",Kg,2183.3,1013.072194,0.001013,408.13
73130000,"Barbed wire and other fencing material, of  iron or steel",Kg,120,128.039094,0.000128,60.457
73141200,Woven cloth of stainless steel endless ban  s for machinery.,Kg,150,50.90048,0.000051,25.634
73141400,Woven cloth of stainless steel (excl endl e s bands for machinery),Kg,15012.280004,2419.251023,0.002419,1024.144
73141900,Woven cloth of iron or steel wire (exclen d ess bands or stainless steel),Kg,2994.596603,1108.858463,0.001109,554.041
73142000,"Wire iron/steel grillfencing, welded a t in ersection, mesh>=100cm2, X-section",Kg,5210.54001,2449.640214,0.00245,1208.045
73143100,"Iron/steel grill, netting & fencing, welde   at intersection,plated or coated wit",Kg,59461,11345.705962,0.011346,5944.489
73143900,"Iron/steel grill, netting & fencing, welde   at intersection, nes",Kg,6638.5,1469.002166,0.001469,764.133
73144100,"Iron/steel cloth, grill, netting & fencing   nes, plated or coated with zinc.",Kg,8836.409912,2620.63117,0.002621,1116.337
73144200,"Iron/steel cloth, grill, netting & fencing   coated with plastics",Kg,830,241.529922,0.000242,122.657
73144900,"Iron/steel cloth, grill, netting & fencing   nes,",Kg,3175.499939,642.659631,0.000643,293.385
73145000,Expanded metal of iron or steel,Kg,14,155.618322,0.000156,73.146
73151100,Roller chain of iron or steel,Kg,9996.891021,6787.443458,0.006787,1865.724
73151200,Articulated link chain (excl roller chain ) of iron or steel,Kg,24160.134998,5666.763261,0.005667,1766.915
73151900,Parts of articulated link chain of iron or  steel,Kg,2387.501616,1787.608932,0.001788,511.837
73152000,Skid chain of iron or steel,Kg,2260.429993,1246.794803,0.001247,378.353
73158100,Stud-link chain of iron or steel  .,Kg,1.33,113.95327,0.000114,34.335
73158200,Welded link chain (excl stud-link) of iro n or steel,Kg,3642.64,2279.301915,0.002279,692.816
73158900,"Chain, nes, of iron or steel  .",Kg,13507,2634.661854,0.002635,827.39
73159000,"Parts of chains, nes, of iron or steel",Kg,1242.084996,449.004224,0.000449,138.148
73160000,"Anchors, grapnels and parts thereof, of ir  n or steel",Kg,11400.637,4402.108854,0.004402,1347.254
73170000,"Nails, tacks, drawing pins, corrugated nai  s of iron or steel",Kg,157496.760047,25421.021565,0.025421,13818.314
73181100,Coach screws of iron or steel,Kg,48702.253762,8689.396864,0.008689,2704.42
73181200,Wood screws (excl coach screws) of iron o r steel,Kg,23772.300003,3603.347038,0.003603,884.968
73181300,Screw hooks and screw rings of iron or ste  l,Kg,1079.729998,463.128145,0.000463,137.684
73181400,Self-tapping screws of iron or steel  .,Kg,188741.547403,38605.350974,0.038605,12083.267
73181500,"Screws and bolts of iron or steel, nes",Kg,459787.006389,120144.526498,0.120145,28933.887
73181600,Nuts of iron or steel,Kg,81357.376215,21008.05152,0.021008,5481.633
73181900,"Threaded articles, nes, of iron or steel  .",Kg,40869.266496,7764.515674,0.007765,2055.131
73182100,Spring washers and other lock washers of i  on or steel.,Kg,6366.621862,2346.631275,0.002347,679.842
73182200,"Washers of iron or steel, nes",Kg,25527.564344,5821.856145,0.005822,2083.581
73182300,Rivets of iron or steel,Kg,2702.685999,2251.699138,0.002252,439.395
73182400,Cotters and cotter-pins,Kg,1605.188069,879.980665,0.00088,261.069
73182900,"Non-threaded articles, nes, of iron or ste  l",Kg,2753.930398,3245.499551,0.003245,977.093
73194000,Safety pins and other pins,Kg,4735.45,2345.850984,0.002346,704.111
73199000,"Sewing needles, knitting needles, bodkins,  crochet hooks, etc, of iron or steel.",Kg,699.882,585.08226,0.000585,109.808
73201010,springs and leaves for springs of iron or   teel for Rickshaws,Kg,466.442,460.724518,0.000461,86.076
73201090,springs and leaves for spring of iron or s  eel for vehicles other than Rickshaws,Kg,159711.402074,27178.282548,0.027178,7646.399
73202000,Helical springs,Kg,2250.294003,1066.364372,0.001066,282.346
73209000,"Springs, nes, of iron or steel",Kg,29475.437379,10424.392958,0.010424,2903.993
73211100,"Cooking appliances, plate warmers, for gas  fuel of iron or steel",PCS,69619,44032.921163,0.044033,10062.58
73211200,"Cooking appliances, plate warmers, for liq  id fuel of iron or steel.",PCS,3,33.701689,0.000034,8.191
73211900,"Other cooking appliances & plate warmers,   ncluding appliances for solid fuel",PCS,39066,47677.182393,0.047677,6813.64
73218100,"Appliances,(excl cookers) for gas fuel  or  or both gas and other fuels,of iro",PCS,4,74.638242,0.000075,18.138
73218900,"Othe appliances, including appliances for   olid fuel, nes",PCS,896,1215.0666,0.001215,297.957
73219000,"Parts of appliances of 732111 to 732189,  o  iron or steel",PCS,358856,15454.456358,0.015454,2888.449
73221100,"Radiators, not electrically heated, and pa  ts thereof of cast iron",Kg,2,2.08195,0.000002,0.625
73221900,"Radiators, not electrically heated, and pa  ts thereof of iron or steel",Kg,12206.799805,20651.088,0.020651,6185.002
73229000,"Air heaters/hot air distributors, nes ( non electric) of iron/steel",Kg,66,7442.5265,0.007443,2229.171
73231000,"Iron or steel wool, pot scourers, scouring  or polishing pads, gloves",Kg,29331.609985,6859.396588,0.006859,1621.961
73239100,"Table, kitchen or household articles of  ca t iron, not enamelled",Kg,50290.930034,14843.438353,0.014843,3149.528
73239200,"Table, kitchen or household articles of  ca t iron, enamelled",Kg,5790.599975,2407.885103,0.002408,865.062
73239300,"Table, kitchen or household articles of  st inless steel",Kg,257450.646132,147998.989753,0.147999,42750.235
73239400,"Table, kitchen or household articles of  ir n or steel, enamelled",Kg,45834.649036,9738.708324,0.009739,3053.211
73239900,"Table, kitchen or household articles of  ir n or steel, nes.",Kg,24139.444085,14118.952523,0.014119,4667.594
73241000,"Sinks and wash basins, of stainless steel   .",PCS,31147,37699.765503,0.0377,13698.462
73242900,Baths of iron (excl cast) or steel   .,PCS,126298,18500.519824,0.018501,6450.715
73249010,Sanitary ware and parts of sanitary ware o   iron or steel,PCS,10743,597.867636,0.000598,225.34
73249090,Sanitary ware and parts of sanitary ware o   iron or steel,PCS,74357,19993.780786,0.019994,7318.881
73251000,"Articles of non-malleable cast iron, nes  .",Kg,2846.040001,668.766552,0.000669,200.518
73259100,Grinding balls and similar articles for mi  ls of iron or steel.,Kg,12,3.87809,0.000004,1.199
73259900,"Cast articles of iron or steel, nes",Kg,29569.465552,4790.256865,0.00479,1208.805
73261100,"Grinding balls for mills, forged or sta mpe , of iron or steel",Kg,2.0004,4.83684,0.000005,1.452
73261900,"Forged or stamped articles of iron or stee  , nes",Kg,48969.1807,16742.126322,0.016742,4786.256
73262000,"Articles of iron or steel wire, nes",Kg,267832.45966,38146.482242,0.038146,9042.547
73269000,"Articles of iron or steel, nes   .",Kg,158610.25545,44141.815533,0.044142,11427.389
74031100,Cathodes and sections of cathodes of refin  d copper,Kg,20.860001,47.866809,0.000048,8.928
74032100,"Brass, unwrought  .",Kg,102,98.077133,0.000098,18.359
74032900,"Copper (excl master alloys or heading 74 05  nes, unwrought.",Kg,1,0.50834,0.000001,0.096
74040000,Copper waste and scrap,Kg,29607,59137.00025,0.059137,8350.033
74061000,Copper powders of non-lamellar structure  .,Kg,1,7.72772,0.000008,1.442
74062000,Copper powders of lamellar structure; flak  s,Kg,50,32.12867,0.000032,5.993
74071000,"Bars, rods and profiles of refined copper",Kg,11919.379773,25063.413799,0.025063,4674.628
74072100,"Bars,rods and profiles of brass",Kg,19980.900391,27454.288,0.027454,3879.357
74072900,"Bars, rods and profiles of copper alloys,   es",Kg,21.781,164.124,0.000164,30.784
74081100,"Wire of refined copper, maximum cross-sect  onal dimension >6mm.",Kg,468584.700001,996436.13136,0.996436,185774.501
74081900,"Wire of refined copper, maximum cross-sect  onal dimension =<6mm",Kg,73201.555774,164237.175188,0.164237,30631.672
74082100,Wire of brass  .,Kg,28.76,58.135141,0.000058,10.844
74082200,Wire of cupro-nickel or nickel silver,Kg,5,4.19816,0.000004,0.784
74082900,"Wire of copper alloy, nes",Kg,478.814,793.841728,0.000794,148.129
74091100,"Plates, sheets and strip, of refined coppe  , in coils, >015mm thick.",Kg,18324.389972,37631.976275,0.037632,7018.702
74091900,"Plates, sheets and strip, of refined coppe  , uncoiled, >015mm thick.",Kg,5,20.162891,0.00002,3.827
74092900,"Plates, sheets and strip, of brass, uncoil  d, >015mm thick.",Kg,20,17.799211,0.000018,3.32
74093100,"Plates, sheets and strip, of bronze, in co  ls, >015mm thick",Kg,39.09,98.608039,0.000099,18.392
74101100,"Foil, not backed, of refined copper, =<01 5 m thick.",Kg,19,30.500419,0.000031,5.802
74102100,"Foil, backed with paper, paperboard, plast  c, of refined copper, =<015mm thic",Kg,0.02,0.13012,0,0.025
74111000,Tubes and pipes of refined copper,Kg,20971.140047,49055.787481,0.049056,10837.891
74112100,Tubes and pipes of copper-zinc base alloys  (brass).,Kg,492,1757.30075,0.001757,427.091
74112900,"Tubes and pipes of copper alloys, nes",Kg,11110.200195,25092.15666,0.025092,4992.389
74121000,Tube or pipe fittings of refined copper,Kg,721.130005,1999.883578,0.002,486.19
74122000,Tube or pipe fittings of copper alloys,Kg,5180.625974,8669.656757,0.00867,1908.691
74130000,"Stranded wire, cables, plaited bands & the  like of copper, not electrically insu",Kg,1380.440025,2528.149511,0.002528,109.268
74151000,"Nails and tacks, drawing pins, staples, et  , of copper or partly copper.",Kg,0.22,1.29991,0.000001,0.391
74152100,"Washers of copper, not threaded (including  spring washers).",Kg,56.8718,85.220089,0.000085,25.319
74152900,"Non-threaded articles such as rivets, cott  rs, cotter-pins of copper",Kg,8.142,28.15503,0.000028,8.441
74153300,Screws; bolts and nuts of copper  .,Kg,314.870003,777.121066,0.000777,233.086
74153900,"Threaded articles of copper, nes  .",Kg,888.672001,893.813245,0.000894,208.96
74181000,"Table, kitchen or other household articles  nd parts thereof;pot scourers and sco",Kg,38529.896555,35342.460658,0.035342,10404.978
74182000,Sanitary ware and parts thereof of copper,Kg,3142.355999,1884.990647,0.001885,671.384
74192000,"Cast, moulded, stamped or forged, but not further worked",Kg,1059,1113.86882,0.001114,333.67
74198000,Other article of copper,Kg,23914.238002,7452.225074,0.007452,706.412
75021000,"Unwrought nickel, not alloyed",Kg,1596,649.630004,0.00065,157.929
75022000,Unwrought nickel alloys,Kg,2665,934.929172,0.000935,227.255
75051200,"Bars, rods and profiles, of nickel alloys",Kg,114.349998,516.873438,0.000517,125.667
75052200,Wire of nickel alloys,Kg,3.41,27.00101,0.000027,6.566
75061000,"Plates, sheets, strip and foil of nickel,   ot alloyed",Kg,93,137.963842,0.000138,41.323
75062000,"Plates, sheets, strip and foil of nickel a  loys",Kg,40.799999,452.112125,0.000452,135.473
76011000,"Unwrought aluminium, not alloyed  .",Kg,2335423.900002,1319298.783906,1.319299,46098.625
76012000,"Unwrought aluminium, alloyed  .",Kg,150232,89158.264,0.089158,11590.706
76020000,Aluminium waste and scrap,Kg,50088,10010.322875,0.01001,1867.057
76032000,Powders of lamellar structure; flakes of a  uminium.,Kg,1020,875.633594,0.000876,163.438
76041010,Aluminium Profiles not alloyed,Kg,7336.200012,2561.3372,0.002561,2053.229
76041090,"Other bars, rods of aluminium, not alloyed",Kg,2400.949982,1705.729543,0.001706,287.965
76042100,Hollow profiles of aluminium alloys,Kg,8850.855051,6753.6118,0.006754,2481.094
76042900,"Bars, rods and profiles of aluminium alloy  , nes",Kg,13448.662144,10476.981639,0.010477,3481.505
76051100,"Wire of aluminium, not alloyed, maximum cr  ss-sectional dimension >7mm",Kg,153723,86666.039371,0.086666,16163.616
76051900,"Wire of aluminium, not alloyed, maximum cr  ss-sectional dimension =<7mm.",Kg,188.77,56.04804,0.000056,10.528
76052100,"Wire of aluminium alloys, maximum cross-se  tional dimension >7mm",Kg,24898,14268.287,0.014268,2661.102
76052900,"Wire of aluminium alloys, maximum cross-se  tional dimension =<7mm",Kg,50,11.29724,0.000011,2.108
76061100,"Rectangular (incl square) plates, sheet &   trip of aluminium, not alloyed, >02m.",Kg,2798.5,2168.386039,0.002168,408.671
76061200,"Rectangular (incl square) plates, sheet &   trip of aluminium alloys, >02mm thic.",Kg,85088.8492,50209.141532,0.050209,9364.82
76069100,"Plates, sheet & strip (excl rectangula r) o  aluminium, not alloyed, >02mm th",Kg,71309.450989,46687.359953,0.046687,7592.802
76069200,"Plates, sheet & strip (excl rectangula r) o  aluminium alloys, >02mm thick",Kg,11274,7089.802099,0.00709,1319.81
76071100,"Aluminium foil, =<02mm thick, not backed,   olled but not further worked.",Kg,38279.400011,26932.560002,0.026933,5960.628
76071900,"Aluminium foil, =<02mm thick, not backed  ( xcl rolled).",Kg,45094.221985,38127.564983,0.038128,7204.786
76072000,"Aluminium foil, =<02mm thick, backed with   aper, plastics",Kg,20219.998833,17124.189624,0.017124,930.838
76081000,"Tubes and pipes of aluminium, not alloyed",Kg,50,16.62648,0.000017,4.981
76082000,Tubes and pipes of aluminium alloys,Kg,6389.620003,16082.180055,0.016082,3430.408
76090000,"Aluminium tube or pipe fittings (ex coupl i gs, elbows, sleeves)",Kg,269.279998,341.770577,0.000342,102.44
76101000,"Doors, windows and their frames and thresh  lds for door, of aluminium",Kg,25367.31996,10981.980655,0.010982,5972.45
76109000,"Aluminium structure and parts of structure  , nes",Kg,13527.920019,10082.628756,0.010083,5396.631
76110000,"Aluminium reservoirs, tanks, etc, (excl f o  gas) >=300 l of capicity",PCS,1,21.871311,0.000022,6.551
76129000,"Aluminium casks, drums, etc, nes (excl fo r gas), <300 l",PCS,40768960,593054.450867,0.593054,173522.482
76130020,Nitrogen Container of Aluminium,PCS,92,1748.71493,0.001749,523.811
76130090,Other Aluminium containers for compressed or liquefied gas,PCS,10,112.000061,0.000112,33.612
76141000,"Cables, plated bands, of aluminium, wit h s eel core, not electically insulated",Kg,14403,4950.522,0.004951,0.065
76149000,"Stranded wire, cables, plated bands, of  al minium alloys, not electrically ins",Kg,15,8.0075,0.000008,2.465
76151000,"Table, kitchen or other household articles  nd parts thereof;pot scourers and sco",PCS,3053627,67275.614317,0.067276,18160.887
76152000,Sanitary ware and parts thereof of alumini  m,Kg,289.717148,121.678049,0.000122,43.39
76161000,"Nails, tacks, staples, screws, bolts, nuts   rivits, cotters, washer of alumini",Kg,821.999997,668.545767,0.000669,184.881
76169100,"Cloth, grill, netting and fencing, of alum  nium wire",Kg,60872.150345,37238.244702,0.037238,7524.042
76169900,"Articles of aluminium, nes   .",Kg,17066.681974,13748.394676,0.013748,4134.069
78011000,"Refined lead, unwrought",Kg,28030,9099.715728,0.0091,1697.171
78019100,"Unwrought lead, containing antimony as the  principale other element.",Kg,20050,12002.2345,0.012002,2238.549
78019900,Unwrought lead (excl refined and containi n  antimony),Kg,1369,165.543646,0.000166,31.008
78041100,"Lead sheets, strip and foil, =<02mm thick .",Kg,1953,586.181901,0.000586,175.633
78041900,"Lead plates, lead sheets, strip and foil,   02 mm thick, nes",Kg,1,0.20142,0,0.062
79011100,"Zinc, not alloyed, >=9999% pure",Kg,485884,287579.816,0.28758,29096.57
79011200,"Zinc, not alloyed, <9999% pure",Kg,10190,5581,0.005581,725.596
79012000,Zinc alloys,Kg,22011,12079.610405,0.01208,1570.77
79039000,Powders and flakes of zinc,Kg,10,22.78684,0.000023,4.251
79040000,"Zinc bars, rods, profiles and wire",Kg,3010,1917.600875,0.001918,357.699
79050000,"Zinc plates, sheets, strip and foil",Kg,3685,5215.637,0.005216,972.782
79070000,"Articles of zinc, nes",Kg,782.940004,543.315085,0.000543,139.586
80011000,"Tin, not alloyed, unwrought",Kg,833.949997,7464.843844,0.007465,1814.091
80030000,"Tin bars, rods, profiles and wire",Kg,5,1.5,0.000002,0.45
80070010,Empty container and box of tin,Kg,3918.300049,551.901013,0.000552,196.611
80070090,"Other articles of tin, nes   .",Kg,6816.7,448.311045,0.000448,159.808
81019400,"Unwrought tungsten, including bars and rod   obtained simply by sintering",Kg,4,12.96102,0.000013,2.419
81019900,"Articles of tungsten, nes",Kg,14.8,95.003653,0.000095,17.051
81039100,Crucibles,Kg,51.25,26.491811,0.000026,8.002
81059000,"Articles of cobalt, nes",Kg,0.45,0.67299,0.000001,0.202
81083000,Waste and scrap of titanium,Kg,2,1.9339,0.000002,0.928
81089000,"Articles of titanium, nes",Kg,5.26,15.84754,0.000016,4.748
81101000,Unwrought antimony; powders,Kg,88,829.358656,0.000829,248.396
82011010,Spades (Kodalo),PCS,39323,9792.43742,0.009792,489.696
82011090,"Shovels; hand tools, used in agriculture, horticulture or forestry",PCS,285513,36479.94924,0.03648,8872.498
82013000,"Mattocks, picks, hoes and rakes; hand tool  , used in agriculture, horticulturea.",PCS,2190,542.967397,0.000543,55.102
82014000,"Axes, bill hooks and similar hewing tools;  hand tools,used in agriculture,hortic",PCS,5842,785.271411,0.000785,78.77
82015000,Secateurs and similar one-handed pruners a  d shears (incl poultry shears); hand,PCS,1935,389.781796,0.00039,20.245
82016000,"Hedge shears, two-handed pruning shears an   similar two-handed shears; hand tool",PCS,265,149.107648,0.000149,14.915
82019010,Scythes timber wedges and other agricul tur l/forestry hand tools,PCS,655,89.975941,0.00009,4.569
82019090,Scythes timber wedges and other agricul tur l/forestry hand tools,PCS,11125,2984.864444,0.002985,149.517
82021000,Hand saws  .,PCS,34749,4109.103983,0.004109,767.173
82022000,Band saw blades,PCS,50062,8781.668433,0.008782,1639.044
82023100,Circular saw blades(incl slitting or slot t ng saw blades) with working part of s,PCS,742,1709.224527,0.001709,319.056
82023900,Circular saw blades(inclslittingblades  but exclwith working part of steel);p,PCS,92000,7616.524656,0.007617,1421.543
82024000,Chain saw blades  .,PCS,411,48.76884,0.000049,9.107
82029100,"Straight saw blades, for working metal",PCS,13919,292.235652,0.000292,54.648
82029900,"Saw blades, nes",PCS,5118,1489.943734,0.00149,279.543
82031000,"Files, raspsand similar tools",PCS,63502,1337.259187,0.001337,249.658
82032000,"Pliers, pincers, tweezers and similar tool",PCS,53662,6771.182256,0.006771,1283.168
82033000,Metal cutting shears and similar hand tool,PCS,1651,337.477528,0.000337,62.958
82034000,"Pipe-cutters, bolt croppers, perforating p  nches and similar tools",PCS,2606,1188.610263,0.001189,221.886
82041100,"Hand-operated spanners and wrenches, non-a  justable",PCS,42177,5356.655136,0.005357,897.622
82041200,"Hand-operated spanners and wrenches, adjus  able",PCS,16162,3275.985001,0.003276,619.021
82042000,"Interchangeable spanner sockets, with or w  thout handles",PCS,6955,2420.831618,0.002421,452.543
82051000,"Drilling, threading or tapping hand tools   .",PCS,24877,4151.903322,0.004152,793.909
82052000,Hammers and sledge hammers   .,PCS,38342,6613.832997,0.006614,1246.337
82053000,"Planes, chisels, gouges and similar cuttin   tools for working wood",PCS,7379,1239.460567,0.001239,231.491
82054000,Screwdrivers   .,PCS,36427,2678.579156,0.002679,533.035
82055100,Household hand tools  .,PCS,49528,2913.427141,0.002913,545.164
82055900,"Hand tools, nes (incl graziers' diamonds) . .",PCS,155104,14121.311395,0.014121,2223.928
82056000,Blow lamps,PCS,1104,110.42361,0.00011,20.597
82057000,"Vices, clamps and the like",PCS,1009,1602.950485,0.001603,281.694
82059000,"Other, including sets of articles of two or more subheadings of this heading.",PCS,25512,3129.860102,0.00313,471.606
82060000,"Tools of two or more of 8202 to 8205, pu t  p in sets for retail sale",PCS,7038,4996.301212,0.004996,1735.586
82071300,"Rock drilling or earth boring tools, with   orking part of cermets",PCS,20,6.20344,0.000006,1.158
82071900,"Rock drilling or earth boring tools (excl t ose with working part of cermets),inc",PCS,7699,11905.484563,0.011905,2197.942
82072000,Dies for drawing or extruding metal,PCS,2111,13122.520545,0.013123,2434.096
82073000,"Interchangeable tools for pressing, stampi  g or punching",PCS,1063,6370.045018,0.00637,1188.729
82074000,Interchangeable tools for tapping or threa  ing.,PCS,650,662.404706,0.000662,124.162
82075000,"Interchangeable tools for drilling, other   han for rock drilling",PCS,42411,9079.809886,0.00908,1681.974
82076000,Interchangeable tools for boring or broach  ng,PCS,17,1674.825904,0.001675,312.432
82077000,Interchangeable tools for milling,PCS,13071,541.382071,0.000541,102.098
82078000,Interchangeable tools for turning,PCS,126,466.764547,0.000467,87.168
82079000,"Interchangeable tools for hand or machine-  ools, nes",PCS,89999,6666.872323,0.006667,1244.165
82081000,"Knives and cutting blades, for metal worki  g machines",PCS,20429,1300.06842,0.0013,242.812
82082000,"Knives and cutting blades, for wood workin   machines",PCS,71015,5345.193546,0.005345,997.377
82083000,"Knives and cutting blades, for kitchen app  iances or for machine used by food in",PCS,57803,1318.364386,0.001318,349.178
82089000,"Knives and cutting blades, for machines or  mechanical appliances, nes",PCS,151311,17551.496031,0.017551,4270.85
82090000,"Plates, sticks tips & the like for tools,   nmounted, of cermets",Kg,161.6338,2682.607774,0.002683,493.533
82100000,"Hand-operated machanical appliances, =<10k  , used for food or drink.",PCS,8744,1514.886403,0.001515,282.633
82111000,"Sets of assorted knives, nes  . .",PCS,493,14.84229,0.000015,4.426
82119100,Table knives with fixed blades   .,PCS,5993,140.37488,0.00014,42.146
82119200,Knives with fixed blades (excl table kniv e ),PCS,39396,5204.322226,0.005204,1199.754
82119300,Knives(excl with fixed blades)   .,PCS,33139,2010.512139,0.002011,489.881
82119400,Blades for knives (excl those of 8208)   .,Kg,1574.86,1410.570551,0.001411,316.654
82119500,Knife handles of base metal   .,Kg,29,165.779363,0.000166,41.178
82121000,Razors (non-electric)   .,PCS,580326,19933.353823,0.019933,5747.401
82122000,Safety razor blades (incl razor blades bl a ks in strips),PCS,549481,254365.184383,0.254365,77463.575
82129000,"Parts of razors, nes  . .",Kg,0.78,7.70997,0.000008,2.361
82130000,"Scissors, tailors' shears and similar shea  s, and blades therefor",PCS,140970,6150.286601,0.00615,1533.699
82141010,"Paper knives, letter openers, erasing kniv  s, pencil sharpeners & blades therefo",PCS,8634,144.042598,0.000144,45.337
82141090,"Paper knives, letter openers, erasing kniv  s, pencil sharpeners & blades therefo",PCS,616240,2012.277917,0.002012,442.075
82142000,Manicure or pedicure sets and instruments   incl nail files).,PCS,395601,6043.425256,0.006043,1918.339
82149000,Other articles of cutlery   .,PCS,37220,1237.775997,0.001238,377.963
82151000,"Sets of assorted spoons, forks, etc (one o   more plated with precious metal)",Kg,290.164,129.149228,0.000129,37.846
82152000,"Sets of assorted spoons, forks, etc (ex cl  lated with precious metal)",Kg,2282.529994,1788.471931,0.001788,545.829
82159100,"Spoons, forks or similar tableware, pla ted with precious metal",Kg,6,0.4992,0,0
82159900,"Spoons, forks, ladles, skimmers or simi lar tableware, nes",Kg,43935.247248,25194.873495,0.025195,7307.084
83011000,Padlocks of base metal   .,DZN,31251.85553,19403.954011,0.019404,5953.922
83012000,Locks for motor vehicles of base metal   .,DZN,4147.736037,5469.869696,0.00547,1825.068
83013000,Locks for furniture of base metal   .,DZN,5487.728675,5020.637558,0.005021,1533.051
83014000,"Locks of base metal, nes  . .",DZN,22129.651369,25370.767633,0.025371,7852.477
83015000,"Clasps and frames with clasps, incorporati  g locks of base metal",DZN,25,3.27337,0.000003,1.001
83016000,Parts of padlocks and locks of base metals  .,DZN,142.92,739.280764,0.000739,214.435
83017000,Keys presented separately of base metal   .,DZN,828.1365,527.811388,0.000528,162.115
83021000,Hinges of base metal  . .,Kg,103770.633605,37530.78629,0.037531,12743.362
83022000,Castors of base metal   .,Kg,3266.639998,1648.67959,0.001649,503.422
83023000,"Mountings, fittings, etc, suitable for mot  r vehicles, of base metal, nes",Kg,931.108996,552.482855,0.000552,169.077
83024100,"Mountings, fittings, etc, suitable for bui  dings, of base metal, nes",Kg,57613.609834,22741.037924,0.022741,7030.702
83024200,"Mountings, fittings, etc, for furniture, o   base metal, nes.",Kg,122861.31143,32854.648013,0.032855,10574.83
83024900,"Mountings, fittings, etc, for doors, stair  ases, of base metal",Kg,94605.479591,47114.922291,0.047115,14520.463
83025000,"Hat-racks, hat-pegs, brackets and similar   ixtures of base metal",Kg,29439.154999,4834.522312,0.004835,1476.126
83026000,Automatic door closers of base metal  . .,Kg,22038.439997,10613.13165,0.010613,3283.883
83030000,"Armoured or reinforced safes, strong-boxes  and doors of base metal",Kg,35858.030003,16202.7345,0.016203,4108.692
83040000,"Filing cabinets, card-index cabinets or  de k equipment of base metal",Kg,722.7,259.24255,0.000259,120.079
83051000,Fittings for loose-leaf binders or files o   base metal.,Kg,19187.070591,6680.559183,0.006681,1246.002
83052000,"Staples in strips, of base metal  .",Kg,29992.5,8446.001292,0.008446,1603.796
83059000,"Office articles like letter clips,letter c  rners,paper clips,indexing tags of ba",Kg,11366.500001,3498.050556,0.003498,653.017
83061010,Bicycle bells  .,Kg,1566,407.028637,0.000407,75.916
83061090,"Other type  of bells, gongs and the like  .",Kg,6907.51,2972.801927,0.002973,747.689
83062110,Statuettes of plated with precious metal,Kg,97,93.249172,0.000093,27.935
83062120,Trophy and medals of plated with precious metal,Kg,4528,3285.683563,0.003286,984.145
83062190,Other ornaments of plated with precious metal,Kg,300,167.853398,0.000168,50.34
83062910,Other statuettes,Kg,8059.530003,5699.600278,0.0057,1711.182
83062920,Other trophy and medals,Kg,3579.030001,1961.995447,0.001962,588.835
83062990,Other ornaments,Kg,1124.4,716.612902,0.000717,237.795
83063000,"Photograph, picture or similar frames; mir  ors of base metal",Kg,2133.455,772.840069,0.000773,287.596
83071000,Flexible tubing of iron or steel  .,Kg,6326.528876,3591.130573,0.003591,1081.094
83079000,Flexible tubing of base metal (excl iron  o  steel).,Kg,79.5,18.992291,0.000019,5.697
83081000,"Hooks, eyes and eyelets of base metal   .",Kg,20361.928989,7666.971983,0.007667,1432.073
83082000,Tubular or bifurcated rivets of base metal  .,Kg,153.4,143.425748,0.000143,8.411
83089000,"Clasps, buckles beads andspangles of ba se  etal (incl parts)",Kg,60101.557033,25753.984132,0.025754,4815.496
83091000,Crown corks of base metal   .,Kg,26994.921,8507.192912,0.008507,3029.038
83099000,"Others - Stoppers, caps and lids (excl cr o n corks),a of base metal.",PCS,87225469,178136.164404,0.178136,62541.242
83100000,"Sign-plates, name-plates, address-plates,   tc, of base metal (excl 9405)",Kg,1021.1,1088.414514,0.001088,268.068
83111000,"Coated electrodes of base metal, for elect  ic arc-welding",Kg,1058455.299997,142504.939726,0.142505,33551.125
83112000,"Cored wire of base metal, for electric arc  welding.",Kg,27873.5,6621.493149,0.006621,1235.822
83113000,"Coated rods and cored wire of base metal,   or soldering, brazing or welding by f",Kg,11750.1,3630.905851,0.003631,680.407
83119000,"Other wire, rods, tubes,plates, electrodes  similar products of base metal or of",Kg,9501.245002,1638.657122,0.001639,305.977
84012000,"Machinery and apparatus for isotopic separ  tion, parts thereof.",PCS,3,5.3213,0.000005,0.267
84021200,Watertube boilers with a steam production   <45t/hour,PCS,7,45947.700812,0.045948,1108.952
84021900,"Other vapour generating boilers, nes (incl  hybrid boilers).",PCS,6,11805.975969,0.011806,227.758
84029000,Parts of vapour generating boilers and sup  r-heated water boilers,PCS,4018,11499.836457,0.0115,2145.265
84041000,Auxiliary plant for use with boilers of 84  2 or 8403,PCS,1,46.606051,0.000047,2.396
84051000,"Producer gas or water gas generators; acet  lene gas generators, etc.",PCS,2,66.112958,0.000066,3.372
84059000,Parts of producer gas or water gas generat  rs etc,PCS,6,1.8115,0.000002,0
84068200,Steam and other vapour turbines (excl for   arine propulsion) with output <= 40 M,PCS,1,277.0595,0.000277,2.836
84069000,Parts of steam and other vapour turbines  . .,PCS,10,437.308691,0.000437,81.562
84072100,Outboard motors for marine propulsion   .,PCS,1,181.547625,0.000182,54.44
84073300,"Spark-ignition reciprocating piston engine   for vehicles, 250-1000cc",PCS,2,26.363971,0.000026,9.451
84082000,Compression-ignition internal combustion p  ston engines for vehicles,PCS,1,2441.8025,0.002442,869.348
84089000,"Compression-ignition internal combustion p  ston engines, nes",PCS,53,1009.574794,0.00101,273.267
84091000,Parts for aircraft engines of 840710  . .,PCS,3,796.567545,0.000797,114.335
84099110,Parts for spark-ignition internal combustion piston engines Of motor vehicle,PCS,90819,46095.89494,0.046096,13934.524
84099190,"Other parts, Spark Ignition Interal Combustion Piston engine(excl aircarft&motor veh.",PCS,10971,4622.506108,0.004623,1402.621
84099910,Other parts of Motor vehicle engines other than spark ignition,PCS,31484,21099.905992,0.0211,6563.909
84099990,Other parts suitable for engines heading 8407 or 8408 other than spark ignition,PCS,11703,8025.484007,0.008025,2295.692
84101100,"Hydraulic turbines and water wheels, of a   ower <=1mw",PCS,6,12795.257875,0.012795,128.019
84101300,"Hydraulic turbines and water wheels, of a   ower >10mw",PCS,1,57220.236,0.05722,572.268
84109000,"Parts of hydraulic turbines, water wheels   ncluding regulators.",PCS,31794,255560.868191,0.255561,18279.999
84118100,"Gas turbines, nes, of a power =<5000kw   .",PCS,1,3664.73525,0.003665,890.597
84119100,Parts of turbo-jets or turbo-propellers,PCS,139,7173.870119,0.007174,1225.337
84121000,Reaction engines (excl turbo-jets)   .,PCS,8,75.297732,0.000075,22.555
84122100,"Hydraulic power engines and motors, linear  acting (cylinders)",PCS,120,7453.416769,0.007453,1499.359
84122900,Hydraulic power engines and motors (excl  l near acting).,PCS,313,3864.715053,0.003865,1157.858
84123100,"Pneumatic power engines and motors, linear  acting (cylinders)",PCS,240,2129.446057,0.002129,638.455
84123900,Pneumatic power engines and motors (excl  l near acting).,PCS,21,487.63093,0.000488,146.183
84129000,Parts of engines and motors of 841210 to  8 1280.,PCS,4058,5701.976732,0.005702,509.483
84131100,"Pumps for dispensing fuel or lubricants, f  r filling-stations or garages",PCS,512,7088.043237,0.007088,1483.435
84131900,"Pumps for liquids, with or designed to be   itted with a measuring device",PCS,367,1521.520429,0.001522,459.655
84132000,Hand pumps for liquids (excl those of 841 3 1 or 19).,PCS,13461,7901.352017,0.007901,1851.974
84133000,Fuel/lubricating/cooling-medium pumps for   nternal combustion engines,PCS,4511,16243.103905,0.016243,5467.493
84134000,Concrete pumps   .,PCS,25,172325.874294,0.172326,39607.127
84135000,"Reciprocating positive displacement pumps   or liquids, nes",PCS,32,6683.894095,0.006684,1458.454
84136000,"Rotary positive displacementpumps for liqu  ds, nes",PCS,1336,13003.974129,0.013004,3786.324
84137011,Centrifugal pumps for liquids of a capacity of 2 to 8 HP run on gasoline,PCS,1848,26535.21024,0.026535,1327.163
84137019,"Centrifugal pumps for liquids, others run on gasoline, (excel 2 to 8 HP)",PCS,245,22061.913568,0.022062,4865.744
84137091,Monoblock pump,PCS,12131,73767.757713,0.073768,14672.796
84137092,Sumersible pump,PCS,15727,78874.98862,0.078875,21413.916
84137099,Other centrifugal pump,PCS,2891,17463.457145,0.017463,5241.384
84138100,"Pumps for liquids, nes   .",PCS,13724,41346.340461,0.041346,12198.257
84138200,Liquid elevators  . .,PCS,100,220.622453,0.000221,66.078
84139100,Parts of pumps for liquids   .,PCS,98961,28217.056373,0.028217,6342.566
84139200,Parts of liquid elevators   .,PCS,23582,626.572344,0.000627,154.721
84141000,Vacuum pumps   .,PCS,1196,5875.473021,0.005875,1761.874
84142000,Hand or foot-operated air pumps   .,PCS,13541,1832.964924,0.001833,566.22
84143000,Compressors for refrigerating equipment   .,PCS,3817,27282.291378,0.027282,6633.71
84144000,Air compressors mounted on a wheeled chass  s for towing.,PCS,17122,27162.251301,0.027162,5915.282
84145100,"Table, floor, wal, ceiling or roof fans, w  th self-contained electric motor <=12",PCS,42524,54233.282677,0.054233,11887.035
84145900,"Other Fans, nes",PCS,19286,36213.476453,0.036213,8493.937
84146000,Hoods incorporating a fan having a maximum  horizontal side =<120cm,PCS,8972,45828.474573,0.045828,12719.741
84147000,Gas-tight biological safety cabinets,PCS,2,414.184102,0.000414,124.051
84148000,"Air pumps; air or gas compressors; hoods w  th a fan, nes",PCS,1012,22381.994668,0.022382,5373.61
84149000,"Parts of air/vacuum pumps, of air/gas comp  essors, of fans etc",PCS,184635,33205.460907,0.033205,7099.294
84151000,"Window or wall air conditioning machines,   elf-contained or spilt-system",PCS,10210,375254.046895,0.375254,172512.157
84152000,"Air conditioning machines of a kind used f  r persons,in motor vehicles",PCS,44,8561.757812,0.008562,4015.87
84158100,AC incorporating a refrigerating unitval ve cooling/heat cycle reversible heat p.,PCS,28,2143.27062,0.002143,1005.276
84158200,"Air conditioning machines, with refrigerat  ng unit, no valve",PCS,34,2738.741168,0.002739,1302.059
84158310,Air handling unit,PCS,32,34926.079531,0.034926,10119.099
84158390,Other incorporatory a refrigerating unit,PCS,40,1696.623164,0.001697,795.788
84159000,Parts of air conditioning machines   .,PCS,255940,70853.724477,0.070854,33198.951
84161000,Furnace burners for liquid fuel   .,PCS,664,228.037434,0.000228,11.47
84162000,Furnace burners for solid fuel or gas (inc   combination burners),PCS,201,62.75985,0.000063,3.14
84169000,Parts of furnace burners for liquid/solid/  as fuel; mechanical grates,PCS,1457,4726.090228,0.004726,881.922
84171000,"Furnaces and ovens for roasting, melting  o  ores/pyrites/metals.",PCS,5,16580.899282,0.016581,165.98
84172000,Bakery ovens (incl biscuit ovens)   .,PCS,642,6750.139961,0.00675,207.069
84178000,"Other industrial or laboratory furnaces (i  cl incinerators), nes",PCS,31,54144.832928,0.054145,627.524
84179000,Parts of industrial or laboratory furnaces  and ovens,PCS,46,4166.373375,0.004166,777.166
84181000,"Combined refrigerator-freezers, fitted with separate external doors or drawers, or co",PCS,3396,81942.217391,0.081942,24407.337
84182100,Compression-type household refrigerators  . .,PCS,31804,609404.941939,0.609405,182536.361
84182900,"Household refrigerators, nes  . .",PCS,989,20868.065816,0.020868,6251.733
84183000,"Freezers of the chest type, capacity =<800  itres",PCS,5829,118249.217717,0.118249,35418.179
84184000,"Freezers of the upright type, capacity =<9  0litres",PCS,530,9149.547445,0.00915,2740.634
84185000,"Other furniture incorporating freeze(chest  ,cabinets,display counters,showcase&t",PCS,1902,67142.642236,0.067143,20190.252
84186100,Heat pumps other than air conditioning mac  ines of heading 8415.,PCS,74,10643.951383,0.010644,3188.134
84186910,Chiller,PCS,58,66534.611574,0.066535,16237.358
84186990,"Refrigerating or freezing equipment, nes  . .",PCS,387,62198.026075,0.062198,18628.868
84189100,Furniture designed to receive refrigeratin   or freezing equipment,PCS,49,1137.274651,0.001137,341.192
84189900,"Parts of refrigerators, freezers heat-p ump .",PCS,12372,8207.073116,0.008207,2302.424
84191100,Instantaneous gas water heaters   .,PCS,2,7.82579,0.000008,1.905
84191200,Solar water heaters,PCS,381,10192.339,0.010192,2476.948
84191900,"Instantaneous or storage water heaters, no  -electric, nes",PCS,12,1108.330136,0.001108,18.618
84192010,"Autoclave : Medical, surgical or laboratory sterilisers",PCS,448,10142.516452,0.010143,508.02
84192090,"Medical, surgical or laboratory sterilizer  .",PCS,114,6107.280741,0.006107,305.761
84193400,"Other, for agricultural products",PCS,4,727.4485,0.000727,36.438
84193500,"Other, for wood, paper pulp, paper or paperboard",PCS,4,750.653937,0.000751,37.599
84193900,Other dryers,PCS,2071,42561.607999,0.042562,1420.817
84194000,Distilling or rectifying plant   .,PCS,3,30915.42175,0.030915,327.825
84195000,Heat exchange units   .,PCS,59,9637.875608,0.009638,432.898
84196000,Machinery for liquefying air or gases   .,PCS,1,8533.367,0.008533,85.399
84198100,"Other non-domestic equipment, for making h  t drinks or for cooking or heating fo",PCS,182,8475.9923,0.008476,316.422
84198910,Colling tower,PCS,6,2228.403859,0.002228,111.616
84198990,"Other non-domestic heating/cooling equipme  t, nes",PCS,150,12314.809696,0.012315,616.338
84199000,Parts of non-domestic heating/cooling equi  ment.,PCS,5348,16866.445091,0.016866,2193.502
84209100,Cylinders for calendering or other rolling  machines.,PCS,57,109.277391,0.000109,20.385
84209900,"Parts of calendering or other rolling mach  nes, nes.",PCS,24,33.020109,0.000033,6.225
84211100,Centrifugal cream separators  . .,PCS,30,1539.72021,0.00154,77.247
84211200,Centrifugal clothes-dryers   .,PCS,1,8.0075,0.000008,1.495
84211900,"Centrifuges, nes  . .",PCS,274,4845.881772,0.004846,189.045
84212100,Machinery and apparatus for filtering/puri  ying water,PCS,24567,87620.154983,0.08762,16279.326
84212200,Machinery and apparatus for filtering/puri  ying beverages (excl water),PCS,3276,421.47577,0.000421,21.078
84212300,Oil or petrol-filters for internal combust  on engines,PCS,403116,88473.43336,0.088473,30464.316
84212900,"Machinery and apparatus for filtering/puri  ying liquids, nes",PCS,7493,9410.456038,0.00941,2158.237
84213100,Intake air filters for internal combustion  engines,PCS,310356,76955.821049,0.076956,25891.196
84213200,"Catalytic converters or particulate filters, whether or not combined, for purifying o",PCS,365,3560.980277,0.003561,1060.971
84213910,Pressure swing adsorption oxygen plant for medical grade oxygen and crogenic oxygen..,PCS,249,69.772629,0.00007,3.49
84213990,Others Filtering or purifying machinery and apparatus for gases,PCS,913,22675.750074,0.022676,672.162
84219100,"Parts of centrifuges, including centrifuga   dryers",PCS,89,3233.827585,0.003234,420.538
84219900,Parts of machinery for filtering/purify ing liquids or gases.,PCS,56896,31960.200336,0.03196,5964.452
84221100,"Dish washing machines, of the household ty  e",PCS,54,1480.908,0.001481,527.278
84221900,"Dish washing machines, of the industrial t  pe",PCS,112,1742.835368,0.001743,325.111
84222000,Machinery for cleaning or drying bottles o   other containers,PCS,120,3948.803367,0.003949,50.714
84223000,"Machinery for filling, closing, capsuling   tcbottles, cans etc,& aerating b.",PCS,724,177934.533746,0.177935,2268.516
84224000,"Packing or wrapping machinery, (incl heat - hrink wrapping machinery)nes.",PCS,304,88285.55714,0.088286,1118.781
84229010,Parts of machinery of 842211 to 842240   .,PCS,40,173.251019,0.000173,42.11
84229090,Parts of machinery of 842211 to 842240   .,PCS,3689,23300.600815,0.023301,4349.306
84231000,"Personal weighing machines (incl baby sca l s), household scales.",PCS,17197,3098.147966,0.003098,818.018
84232000,Scales for continuous weighing of goods on  conveyors,PCS,40,206.510219,0.000207,38.581
84233000,Constant weight scales and scales for disc  arging a predetermined weight,PCS,1,0.65484,0.000001,0.358
84238100,"Weighing machinery, nes, of weighing capac  ty =<30kg",PCS,1448,3087.158811,0.003087,575.97
84238200,"Weighing machinery, nes, of weighing capac  ty 30-5000kg.",PCS,1550,9295.82017,0.009296,1734.317
84238900,"Weighing machinery, nes, of weighing capac  ty >5000kg",PCS,751,17242.169007,0.017242,2890.249
84239000,Weighing machine weights of all kinds; par  s of weighing machinery,PCS,2910,7446.108523,0.007446,1390.569
84241000,Fire extinguishers   .,PCS,3106,15783.995301,0.015784,2942.284
84242000,Spray guns and similar appliances   .,PCS,20262,7743.43799,0.007743,1086.954
84243000,Steam or sand blasting machines and simila   jet projecting machines.,PCS,655,7235.229494,0.007235,1349.524
84244100,Agricultural or horticultural portable Sprayers,PCS,9452,13619.952745,0.01362,1929.895
84244900,Other agricultural or horticultural sprayers,PCS,264,328.792132,0.000329,61.327
84248200,Agricultural or horticultural,PCS,4145,5528.414321,0.005528,885.522
84248900,"Mechanical appliances for projecting, disp  rsing or spraying liquids or powders,",PCS,925,2833.860693,0.002834,358.115
84249000,Parts of machinery and apparatus of 84241 0 to 842489,PCS,223213,3205.241362,0.003205,401.705
84251100,"Pulley tackle and hoists, powered by el ect ic motor.",PCS,256,4029.023069,0.004029,627.908
84251900,"Pulley tackle and hoists, nes (excl sk ip o  vehicle hoists).",PCS,247,3221.960767,0.003222,601.264
84253900,"Winches, capstans, nes   .",PCS,9,45539.69857,0.04554,181.071
84254100,"Jacks, built-in jacking systems of a type   sed in garages",PCS,98,6369.480984,0.006369,1493.593
84254200,Hydraulic jacks and vehicle hoists   .,PCS,970,3596.914394,0.003597,849.286
84254900,"Jacks and vehicle hoists, nes   .",PCS,1941,2364.14819,0.002364,577.067
84261100,Overhead travelling cranes on fixed suppor  .,PCS,1,4544.695,0.004545,45.512
84261900,"Transporter cranes, gantry cranes and brid  e cranes, overhead travelling cranes",PCS,2,42862.876,0.042863,2143.275
84264100,"Derricks, cranes, etc, nes, self-propelled   on tyres",PCS,3,14624.561875,0.014625,731.424
84264900,"Derricks, cranes, etc, nes, self-propelled  (excl on tyres)",PCS,1,102.652312,0.000103,5.133
84269900,"Ships derricks, cranes, etc, nes  . .",PCS,14,604.107736,0.000604,30.279
84271000,Self-propelled works trucks powered by an   lectric motor,PCS,3,7046.112,0.007046,1393.791
84272000,Self-propelled works trucks (excl electic ) .,PCS,4,6864.3345,0.006864,1522.433
84279000,"Works trucks fitted with lifting or handli  g equipment, nes.",PCS,65,12578.014401,0.012578,2570.22
84281000,Lifts and skip hoists   .,PCS,678,117709.205326,0.117709,21956.022
84282000,Pneumatic elevators and conveyors   .,PCS,1856,26035.465168,0.026035,4856.223
84283200,"Continuous-action elevators and conveyors,  bucket type, nes.",PCS,3,1234.1385,0.001234,12.408
84283300,"Continuous-action elevators and conveyors,  belt type, nes",PCS,3,262.347822,0.000262,28.418
84283900,"Continuous-action elevators and conveyors,  nes",PCS,38,3164.063141,0.003164,158.4
84286000,"Teleferics, chair-lifts; traction mecha nis s for funiculars.",PCS,28,98995.0231,0.098995,990.202
84289000,"Lifting, handling, loading or unloading ma  hinery, nes",PCS,60,12483.72432,0.012484,624.518
84292000,Self-propelled graders and levellers  . .,PCS,1,20417.146,0.020417,3807.864
84294000,Self-propelled tamping machines and road-r  llers,PCS,4,2644.196906,0.002644,493.145
84295100,Self-propelled front-end shovel loaders   .,PCS,4,25373.26,0.025373,4732.38
84295200,Self-propelled bulldozers with a 360o r evo ving superstructure,PCS,17,160029.6905,0.16003,27672.203
84295900,"Self-propelled bulldozers, excavators,  nes .",PCS,22,107879.10975,0.107879,20120.706
84301000,Pile-drivers and pile-extractors  . .,PCS,1,3033.7855,0.003034,30.403
84304100,Self-propelled boring or sinking machinery  .,PCS,1,58472.16,0.058472,0.065
84305000,"Self-propelled earth moving, grading, excv  ting machinery, nes",PCS,1,596.238438,0.000596,29.877
84306100,"Tamping or compacting machinery, not self-  ropelled.",PCS,80,4583.061531,0.004583,229.286
84311000,Parts of machinery of 8425   .,PCS,3070,7056.078683,0.007056,208.254
84312000,Parts of machinery of 8427   .,PCS,658,1235.382417,0.001235,230.657
84313100,"Parts of lift, skip hoists or escalators  . .",PCS,297,3176.982931,0.003177,593.205
84313900,"Parts of machinery of 8428 (excl lift, s ki  hoists or escalators)",PCS,2021,14290.636482,0.014291,2666.745
84314100,"Buckets, shovels, grabs and grips of machi  ery of 8426, 8429 and 8430",PCS,7502,2889.717661,0.00289,539.158
84314200,Bulldozer or angledozer blades of 8429   .,PCS,10,459.668402,0.00046,85.797
84314300,Parts for boring or sinking machinery of s  bheading 843041 or 843049,PCS,1621,13649.868554,0.01365,2546.393
84314900,"Parts of machinery of 8426, 8429 and 84 30, nes",PCS,59007,92817.51404,0.092818,17314.989
84321000,Ploughs   .,PCS,5066,662.29733,0.000662,22.412
84322100,Disc harrows   .,PCS,53,1868.836516,0.001869,93.77
84322900,"Harrows (excl disc harrows), scarifiers,  c ltivators, weeders and hoes",PCS,882,9202.228283,0.009202,179.36
84323100,"No-till direct seeders, planters and transplanters",PCS,135,1301.4185,0.001301,13.018
84323900,"Other seeders, planters and transplanters",PCS,495,1551.037719,0.001551,15.511
84328000,"Soil preparation/cultivation machinery, ne  ; lawn/sports-ground rollers.",PCS,613,80789.675172,0.08079,1390.043
84329000,Parts of soil preparation/cultivation mach  nery (843210 to 843280),PCS,71490,9397.69626,0.009398,1466.547
84331100,"Mowers, powered, the cutting device rot ati g in a horizontal plane",PCS,8466,3701.181934,0.003701,94.454
84331900,"Mowers for lawns, parks or sports grounds,  nes",PCS,1130,5947.677148,0.005948,71.686
84332000,"Mowers (incl cutter bars for tractor moun t ng), nes.",PCS,45,4238.988,0.004239,42.649
84333000,Haymaking machinery   .,PCS,106,1799.153536,0.001799,17.994
84334000,Straw or fodder balers (incl pick-up bale r ),PCS,170,3814.61592,0.003815,190.863
84335100,Combine harvester-threshers   .,PCS,8,25174.144,0.025174,252.133
84335200,"Threshing machinery for agricultural produ  e, nes",PCS,4593,46758.554012,0.046759,483.55
84335900,"Harvesting machinery, nes   .",PCS,251,920.018609,0.00092,46.067
84339000,Other harvestiong or threshing machinery pa ts Ã Ã ,PCS,14715,3178.806564,0.003179,462.258
84341000,Milking machines  . .,PCS,304,3109.251631,0.003109,42.458
84342000,Dairy machinery   .,PCS,1354,21282.161686,0.021282,1065.168
84349000,Parts of milking machines and dairy machin  ry,PCS,12,866.334947,0.000866,161.643
84351000,"Presses, crushers, etc, for making wine, c  der, fruit juices or similar beverage",PCS,89,1746.76223,0.001747,87.472
84361000,Machinery for preparing animal feeding stu  fs,PCS,4598,30639.739684,0.03064,490.205
84362100,Poultry incubators and brooders   .,PCS,224,469.515213,0.00047,24.317
84362900,"Poultry-keeping machinery, nes   .",PCS,234,92766.227222,0.092766,952.279
84368000,"Agricultural forestry or bee-keeping ma chi ery, nes.",PCS,2011,13790.917198,0.013791,159.457
84369100,Parts of poultry-keeping machinery or poul  ry incubators and brooders,PCS,1801,5782.002439,0.005782,141.759
84369900,"Parts of agricultural, herticultural, fore  try, poultry-keeping machinery, nes",PCS,3274,6288.51951,0.006289,1073.047
84371000,Machines for cleaning/sorting/grading seed   grain or dried vegetables,PCS,1380,108645.57214,0.108646,1274.449
84378000,Machinery for milling or working cereals o   dried vegetables,PCS,1633,126631.20008,0.126631,1968.684
84379000,"Parts of milling, etc, machinery (843710 t   843780).",PCS,110326,20170.256336,0.02017,3395.283
84381000,"Bakery machinery and machinery for making   acaroni, spaghetti, etc",PCS,1726,78890.292929,0.07889,1156.181
84382000,"Machinery for the manufacture of confectio  ery, cocoa or chocolate",PCS,4,1631.462672,0.001631,16.593
84383000,Machinery for sugar manufacture   .,PCS,70,73720.422325,0.07372,738.698
84384000,Brewery machinery   .,PCS,2,5608.853,0.005609,56.22
84385000,Machinery for the preparation of meat or p  ultry,PCS,165,14906.253299,0.014906,195.768
84386000,"Machinery for the preparation of fruits, n  ts or vegetables.",PCS,145,1952.03223,0.001952,95.291
84388010,"Machinery for tea shorting, CTC, tea forme  ting, tea drier,LPT nes",PCS,1,377.820094,0.000378,18.892
84388090,"Other machinery for industrial prep of fo o  or drink, nes",PCS,342,31728.251495,0.031728,846.076
84389000,Parts of HS 84381000 to 84388090  . .,PCS,4816,13782.804726,0.013783,2573.144
84391000,Machinery for making pulp of fibrous cellu  osic material,PCS,2,241.246766,0.000241,12.128
84392000,Machinery for making paper or paperboard  . .,PCS,2,2819.88975,0.00282,28.33
84393000,Machinery for finishing paper or paperboar  .,PCS,9,1298.134285,0.001298,40.55
84399900,Parts of machinery for making/finishing pa  er or paperboard.,PCS,77,8965.643484,0.008966,1672.566
84401000,Book-binding machinery (incl book-sewing  m chines),PCS,13,4984.83282,0.004985,194.793
84409000,Parts of book-binding machinery   .,PCS,4,8.54133,0.000009,1.595
84411000,Cutting machines  . .,PCS,26,8163.233462,0.008163,89.767
84412000,"Machines for making bags, sacks or envelop  s of paper or paperboard.",PCS,2,1029.402437,0.001029,10.36
84413000,"Machines for making cartons, boxes, etc, o   paper or paperboard.",PCS,6,1459.96301,0.00146,38.87
84414000,"Machines for moulding articles in paper pu  p, paper or paperboard",PCS,20,6324.972782,0.006325,121.174
84418000,"Machinery for making up paper pulp, paper   r paperboard, nes",PCS,100,3239.485207,0.003239,76.716
84419000,"Parts of machinery for making up paper pul  , paper or paperboard, nes",PCS,134,1874.254424,0.001874,350.09
84423000,"Machinery, apparatus & equipment for makin   plates,cilinders or other printing c",PCS,1,93.160859,0.000093,4.724
84424000,Parts of type-setting machinery   .,PCS,72,85.332358,0.000085,15.919
84425000,"Plates, cylinders and other printing  comp  nents; plates, cylinders and lithogra",PCS,111126,10124.696671,0.010125,1891.263
84431100,"Offset printing machinery, reelfed   .",PCS,97,12164.068869,0.012164,128.464
84431200,"Offset printing machinery,sheetfed,office   ype, one side <=20cm, next side <=36c",PCS,3,570.310156,0.00057,13.247
84431300,Other offset printing machinery   .,PCS,49,16770.206345,0.01677,207.456
84431400,"Letterpress printing machinery, reel fed,   xcluding flexographic printing",PCS,3,16.37991,0.000016,1.906
84431600,Flexographic printing machinery   .,PCS,14,369.402594,0.000369,16.294
84431700,Gravure printing machinery   .,PCS,1,17490.106,0.01749,174.967
84431900,"Offset printing machinery, nes   .",PCS,22,18035.732209,0.018036,422.578
84433100,"Machines which perform multi functions(pri  ting,copying or fax etc)on or without",PCS,1930,40773.595161,0.040774,9908.348
84433200,"Other machine, printing, copying or fax etc  connecting with PC or on network",PCS,2821,48740.440506,0.04874,11838.477
84433900,"Other - Printers, coppiers, fax   .",PCS,16952,23514.769072,0.023515,5563.727
84439100,"Parts & accessories of printing machinery   sed for printing by means of plates,",PCS,3443,7314.652019,0.007315,1357.883
84439910,Toner cartridge,PCS,17931,27402.447359,0.027402,5111.459
84439990,"Other - parts & accessories of fax, photoc  py & printer.",PCS,8174,9088.405288,0.009088,1182.147
84451100,Carding machines  . .,PCS,56,346.716303,0.000347,17.738
84451900,"Machines for preparing textile fibres, nes  .",PCS,5,6353.498197,0.006353,317.888
84452000,Textile spinning machines   .,PCS,307,62518.325051,0.062518,626.829
84454000,Textile winding (incl weft-winding) or re e ing machines.,PCS,3,1058.462315,0.001058,10.925
84459000,"Machinery for producing or preparing texti  e yarns, nes.",PCS,7,29.05258,0.000029,1.453
84461000,"Weaving machines for weaving fabrics, =<30  m wide",PCS,1,0.19371,0,0.01
84462100,"Power looms for weaving fabrics, =<30cm wi  e, shuttle type",PCS,12,9391.499938,0.009391,145.183
84462900,"Weaving machines for weaving fabrics, >30c   wide, shuttle type, nes.",PCS,12,20067.8635,0.020068,200.744
84471200,"Circular knitting machines, with cylinder   iameter >165mm",PCS,2,18335.128,0.018335,183.417
84472000,Flat knitting machines; stitch-bonding mac  ines.,PCS,36,11460.794367,0.011461,222.906
84479000,"Machines for making gimped yarn, tulle, la  e, embroidery, trimmings, braid & tuf",PCS,10,3832.994247,0.003833,153.33
84481100,"Dobbies and jacquards; card reducing, copy  ng, punching Machines",PCS,9,10645.391875,0.010645,1554.792
84482000,Parts and accessories of machines of 8444   r their auxiliary machinery,PCS,46,776.819336,0.000777,140.399
84483100,Card clothing  . .,PCS,699,1998.983575,0.001999,298.092
84483200,"Parts and accessories of machines for prep  ring textile fibres, nes.",PCS,8245,1960.528702,0.001961,277.233
84483300,"Spindles and spindle flyers, spinning ring  and ring travellers",PCS,211337,2421.142619,0.002421,348.401
84483900,"Parts and accessories of machines of 8445 , etc, nes.",PCS,5835,7263.58085,0.007264,1054.777
84484200,"Reeds for looms, healds and heald-frames  . .",PCS,72,64.6609,0.000065,12.128
84484900,"Parts and accessories of weaving machines   looms), nes",PCS,241831,10422.756313,0.010423,1819.08
84485100,"Sinkers, needles and other articles used i   forming stitches",PCS,41257,1088.986439,0.001089,155.408
84485900,"Parts and accessories of machines of 8447 , etc, nes.",PCS,1868,750.527687,0.000751,137.723
84490010,Face mask making machine,PCS,2,1230.464469,0.00123,12.435
84501100,"Fully-automatic washing machines, capacity  <10kg",PCS,9569,330629.50139,0.33063,117623.626
84501200,"Washing machines with built-in centrifugal  drier, capacity =<10kg",PCS,767,7239.222219,0.007239,2577.563
84501900,"Washing machines, nes, of a dry linen capa  ity =<10kg",PCS,330,2047.181281,0.002047,732.875
84502000,"Washing machines, household/laundry type,   apacity >10kg",PCS,88,7914.607851,0.007915,2674.821
84509000,Parts of household/laundry-type washing ma  hines,PCS,5902,3238.482455,0.003238,999.189
84511000,Dry-cleaning machines   .,PCS,155,1806.777818,0.001807,847.583
84512100,"Drying machines, of a dry linen capacity =  10kg.",PCS,89,1733.189798,0.001733,812.87
84512900,"Drying machines, of a dry linen capacity >  0kg",PCS,5,675.291823,0.000675,13.909
84513000,Ironing machines and presses (incl fusing   resses),PCS,217,4229.973201,0.00423,77.728
84514000,"Washing, bleaching or dyeing machines, nes  .",PCS,48,18647.298924,0.018647,377.101
84515000,"Machines for reeling, unreeling, folding,   utting or pinking textile fabrics",PCS,159,1174.037594,0.001174,48.113
84518000,"Machines for wringing, dressing, finishing  textile yarns, fabrics",PCS,36,15810.138625,0.01581,49.756
84519090,"Parts of machines for cleaning, drying, ir  ning, etc",PCS,1746,427.34465,0.000427,81.568
84521000,Sewing machines of the household type   .,PCS,634,1763.883761,0.001764,322.812
84522100,Automatic sewing machines   .,PCS,54,2241.402924,0.002241,120.871
84522900,Sewing machines of industrial type (excl  a tomatic units),PCS,4695,92961.146414,0.092961,1346.731
84523000,Sewing machine needles,PCS,247087,143.639611,0.000144,26.659
84529000,"Furniture, bases and covers for sewing mach nes and parts thereof;other parts of",PCS,28596,5827.506439,0.005828,1092.667
84531000,"Machinery for preparing, tanning or workin   hides, skins or leather.",PCS,3,384.131359,0.000384,6.583
84532000,Machinery for making or repairing footwear  .,PCS,234,2632.52682,0.002633,108.299
84538000,"Machinery for making/repairing articles of  hides, skins or leather, nes.",PCS,6,0.95879,0.000001,0.048
84539000,"Parts of machinery for preparing  leath er, making footware, etc.",PCS,287,1727.726988,0.001728,322.437
84549000,"Parts of converters, ladles, ingot moulds    casting machines, casting machines",PCS,226,8363.319435,0.008363,1560.367
84551000,Tube mills   .,PCS,2,5149.834875,0.00515,51.629
84552100,Hot or combination hot and cold metal-roll  ng mills.,PCS,97,147207.201406,0.147207,1487.336
84552200,Cold metal-rolling mills  . .,PCS,1,6967.323,0.006967,69.739
84553000,Rolls for rolling mills   .,PCS,304,20225.74738,0.020226,1011.687
84559000,Parts of metal-rolling mills (excl rolls) . .,PCS,10219,26311.857838,0.026312,4908.965
84561100,Operated by laser,PCS,33,15839.340074,0.015839,0.715
84562000,Machine-tools operated by ultrasonic proce  ses,PCS,4,72.27134,0.000072,4.71
84564000,Operated by plasma arc processes,PCS,3,270.932375,0.000271,13.548
84569000,Other - Machinery tools for working any ma  erial by laser or other light or phot,PCS,12,578.861222,0.000579,0.065
84571000,Machining centres for working metal   .,PCS,2,643.903945,0.000644,8.42
84581100,"Horizontal lathes for removing metal, nume  ically controlled",PCS,6,3575.092641,0.003575,55.286
84589900,"Lathes for removing metal, nes (excl nume r cally controlled)",PCS,1,167.399047,0.000167,8.37
84591000,"Way-type unit head machines for drilling,   oring by removing metal",PCS,60,58.580541,0.000059,3.092
84592100,"Drilling machines for removing metal, nume  ically controlled, nes",PCS,24,211.514957,0.000212,10.643
84592900,"Drilling machines for removing metal, nes   .",PCS,99,2268.344942,0.002268,95.265
84594100,Numerically controlled,PCS,1,20,0.00002,1.065
84595100,"Milling machines, knee-type, for metal, nu  erically controlled",PCS,1,168.061656,0.000168,24.419
84596900,"Milling machines for metal, nes   .",PCS,3,12010.428,0.01201,120.235
84597000,"Threading or tapping machines for metal, w  rked by removing metal, nes",PCS,8,339.093062,0.000339,4.024
84601900,"Flat-surface grinding machines, >=001mm a c uracy, nes",PCS,2,1.22194,0.000001,0.229
84602300,"Other cylindrical grinding machines, numerically controlled",PCS,1,2.46989,0.000002,0.462
84602900,"Grinding machines, nes, accurate to >=001 m .",PCS,6,743.074938,0.000743,138.717
84603100,"Sharpening (tool or cutter grinding) machi  es, numerically controlled",PCS,1,47.951672,0.000048,8.944
84603900,"Sharpening (tool or cutter grinding) machi  es, nes",PCS,744,495.098135,0.000495,92.34
84604000,"Honing or lapping machines, for working me  al",PCS,1,11.2105,0.000011,2.157
84609000,"Machines for deburring, grinding, polishin  , etc, metal, nes",PCS,366,1045.826707,0.001046,192.514
84612000,Shaping or slotting machines for working m  tal or cermets,PCS,5,14808.1105,0.014808,2761.976
84614000,Gear cutting/grinding/finishing machines f  r working metal or cermets,PCS,1,1444.87325,0.001445,269.535
84615000,Sawing or cutting-off machines for working  metal or cermets.,PCS,316,7991.369485,0.007991,1490.737
84619000,"Machine tools working by removing metal or  cermets,nes",PCS,2,420.724906,0.000421,78.599
84621100,Closed die forging machines,PCS,102,518.616211,0.000519,96.855
84621900,Other die forging machine (excel closed die forging),PCS,1,130.938641,0.000131,24.421
84622300,Numerically controlled press brakes,PCS,2,554.501508,0.000555,103.482
84622600,"Other numerically controlled bending, folding, straightening or flattening machines",PCS,6,306.930566,0.000307,57.311
84622900,"Other bending, folding straightening or flattening machines",PCS,68,10742.998248,0.010743,2003.918
84623200,Slitting lines and cut-to-length lines,PCS,1,38.7595,0.000039,7.294
84623900,"Other slitting lines, cut-to-length lines & other shearing machines for flat products",PCS,10,1635.467172,0.001635,305.216
84624200,"Numerically controlled punching, notching or nibbling machines for flat products",PCS,206,105.727109,0.000106,19.798
84624900,"Other punching, notching or nibbling machines for flat products",PCS,489,2508.609558,0.002509,469.828
84625900,"Other machines for working tube, pipe, hollow section & bar (excl presses)",PCS,7,611.364812,0.000611,131.134
84626100,Hydraulic presses (cold metal working presses),PCS,15,6387.025168,0.006387,1192.876
84626200,Mechanical presses (cold metal working presses),PCS,1,57.878211,0.000058,10.86
84626900,Other cold metal working presses,PCS,17,275.402594,0.000275,51.364
84629000,"Other machines for working tube, pipe, hollow section & bar (excl presses)",PCS,49,1121.179867,0.001121,209.178
84633000,"Machines for working wire, without removin   material for working metal",PCS,22,43695.662479,0.043696,8164.987
84639000,"Machine-tools for working metal, without r  moving material, nes.",PCS,7,279.918244,0.00028,52.21
84641000,"Sawing machines, for workingstone, ceramic  , concrete, etc",PCS,14,32536.040281,0.032536,4.918
84642000,"Grinding or polishing machines, for workin   stone, ceramics, etc",PCS,10,33102.40234,0.033102,1708.328
84649000,"Machine-tools for working stone, ceramics,  concrete, etc",PCS,32,251.313708,0.000251,32.673
84651000,Machines which can change operation withou   changing tools,PCS,13,9473.302555,0.009473,1767.103
84652000,Machining centres,PCS,1,53.0315,0.000053,9.956
84659100,"Sawing machines for working wood, cork, bo  e, hard rubber, etc",PCS,58,6113.361879,0.006113,1140.63
84659200,"Planing, milling or moulding machines for   orking wood, cork, bone, etc.",PCS,1657,6686.815418,0.006687,1234.478
84659300,"Grinding, sanding or polishing machines fo   working wood, cork, etc.",PCS,7,3050.302846,0.00305,568.956
84659400,"Bending or assembling machines for working  wood, cork, bone, etc",PCS,16,6571.52034,0.006572,1225.655
84659500,"Drilling or morticing machines for working  wood, cork, bone, etc",PCS,24,182.294912,0.000182,34.919
84659600,"Splitting, slicing or paring machines for   orking wood, cork, bone, etc.",PCS,67,12276.635211,0.012277,2289.999
84659900,"Machine-tools, nes, for working wood, cork   bone, hard rubber, etc",PCS,81,16404.916713,0.016405,3060.261
84661000,Tool holders and self-opening dieheads   .,PCS,1556,28636.50329,0.028637,3905.081
84662000,Work holders for machine-tools   .,PCS,350,364.940015,0.000365,68.204
84663000,Dividing heads and other special attachmen  s for machine-tools,PCS,270,2744.989178,0.002745,512.171
84669100,Parts and accessories for machines of 846 4 .,PCS,5203,431.947493,0.000432,47.651
84669200,Parts and accessories for machines of 846 5 .,PCS,25,2636.712649,0.002637,491.957
84669300,Parts and accessories for machines of 845 6 to 8461,PCS,1323,2305.707339,0.002306,285.084
84669400,Parts and accessories for machines of 846 2 to 8463,PCS,813,2696.112269,0.002696,504.038
84671100,"Pneumatic tools, rotary type, for working   n the hand",PCS,821,1596.404915,0.001596,388.22
84671900,"Pneumatic tools (excl rotary type), for w o king in the hand.",PCS,891,4947.556557,0.004948,1202.748
84672100,"Drills and kinds, with self-contanied ei c  ric motor",PCS,6896,19687.803816,0.019688,4958.403
84672200,"Saws, with self-contanied electric motor  .",PCS,1113,3411.272068,0.003411,828.969
84672900,"Other tools, with self-contanied electric   otor.",PCS,38442,104302.124256,0.104302,25543.876
84678100,Chain saws with non-electric motor   .,PCS,1381,5851.434875,0.005851,1431.122
84678900,"Tools for working in the hand, with non-el  ctric motor, nes.",PCS,2187,6580.655163,0.006581,1584.727
84679100,Parts of chain saws   .,PCS,3133,224.374548,0.000224,41.861
84679200,Parts of pneumatic tools  . .,PCS,7871,3002.330116,0.003002,560.021
84679900,"Parts of hand-tools, with non-electric mot  r, nes",PCS,22357,5593.932684,0.005594,1013.462
84681000,"Hand-held blow pipes for soldering, brazin   or welding",PCS,556,685.605306,0.000686,127.44
84682000,"Gas-operated machinery and apparatus, for   oldering, brazing or welding.",PCS,5796,662.74414,0.000663,123.844
84688000,"Machinery and apparatus for soldering, bra  ing or welding, nes",PCS,537,178.179595,0.000178,33.302
84689000,"Parts of soldering, brazing or welding mac  inery and apparatus",PCS,6255,2215.986826,0.002216,413.651
84701000,Elec calculators operating without extern a  elec power; pocket-size data record.,PCS,17005,2012.450955,0.002012,262.724
84702900,"Electronic calculating machines, nes, with  ut a printing device.",PCS,47801,8664.299461,0.008664,1126.495
84703000,Calculating machines (excl electronic)   .,PCS,47063,10217.201086,0.010217,1328.31
84705000,Cash registers   .,PCS,136,5177.646213,0.005178,674.439
84709000,"Postage-franking machines, ticket-issuing   achines, etc.",PCS,7,1269.6445,0.00127,165.119
84713010,Laptop and note book,PCS,12523,1204032.735544,1.204033,224179.052
84713020,Tablet,PCS,2321,62877.871025,0.062878,11732.461
84713090,Other portable automatic data processing machine,PCS,305,43302.928599,0.043303,4546.651
84714110,Interacting console terminal,PCS,1902,67955.413641,0.067955,24192.726
84714190,"Non-portable ADP machines, comprising at l  ast CPU & input/output unit in same h",PCS,388,17529.738859,0.01753,3272.327
84714900,"Non-portable ADP machines, nes, presented   n the form of systems",PCS,2619,217296.892117,0.217297,28622.485
84715010,Computer Server or Network Server  .,PCS,108,84786.203366,0.084786,15786.453
84715090,Other than computer or network server. .,PCS,18,9036.025583,0.009036,769.477
84716010,Keyboard,PCS,4950,2795.15062,0.002795,366.145
84716020,Scanner,PCS,1722,22729.895442,0.02273,2955.359
84716030,Mouse,PCS,10314,3000.960647,0.003001,390.175
84716090,Other input unit,PCS,531,1431.685621,0.001432,186.32
84717010,Computer's Internal Harddisk . .,PCS,6043,40353.60084,0.040354,7528.444
84717020,Computer External Portable Harddisk +,PCS,1537,8003.743768,0.008004,1492.841
84717090,Other Storage Unit,PCS,374,3637.779849,0.003638,679.584
84718000,Units of automatic data processing machine   nes.,PCS,21727,153136.309988,0.153136,19924.574
84719000,Magnetic or optical readers; machines for   ranscribing data onto data medianes,PCS,4947,24117.701388,0.024118,3136.267
84721000,Hectograph or stencil duplicating machines  .,PCS,5,0.28704,0,0.106
84723000,"Machines for dealing (sorting,folding,inse  ting in envolop,opening,closing etc)w",PCS,1,0.46564,0,0.14
84729010,Automatic Teller Machine (ATM),PCS,1,11.05035,0.000011,3.376
84729020,Automatic Bank Note Dispenser,PCS,20,653.254625,0.000653,195.716
84729040,Stapling Machine,PCS,84422,3470.258828,0.00347,1039.42
84729090,Other office machines,PCS,4346,651.627493,0.000652,206.328
84732900,Parts and accessories of machines of 8470 3  to 847090,PCS,200,1273.082074,0.001273,168.34
84733000,Parts and accessories of the machines of 8  71,PCS,13150,90501.099373,0.090501,11749.883
84734000,Parts and accessories of the machines of 8  72,PCS,255,2329.699191,0.00233,434.594
84742000,"Crushing or grinding machines for earth, s  one, ores, etc",PCS,40,36733.028695,0.036733,1412.765
84743100,Concrete or mortar mixers   .,PCS,155,42589.462929,0.042589,2130.796
84743200,Machines for mixing mineral substances wit   bitumen.,PCS,3,4904.0995,0.004904,165.416
84743900,"Mixing or kneading machines for earth, sto  e, ores, etc nes.",PCS,13,1590.050516,0.00159,79.635
84748000,"Other machinery for sorting, screening, se  aratinga earth, stone, ores, etc, nes",PCS,35,44487.543191,0.044488,547.795
84749000,Parts of machinery of 8474   .,PCS,7413,75907.919871,0.075908,13817.907
84762100,"Automatic beverage-vending machines, with   eating or refrigerating devices",PCS,66,2225.115775,0.002225,415.118
84768900,"Automatic vending machines without heating  refrigerating devices,nes(exclbev m",PCS,72,669.456809,0.000669,124.922
84769000,Parts for automatic goods-vending machines  .,PCS,86,410.641613,0.000411,76.717
84771000,"Injection-moulding machines for working rubber or plastics, etc.",PCS,15,35380.054124,0.03538,1769.419
84772000,Extruders for working rubber or plastics a  d making products thereof,PCS,49,47220.759176,0.047221,828.543
84773000,"Blow moulding machines for working rubber   r plastics, etc",PCS,51,3070.156897,0.00307,87.342
84774000,Vacuum moulding machines and other thermof  rming machines for rubber,PCS,1,37.601102,0.000038,1.946
84775100,"Machinery for moulding or retreading pneum  tic tyresa, or forming inner tubes",PCS,2751,69.325021,0.000069,3.467
84775900,"Machinery for moulding or forming rubber o   plastics, etc, nes",PCS,11,812.666266,0.000813,8.127
84778000,"Machinery for working rubber/plastics or m  king products thereof, nes",PCS,119,194265.696299,0.194266,2045.464
84779000,"Parts of machinery for working rubber or p  astics, etc",PCS,321,6185.658361,0.006186,805.073
84789000,Parts of machinery preparing or making up   obacco,PCS,124,3721.539925,0.003722,694.752
84791000,"Machinery for public works, building or the like [UN.",PCS,149,758.141293,0.000758,37.609
84792000,Machinery for the extraction or preparation of animal or fixed vegetable or microbial,PCS,108,188642.165728,0.188642,2481.992
84793000,"Machinery for treating wood or cork, havin   individual functions",PCS,2,5157.596516,0.005158,57.795
84794000,Rope or cable-making machines   .,PCS,2,105877.114621,0.105877,1060.709
84795000,"Industrial robots, not elsewhere specified or included",PCS,13,2072.455812,0.002072,92.091
84796000,Evaporative air coolers   .,PCS,4047,4878.969969,0.004879,1162.47
84797900,Other passenger boarding bridge   .,PCS,109,22.52686,0.000023,2.93
84798100,"Machines for treating metal, incl electri c wire coil-winders, having individual",PCS,13,8735.821249,0.008736,124.965
84798200,"Machines for mixing, kneading, crushing,gr  nding,, having individual functions",PCS,262,70016.496302,0.070016,893.934
84798910,Machinery for soap Industry   .,PCS,1,119.398227,0.000119,6.035
84798950,Machine for production of Medicines,PCS,79,43848.519986,0.043849,664.585
84798991,Air humidifier and dehumidifier,PCS,103,384.04263,0.000384,71.699
84798992,Nature and organic fertilizers machines,PCS,1,199.118125,0.000199,0
84798999,"Other- machines & mechanical appliances having individual functions, nes",PCS,562,16968.291874,0.016968,3995.185
84799000,"Parts of machines heading 8479 having ind i idual functions, nes.",PCS,21882,28532.880244,0.028533,5327.597
84801000,Moulding boxes for metal foundry  . .,PCS,208,983.825782,0.000984,49.457
84802000,Mould bases   .,PCS,571,3121.984665,0.003122,156.499
84803000,Moulding patterns   .,PCS,25,654.752953,0.000655,32.872
84804100,Injection or compression type moulds for m  tal or metal carbides,PCS,5,47.092959,0.000047,2.357
84804900,Moulds for metal or metal carbides (excl  i jection or compression),PCS,2066,9510.500768,0.009511,476.813
84805000,Moulds for glass  . .,PCS,20,3.34286,0.000003,0.168
84806000,Moulds for mineral materials  . .,PCS,502,3045.468274,0.003045,152.541
84807100,Injection or compression type moulds for r  bber or plastics.,PCS,502,49449.001533,0.049449,2435.289
84807900,Moulds for rubber or plastics (excl injec t on of compression),PCS,20824,14293.104757,0.014293,697.348
84811000,Pressure-reducing valves  . .,PCS,217227,26699.012398,0.026699,8222.588
84812000,Valves for the control of oleohydraulic or  pneumatic transmission,PCS,2375,6291.363414,0.006291,1935.831
84813000,Check (nonreturn) valves  . .,PCS,4496,3981.809177,0.003982,1215.765
84814000,Safety or relief valves   .,PCS,126583,9174.516349,0.009175,2588.396
84818010,Gas regulator's valve,PCS,26742,19068.566236,0.019069,6743.741
84818020,Oxygen cylinder valve,PCS,577,1771.427415,0.001771,398.919
84818090,"Other appliances such as taps, cocks and o  her valves, nes",PCS,518425,203799.766375,0.2038,60894.218
84819000,Parts of valves and similar appliances of   481,PCS,2093743,29255.570851,0.029256,6651.724
84821000,Ball bearings  . .,PCS,538137,92861.189743,0.092861,17573.834
84822000,"Tapered roller bearings, including cone an   tapered roller assemblies",PCS,31307,24873.95309,0.024874,4641.261
84823000,Spherical roller bearings   .,PCS,1099,12043.240877,0.012043,2248.274
84824000,"Needle roller bearings, including cage and needle roller assemblies",PCS,12685,2919.396823,0.002919,544.714
84825000,"Other cylindrical roller bearings, including cage and roller assemblies",PCS,1478,2782.731601,0.002783,519.19
84828000,"Ball or roller bearings (incl combined ba l /roller bearings), nes",PCS,29408,12640.192572,0.01264,2358.64
84829100,"Balls, needles and rollers   .",PCS,1661634,2006.812415,0.002007,374.64
84829900,"Parts of ball or roller bearings (excl ba l s, needles and rollers)",PCS,3063,974.781566,0.000975,182.519
84831000,Transmission shafts (incl cam and crank s h fts) and cranks,PCS,9355,20393.743689,0.020394,6063.265
84832000,"Bearing housings, incorporating ball or ro  ler bearings.",PCS,17232,12115.003488,0.012115,3629.876
84833000,"Bearing housings, nes; plain shaft bearing  .",PCS,15776,15283.396516,0.015283,4556.948
84834000,Gears and gearing; ball or roller screws;   ear boxes and other speed changers,PCS,15059,34115.106496,0.034115,9790.993
84835000,Flywheels and pulleys (incl pulley blocks ) .,PCS,8693,11853.259937,0.011853,3169.884
84836000,Clutches and shaft couplings  (incl unive r al joints),PCS,11737,14284.786818,0.014285,4280.893
84839000,"Toothed wheels,chain sprockets and other t  ansmission elem presented separately:",PCS,44452,20292.151573,0.020292,5921.896
84841000,Gaskets of metal combined with other ma ter als or >1 metal layer,PCS,40493,6536.630936,0.006537,1223.795
84842000,Mechanical seals  . .,PCS,5207,10556.747591,0.010557,1970.142
84849000,Sets or assortments of gaskets and similar  joints,PCS,1507,1495.697996,0.001496,279.319
84852000,By plastics or rubber deposit ((Machines for additive manufacturing),PCS,1,154.468,0.000154,28.874
84859000,Parts of Machines for additive manufacturing,PCS,2,0.35272,0,0.067
84861000,Machines and apparatus for the manufacture  of boules or wafers,PCS,3,233.788563,0.000234,30.458
84871000,Ships' propellers and blades therefor   .,PCS,187,54.13017,0.000054,10.102
84879000,"Others - machinery parts, not containing e  ectrical connectors, insulators, coil",PCS,1934,17150.323368,0.01715,649.322
85011000,Motors of an output =<375 W   .,PCS,11178,11970.011912,0.01197,3686.978
85012000,Universal ac/dc motors of an output >375  W .,PCS,2165,1777.688978,0.001778,446.361
85013100,Dc motors and generators of an output =<75   W,PCS,2436,3960.944733,0.003961,1187.058
85013200,Dc motors and generators of an output >750  W-<=75 kW,PCS,8310,14644.707813,0.014645,3336.253
85013300,Dc motors and generators of an output >75   W-<=375 kW,PCS,3,839.493393,0.000839,251.563
85014000,"Ac motors, single-phase   .",PCS,1359,7523.22716,0.007523,1758.92
85015100,"Ac motors, multi-phase, of an output =<750  W",PCS,110,3822.538562,0.003823,924.088
85015200,"Ac motors, multi-phase, of an output >750   -<=75 kW.",PCS,1044,26768.658759,0.026769,6545.766
85015300,"Ac motors, multi-phase, of an output >75 k  .",PCS,6,3713.436293,0.003713,919.602
85016200,Ac generators (alternators) of an output >  5 kVA-<=375 kVA,PCS,4,68.151,0.000068,20.412
85016400,Ac generators (alternators) of an output >  50 kVA,PCS,285,454058.940875,0.454059,1798.99
85017200,Of an output exceeding 50 W,PCS,6,71.999958,0.000072,21.568
85018000,Photovoltaic AC generators,PCS,100,4.20976,0.000004,2.556
85021110,Electric Generating sets upto 12.5 KVA,PCS,78,170.94357,0.000171,51.33
85021190,"Generating sets with compression-ignition   iston engines, =<75 kVA",PCS,77,51078.519906,0.051079,9531.923
85021200,Generating sets with compressionignition  p ston engines > 75 KVA,PCS,45,64319.500437,0.06432,11996.408
85021300,"Generating sets with compression-ignition   iston engines, >375 kVA",PCS,6,45955.748,0.045956,7682.996
85022000,Generating sets with spark-ignition intern  l combustion piston engines,PCS,127,2115.716781,0.002116,633.668
85023900,"Generating sets,(exclwind-powered) nes   .",PCS,320,2.17087,0.000002,0.653
85030010,Parts suitable for machines of 85.01 or 85.02 of wind operated machine,PCS,43,472.879536,0.000473,23.651
85030090,Parts suitable for machines of 85.01 or 85.02 (excel wind operated machine),PCS,834,117402.170378,0.117402,4768.234
85041000,Ballasts for discharge lamps or tubes   .,PCS,81,11.16525,0.000011,3.42
85042100,"Liquid dielectric transformers, power hand  ing capacity =<650kva",PCS,221,37473.930902,0.037474,208.064
85042200,"Liquid dielectric transformers, power hand  ing capacity 650-10000kva",PCS,1,425.804375,0.000426,127.594
85042300,"Liquid dielectric transformers, power hand  ing capacity >10000kva",PCS,17737,28347.535615,0.028348,7.319
85043100,"Transformers, nes, power handling capacity  =<1kva",PCS,16698,14470.164113,0.01447,3940.919
85043200,"Transformers, nes, power handling capacity  -16kva",PCS,458,3121.58327,0.003122,935.262
85043300,"Transformers, nes, power handling capacity  16-500kva",PCS,48,26355.617799,0.026356,3392.856
85043400,"Transformers, nes, power handling capacity  >500kva",PCS,200,23.486,0.000023,7.035
85044010,AC/DC Flat charger for electric vehicles,PCS,26271,31870.441368,0.03187,7734.169
85044020,Mobile phone charger,PCS,255199,49135.290361,0.049135,14742.076
85044090,Other static converters,PCS,54500,197118.199916,0.197118,25394.789
85045000,"Other Inductors, nes   .",PCS,140592,28354.828758,0.028355,6053.664
85049000,"Parts of transformers, inductors and stati   converters (heading 8504)",PCS,93683,45075.381323,0.045075,6952.841
85051100,Permanent magnets and articles becoming pe  manent magnets of metal,PCS,92344,1469.517854,0.00147,160.546
85051900,Permanent magnets and articles becoming pe  manent magnets (excl metal),PCS,75587,692.020279,0.000692,182.99
85052000,"Electro-magnetic couplings, clutches and b  akes.",PCS,5,59.945501,0.00006,14.635
85059000,"Electro-magnetic or permanent magnet chuck  , etc; parts of magnets",PCS,1259,6281.561347,0.006282,1437.871
85061000,"Primary cells and primary batteries, manga  ese dioxide",PCS,2071329,14531.146232,0.014531,6844.686
85063000,"Primary cells and primary batteries, mercu  ic oxide.",PCS,26,143.129777,0.000143,67.134
85065000,"Primary cells and primary batteries, lithi  m",PCS,50916,2307.811133,0.002308,1100.365
85068000,Other primary cells and primary batteries   .,PCS,111496,5336.072247,0.005336,2510.439
85069000,Parts of primary cells and primary batteri  s,PCS,3327,32.64456,0.000033,17.056
85071000,Lead-acid accumulators for starting piston  engines,PCS,48794,117862.96682,0.117863,57941.41
85072000,Lead-acid accumulators (excl for starting   iston engines),PCS,14320,140595.273237,0.140595,69293.342
85073000,Nickel-cadmium accumulators   .,PCS,415,1437.119797,0.001437,994.764
85075000,Mickel- metal hydride (electric acumulators),PCS,183,139.219038,0.000139,68.443
85076000,Lithium-ion  (electric acumulators),PCS,107458,172342.969092,0.172343,71398.676
85078010,Power bank (Battery Pack),PCS,39992,27779.136308,0.027779,13741.959
85078090,Other accumulator,PCS,12320,5422.136302,0.005422,2681.27
85079000,Parts of electric accumulators,PCS,1072165,25024.840804,0.025025,4274.692
85081100,"Vacuum Cleaners with electric motor of a p  wer <=1,500 W & having a dust bag <=",PCS,81,1530.272437,0.00153,555.162
85081900,Other vacuum cleaners with self contained   lectric motor,PCS,782,3685.424444,0.003685,1342.414
85086000,Other vacuum cleaners   .,PCS,112,531.714124,0.000532,197.119
85087000,Parts of vaccum cleaners  .,PCS,444,377.195887,0.000377,137.57
85094000,Electro-mechanical domestic food grinders/  ixers/juice extractors,PCS,56541,72950.31574,0.07295,16350.331
85098000,"Electro-mechanical domestic appliances, ne  , with electric motor",PCS,1333,742.436397,0.000742,180.578
85099000,Parts of electro-mechanical domestic appli  nces.,PCS,103862,5407.652164,0.005408,1310.546
85101000,Shavers with self-contained electric motor  .,PCS,21129,7111.963608,0.007112,2163.495
85102000,Hair clippers with self-contained electric  motor,PCS,5627,2999.543002,0.003,903.559
85103000,"Hair-removing appliances with self-contain  d electric motor, (excl shavers & cli",PCS,9492,4491.44367,0.004491,1345.534
85109000,Parts of shavers and hair clippers with se  f-contained electric motor,PCS,1062,80.52162,0.000081,24.122
85111000,Sparking plugs   .,PCS,192463,14573.734732,0.014574,4416.389
85112000,Ignition magnetos; magneto-dynamos; magnet  c flywheels,PCS,2447,2220.7977,0.002221,481.885
85113000,Distributors; ignition coils  . .,PCS,2257,1785.97978,0.001786,560.826
85114000,Starters motors and dual purposes starter  generators,PCS,4025,15129.846485,0.01513,4570.869
85115000,"Generators, nes, for internal combustion e  gines",PCS,509,4360.965645,0.004361,1209.066
85118000,"Ignition/starting equipment, nes, for internal combustion engines",PCS,13989,5071.129486,0.005071,1767.706
85119000,Parts of electrical ignition/starting equi  ment of 8511.,PCS,27542,15037.72686,0.015038,3953.573
85121000,Lighting or visual signalling equipment fo   bicycles,PCS,4669,483.08143,0.000483,175.593
85122000,Lighting or visual signalling equipment fo   motor vehicles,PCS,178639,49967.981611,0.049968,16995.194
85123000,Sound signalling equipment for cycles or m  tor vehicles.,PCS,8629,3326.724545,0.003327,1023.144
85124000,"Windscreen wipers, defrosters and demister   for motor vehicles",PCS,9916.5,3959.932812,0.00396,1410.672
85129000,"Parts of vehicle lighting/signalling, etc,  equipment of 8512",PCS,5482,1830.026046,0.00183,648.091
85131000,"Portable electric lamps worked by dry batteries, accumulators, magnetos.",PCS,204239,20819.398656,0.020819,6675.064
85139000,Parts of portable electric lamps of 8513  . .,PCS,39,24.90486,0.000025,6.061
85141900,Other Resistance heated furnaces and ovens,PCS,29,6133.701047,0.006134,797.58
85142000,Furnaces and ovens functioning by inductio   or dielectric loss,PCS,6,15996.24547,0.015996,2079.581
85143100,Electron beam furnaces,PCS,2,234.779906,0.000235,30.653
85143200,Plasma and vacuum arc furnaces,PCS,1,424.025937,0.000424,55.189
85143990,Other furnaces and ovens,PCS,3,339.9635,0.00034,44.261
85144000,Other equipment for the heat treatment of materials by induction or dielectric loss,PCS,90,1554.427757,0.001554,377.808
85149000,"Parts of industrial or laboratory furnaces  and ovens, etc, of 8514",PCS,1571,27000.946112,0.027001,3511.401
85151100,Soldering irons and guns  . .,PCS,4580,429.880967,0.00043,94.098
85151900,"Brazing or soldering machines and apparatu  , nes",PCS,1010,890.193789,0.00089,183.224
85152100,"Machines for resistance welding of metal,   ully or partly automatic.",PCS,30,5932.62376,0.005933,1002.96
85152900,"Machines and apparatus for resistance weld  ng of metal, not automatic",PCS,38,2495.853489,0.002496,465.484
85153100,"Machines for arc (incl plasma arc) weldin g of metals, automatic.",PCS,32,279.822502,0.00028,45.568
85153900,"Machines for arc (incl plasma arc) weldin g of metals, not automatic.",PCS,177,5068.489737,0.005068,925.547
85158000,"Machines and apparatus for welding/sprayin   of metals, nes",PCS,66,5486.264366,0.005486,1023.534
85159000,"Parts of soldering, brazing, welding, etc,  machines/apparatus of 8515",PCS,19011,6637.903763,0.006638,631.944
85161000,Electric instantaneous or storage water he  ters and immersion heaters,PCS,6380,27876.292338,0.027876,6785.442
85162100,Electric storage heating radiators   .,PCS,2,1.38061,0.000001,0.523
85162900,"Electric space heating and soil heating ap  aratus, nes",PCS,374,4559.914168,0.00456,1108.398
85163100,Electro-thermic hair dryers   .,PCS,8487,5264.046094,0.005264,1342.843
85163200,"Electro-thermic hair-dressing apparatus, e  c (excl dryers)",PCS,8501,4922.226321,0.004922,1227.246
85163300,Electro-thermic hand-drying apparatus   .,PCS,900,1212.323231,0.001212,296.419
85164000,Electrical smoothing irons   .,PCS,28615,21969.8626,0.02197,5305.584
85165000,Microwave ovens   .,PCS,4727,44858.866775,0.044859,10565.814
85166011,Induction stove,PCS,9800,23456.824957,0.023457,3053.156
85166012,Infrared stove,PCS,13993,31548.48869,0.031548,4103.465
85166019,Others electric stove,PCS,2,12.812,0.000013,2.522
85166020,Rice cooker,PCS,22269,34783.901118,0.034784,8376.114
85166030,"Water heating utensils such as kettle, jug",PCS,16754,7709.195808,0.007709,1887.426
85166090,"Other ovens, cooking plates, boiling rings, grillers & roaster",PCS,3686,16782.973051,0.016783,4082.103
85167100,Electro-thermic coffee or tea makers  . .,PCS,550,30146.648459,0.030147,7334.684
85167200,Electro-thermic toasters  . .,PCS,156,139.49472,0.000139,34.538
85167910,Electric insect trap,PCS,203,402.008093,0.000402,85.575
85167990,Other electro thermic appliances,PCS,56425,45505.62456,0.045506,11123.877
85168000,Electric heating resistors (excl those of   545).,PCS,2217,6355.636747,0.006356,1516.454
85169000,Parts of electro-thermic appliances,PCS,510918,23890.844014,0.023891,2893.839
85171100,Line telephone sets with cordless handsets  .,PCS,2895,4190.731525,0.004191,544.999
85171300,Smartphones,PCS,169185,3877824.054344,3.877824,723513.336
85171400,Other telephones for cellular networks or for other wireless networks,PCS,166288,163393.976285,0.163394,30473.52
85171800,Other telephone sets  . .,PCS,651,4974.550474,0.004975,646.891
85176210,Smart watch,PCS,10045,49875.943479,0.049876,14101.83
85176220,Networking switch,PCS,2583,74238.990015,0.074239,6522.595
85176230,Router,PCS,26934,91813.421984,0.091813,17124.826
85176290,Other appartus for transmission or reception of voice image or other data,PCS,2488,57951.693365,0.057952,6544.519
85176900,"Other apparatus for transmission or recept  on of voice, images or other data",PCS,2461,32183.92841,0.032184,6010.206
85177100,Aerials and aerial reflectors of all kinds; parts suitable for use therewith,PCS,504,24.61041,0.000025,5.984
85177900,Other Parts of communicatin in a wired or wireless network apparatus,PCS,332986,44355.333792,0.044355,10806.165
85181000,Microphones and stands therefor   .,PCS,4615,13073.887275,0.013074,3952.084
85182100,"Single loudspeakers, mounted in their encl  sures",PCS,12310,4747.25701,0.004747,1473.036
85182200,"Multiple loudspeakers, mounted in the same  enclosure",PCS,30177,54872.292883,0.054872,16943.43
85182900,"Loudspeakers, not mounted in encloseurs   .",PCS,15909,7417.378454,0.007417,2258.473
85183000,"Headphones, earphones whether or not combi  ed with a microphone & setmore louds.",PCS,109017,64389.741445,0.06439,19795.936
85184000,Audio-frequency electric amplifiers   .,PCS,673,2876.32438,0.002876,890.716
85185000,Electric sound amplifier sets   .,PCS,488,1520.459663,0.00152,481.816
85189000,Parts of apparatus of 8518   .,PCS,29841,1412.471959,0.001412,279.464
85193000,Turntables (recorddecks)  . .,PCS,37,52.4484,0.000052,15.52
85198100,"Other sound recording or reproducing appar  tus using magnetic,optical or semicon",PCS,4,41.3252,0.000041,10.871
85198900,"Other sound recording or reproducing appar  tus, nes.",PCS,3685,4945.153998,0.004945,550.474
85211000,"Video recording or reproducing apparatus,   ith or without video tuner,magnetic t",PCS,889,1914.210586,0.001914,465.227
85219000,"Video recording or reproducing apparatus,   ith or without video tuner,exclmagta.",PCS,1312,8752.179787,0.008752,2135.335
85229010,Parts & assessories of sound recorders & r  producers,PCS,100,4.2505,0.000004,1.549
85232100,Cards incorporating a magnetic stripe   .,PCS,402993,20735.709909,0.020736,5098.796
85232900,Other magnetic storage device,PCS,218,7067.983361,0.007068,1717.722
85234910,"Discs, tapes, solid-state devices with software (firmware)",PCS,8459,81014.304784,0.081014,19686.968
85234990,Others megnetic media,PCS,14,3.61317,0.000004,0.883
85235100,Solidstate nonvolatile storage devices   .,PCS,10742,11650.073243,0.01165,2832.233
85235210,Sim Card,PCS,410000,4573.59527,0.004574,1111.58
85235220,Memory card,PCS,14901,740.00485,0.00074,179.837
85235290,Smart cards   .,PCS,9970,545.889459,0.000546,132.821
85235900,Other semiconductor media   .,PCS,10121,232.76598,0.000233,56.57
85238000,"Others Discs, tapes, solid-state non-volatile storage devices""smartcards""&other media",PCS,806,3745.393067,0.003745,699.319
85241100,Flat panel display modules Of liquid crystals (without drivers or control circuits),PCS,1008,854.826996,0.000855,256.039
85241900,Other Flat panel display modules (without drivers or control circuits),PCS,34391,83418.025798,0.083418,24993.985
85249100,Flat panel display modules Of liquid crystal (exl without drivers or control circuits,PCS,3531,26173.338998,0.026173,7838.869
85249200,Flat panel display modules Of organic (OLED) (excl without drives or circuits),PCS,1,0.32489,0,0.098
85249900,Other flat panel display modules (excel without drivers or control circuits),PCS,11827,13991.79377,0.013992,4242.789
85255000,Transmission apparatus (Radio-broadcasting or television),PCS,436,612.952674,0.000613,114.516
85256000,Transmission apparatus incorporating recep  ion apparatus,PCS,16,18097.011803,0.018097,3328.476
85258110,Television Camera (High-speed goods as specified in subhead note 1 this chapter),PCS,20,410.783437,0.000411,76.678
85258120,Digital Camera (High-speed goods as specified in subheading note 1 this chapter),PCS,290,16052.847832,0.016053,2988.303
85258130,Video Camera Recorder (High-speed goods as specified in subheadi note 1 this chapter),PCS,15,13.32875,0.000013,2.494
85258140,CCTV Cameras (High Speed goods),PCS,1214,4528.92831,0.004529,844.718
85258220,"Digital Camera(Radiation-hardened,tolerant as specified in subhead note2 this chapter)",PCS,1,2.29171,0.000002,0.428
85258230,"Video Camera Recorder(Radiation-hardened,tolerant as specific in subhead note2 chapt)",PCS,42,23.41159,0.000023,4.374
85258240,"Other, radiation-hardened or radiation-tolerant goods as specified in Subheading Note",PCS,23,100.798372,0.000101,18.869
85258330,Video Camera Recorder(Night vision goods as specified in Subhead Note 3 this chapter),PCS,289,187.778797,0.000188,43.297
85258910,Television Camera Other,PCS,1710,4796.018118,0.004796,894.761
85258920,Digital Camera other,PCS,1405,39576.154065,0.039576,7382.735
85258930,Video Camera Recorder other,PCS,11984,49862.977017,0.049863,9306.88
85258940,Other CCTV Cameras,PCS,3947,28349.305297,0.028349,5301.479
85261000,Radar apparatus   .,PCS,86,1713.094877,0.001713,319.498
85269100,Radio navigational aid apparatus  . .,PCS,312,4984.363419,0.004984,1493.036
85269200,Radio remote control apparatus   .,PCS,52052,10413.331151,0.010413,2697.735
85271200,Pocket-size radio cassette players   .,PCS,352,4.74249,0.000005,1.154
85271300,Radio broadcast reception apparatus combin  d with sound recording/reproducing ap,PCS,7,4.84463,0.000005,1.181
85271900,"Radio receivers, portable, (excl sound re c rding/reproducing apparatus) nes.",PCS,12557,4377.558613,0.004378,1200.471
85272100,"Radio receivers for motor vehicles, with s  und reproducing apparatus",PCS,2438,812.742279,0.000813,208.995
85272900,"Radio receivers for motor vehicles, nes   .",PCS,100,420.065089,0.00042,102.215
85279100,Reception apparatus for radio broadcasting  with sound recording/reproducing appa,PCS,20,2.68207,0.000003,0.653
85279900,"Other reception apparatus for radio broadc  sting, nes",PCS,100,5.16551,0.000005,1.256
85284900,Other - CRT monitors  . .,PCS,20,568.995437,0.000569,266.925
85285210,Monitor having diagnal lenth upto 23 inch design for use of heading 8471,PCS,5391,21922.177875,0.021922,4106.806
85285290,Monitor having diagnal lenght more than 23 inch for use of heading 8471,PCS,293,8159.681918,0.00816,2936.547
85285900,"Other monitors, nes   .",PCS,559,5224.603261,0.005225,2456.171
85286200,"Projectors, designed for use with an ADP machine of heading 84.71",PCS,231,5861.511007,0.005862,1435.783
85286900,Other projectors  . .,PCS,139,889.241954,0.000889,240.561
85287100,Reception apparatus for TV not designed to  incorporate a video display or screen,PCS,4007,8052.05981,0.008052,2411.857
85287211,Colour Television unassembleed up 48 inch,PCS,9,97.20002,0.000097,25.329
85287219,Other Colour Television,PCS,707,8022.778312,0.008023,3902.128
85287291,Other colour television upto 48 inch,PCS,983,60279.142854,0.060279,10575.013
85287299,others television,PCS,996,23763.59504,0.023764,12925.923
85287300,"Other, monochrome television  .",PCS,1,62,0.000062,18.634
85291000,Aerials and aerial reflectors of all kinds  and parts thereof,PCS,1629,691.913719,0.000692,172.089
85299010,Parts of television receiver (color)  . .,PCS,21989,47341.279585,0.047341,11505.11
85299090,Parts of apparatus of heading 8525-8528  ex ept for television receiver,PCS,28965,3404.538418,0.003405,648.144
85308000,"Electrical signalling equipment for roa ds, inland waterways.",PCS,649,5933.700508,0.005934,1777.419
85309000,"Parts of electrical signalling equipment f  r railways, etc, of 8530.",PCS,705,2465.176625,0.002465,738.388
85311000,Electrical burglar or fire alarms and simi  ar apparatus.,PCS,57111,7390.080759,0.00739,1743.912
85312000,Indicator panels with liquid crystal devic  s (LCD) or light emitting diodes (LED,PCS,11860,6215.096419,0.006215,1511.034
85318000,"Electrical apparatus for sound/visual sign  lling, nes(bells,sirens,burglar,fire",PCS,9526,3366.378736,0.003366,750.835
85319000,Parts of apparatus of 8531   .,PCS,4247,11887.404444,0.011887,2889.418
85321000,Fixed capacitors for 50/60 hz circuits hav  ng power capacity >=05kvar,PCS,6803,3827.606719,0.003828,931.533
85322100,Fixed electrical capacitors of tantalum   .,PCS,100,11.08403,0.000011,2.695
85322200,Fixed electrical capacitors of aluminium e  ectrolyte,PCS,70,42.52949,0.000043,10.339
85322400,"Fixed electrical capacitors of ceramic die  ectric, multilayer",PCS,38980,328.798272,0.000329,79.974
85322500,Fixed electrical capacitors of dielectric   f paper or plastics,PCS,52146,2009.181235,0.002009,490.743
85322900,"Fixed electrical capacitors, nes  . .",PCS,1313,544.516577,0.000545,132.399
85323000,Electrical variable or adjustable (pre-set   capacitors,PCS,451,17.53567,0.000018,4.466
85329000,Parts of electrical capacitors of 8532   .,PCS,863,9.24298,0.000009,4.451
85331000,"Fixed carbon resistors, composition or fil   types",PCS,10108,124.42971,0.000124,30.259
85332100,Fixed resistors for a power handling capac  ty =<20w.,PCS,664,85.750524,0.000086,20.846
85332900,Fixed resistors for a power handling capac  ty >20w,PCS,95,42.110729,0.000042,10.31
85333900,Wirewound variable resistors for a power h  ndling capacity >20 W,PCS,30,15.29527,0.000015,3.72
85334000,"Variable resistors, nes (incl rheostats a n  potentiometers).",PCS,6122,159.10157,0.000159,38.815
85339000,"Parts of electrical resistors, rheostats a  d potentiometers.",PCS,1,59.040391,0.000059,14.413
85340000,Printed circuits  . .,PCS,51632,28344.003546,0.028344,6908.678
85351000,"Fuses, >1000 V   .",PCS,38740,1600.536186,0.001601,479.588
85352100,Automatic circuit breakers for a voltage 1  -725 kV,PCS,12,13676.549563,0.013677,922.609
85352900,Automatic circuit breakers for a voltage >  25 kV,PCS,7,13073.60492,0.013074,2.464
85353000,"Isolating switches and make-and-break swit  hes, >1000 V.",PCS,657,15748.00057,0.015748,1575.217
85354000,"Lightning arresters, voltage limiters and   urge suppressors, >1000 V",PCS,468,43362.783269,0.043363,127.895
85359000,"Other apparatus for switching electrica l c rcuits, >1000 V, nes.",PCS,16852,14817.840068,0.014818,1811.917
85361000,"Fuses, =<1000 V   .",PCS,60083,3062.925393,0.003063,919.356
85362000,"Automatic circuit breakers, =<1000 V  . .",PCS,320591,83968.763112,0.083969,25162.923
85363000,"Apparatus for protecting electrical circui  s, nes, =<1000  V",PCS,4497,4581.474183,0.004581,1372.747
85364100,Relays for a voltage =<60 V   .,PCS,6596,1725.756146,0.001726,518.873
85364900,Relays for a voltage 60-1000 V   .,PCS,23110,18143.93762,0.018144,5179.583
85365000,"Switches, nes, =<1000 V   .",PCS,756189,95419.95394,0.09542,28010.833
85366100,"Lamp-holders, =<1000 V   .",PCS,322290,2700.253676,0.0027,804.127
85366900,"Plugs and sockets, =<1000 V   .",PCS,925593,71636.740196,0.071637,21462.618
85367000,"Connectors for optical fibres, optical fib  e bundles or cables",PCS,129803,6482.18195,0.006482,1682.561
85369000,"Apparatus for switching electrical circ uit , nes, =<1000 V",PCS,975894,44525.993564,0.044526,12855.091
85371000,"Boards equipped with two or more appara tus of 8535 or 8536, voltage =<1000 V",PCS,77148,190360.260572,0.19036,18447.6
85372000,"Boards equipped with two or more appara tus of 8535 or 8536, voltage >1000 V.",PCS,866,45612.489901,0.045612,1122.881
85381000,"Boards desks, cabinets and other bases  for goods of 8537, not equipped",PCS,476884.950001,68151.789457,0.068152,15115.288
85389000,"Parts of apparatus of 8535 to 8537, nes   .",PCS,2270979,37017.270503,0.037017,7949.85
85391000,Sealed beam lamp units   .,PCS,505,7818.238496,0.007818,2783.633
85392100,Tungsten halogen filament lamps (excl ult r -violet or infra-red lamps),PCS,13980,1344.169403,0.001344,478.953
85392200,"Filament lamps of a power =<200w and of a   oltage >100v, nes",PCS,29,13.54869,0.000014,4.889
85392900,"Filament lamps, nes (excl ultra-violet o r  nfra red lamps)",PCS,15255,227.329309,0.000227,86.659
85393100,"Discharge lamps, other than ultra-violet l  mps, fluorescent, hot cathode",PCS,83042,5283.828377,0.005284,1973.557
85393200,Mercury or sodium vapour lamps; metal hali  e lamps,PCS,445,15.10809,0.000015,8.641
85393900,"Discharge lamps, other than ultra-violet l  mps, mercury or sodium vapour lamps,",PCS,69,961.040648,0.000961,342.199
85394100,Arc-lamps  . .,PCS,9,717.863015,0.000718,255.629
85394900,Ultra-violet or infra-red lamps   .,PCS,4622,2721.553371,0.002722,1024.288
85395100,Light-emitting diode (LED) modules,PCS,123938,7490.989772,0.007491,2844.781
85395200,Light-emitting diode (LED) lamps,PCS,12972,3825.641615,0.003826,1497.211
85399000,Parts for electric filament or discharge l  mps,PCS,8083477,88615.412912,0.088615,21426.384
85404000,"Data/graphic display tubes, monochrome;data graphic display tubes, colour, with a",PCS,1,31.40798,0.000031,9.473
85407100,Magnetrons   .,PCS,10,774.965875,0.000775,232.168
85408100,Receiver or amplifier valves and tubes   .,PCS,1,0.79787,0.000001,0.305
85408900,"Other valves and tubes, nes   .",PCS,3,81.870211,0.000082,24.435
85409900,Parts of tubes and valves of 8540 (excl  pa ts of cathode-ray tubes).,PCS,1000,594.108687,0.000594,177.937
85411000,"Diodes, other than photosensitive or light-emitting diodes (LED)",PCS,3432,455.213581,0.000455,59.392
85412100,"Transistors (excl phototransistors), with    dissipation rate <1w",PCS,151,14.56506,0.000015,1.895
85412900,"Transistors (excl phototransistors), with    dissipation rate >=1w",PCS,2650,434.268429,0.000434,57.081
85413000,"Thyristors, diacs and triacs, other than p  otosensitive devices.",PCS,48,1774.303342,0.001774,230.794
85414100,Light-emitting diodes (LED),PCS,1333612,1251.20534,0.001251,162.661
85414200,Photovoltaic cells not assembled in modules or made up into panels,PCS,95,18.92192,0.000019,2.46
85414300,Photovoltaic cells assembled in modules or made up into panels,PCS,703,9372.14836,0.009372,0.225
85414910,Solar Panel and Module,PCS,37790,580711.002151,0.580711,0.26
85414990,Other photosensitive semicondotor devices,PCS,4,2.66362,0.000003,0.348
85415100,Semiconductor-based transducers,PCS,145,57.94277,0.000058,17.363
85415900,Other semi-conductor devices,PCS,18,241.621853,0.000242,72.368
85416000,Mounted piezo-electric crystals   .,PCS,25,1.51111,0.000002,0.197
85419000,Parts of devices of 8541  . .,PCS,2205,36.31104,0.000036,5.008
85423100,"Processors and controllers, whether or not  combined with memories, converters, l",PCS,1076,3777.148799,0.003777,491.675
85423200,Memories,PCS,117,1381.888977,0.001382,179.713
85423300,Amplifiers,PCS,35,15.524159,0.000016,2.02
85423900,Other electronic integrated circutes (ICs),PCS,10504,861.417101,0.000861,112.402
85429000,Parts of electronic integrated circuits (h  ading 8542),PCS,12,23.29635,0.000023,3.029
85431000,Particle accelerators,PCS,118,0.61987,0.000001,0.256
85432000,Signal generators,PCS,16,123.970363,0.000124,30.192
85433000,"Machines/apparatus for electroplating, electrolysis or electrophoresis",PCS,1,84.224328,0.000084,11.015
85437000,"Other machines and apparatus having indivi  ual function, not specified in this c",PCS,5427,22040.782353,0.022041,5438.205
85439090,Other parts of other household electric device not specified anywhere,PCS,345,182.88685,0.000183,35.746
85441100,Winding wire of copper,MTR,1125941.276686,31603.644506,0.031604,474.902
85441900,Winding wire (excl of copper),MTR,1168875.463898,7284.937661,0.007285,2188.135
85442000,Co-axial cable and other co-axial electric  conductors.,MTR,191762.530003,55277.11628,0.055277,16396.969
85443000,"Ignition wiring sets and other wiring sets  for vehicles, aircraft or ships",PCS,259879,22751.65777,0.022752,2998.476
85444200,"Electric conductors, for a voltage <=1000V  fitted with connectors",MTR,328037.370991,25892.659383,0.025893,7645.871
85444900,"Electric conductors, nes, for a voltage <=  000V, not fitted with connectors.",MTR,3336823.673999,44350.162368,0.04435,13492.946
85446000,"Electric conductors, nes, for a voltage >1  00 V.",MTR,1001100,462542.192577,0.462542,64880.519
85447000,Optical fibre cables made up of individual  y sheathed fibres,MTR,6740582.86,115027.20992,0.115027,33652.604
85451100,Carbon electrodes for furnaces   .,Kg,80,41.475211,0.000041,7.736
85451900,Carbon electrodes (excl for furnaces)   .,Kg,2,0.16998,0,0.075
85452000,Carbon brushes,Kg,1646.08,1583.570924,0.001584,296.01
85459000,"Articles of graphite or other carbon, nes,  for electrical purposes",Kg,13730,953.61396,0.000954,178.063
85461000,Glass electrical insulaters,Kg,1683,183.315214,0.000183,55.037
85462000,Ceramic electrical insulators,Kg,93661.260002,9931.958316,0.009932,1217.464
85469000,Electrical insulators (excl of glass or c e amics),Kg,33952.939882,19556.930291,0.019557,6232.512
85472000,Insulating fittings of plastics for electr  cal machines.,Kg,97,27.31703,0.000027,8.189
85479000,"Insulating fittings, nes, for electrical m  chines; conduit tubing",Kg,18804.759997,49790.76555,0.049791,1306.201
85480000,"Electrical parts of machinery or apparatus, not specified or included elsewhere in th",Kg,4686.59,6749.322281,0.006749,1436.909
85491100,Waste and scrap of lead-acid accumulators; spent lead-acid accumulators,Kg,152696,25564.17825,0.025564,0.26
85499900,Other Electrical and electronic waste and scrap,Kg,4,55.02723,0.000055,16.483
86080000,Railway/tramway track fixtures/fittings; m  chanical signalling.,PCS,24,4912.031977,0.004912,1471.29
86090000,Containers specially designed for transpor   by one or more methods,PCS,1,308.105281,0.000308,92.343
87011010,"Power tiller, mini tiller",PCS,2242,77676.51975,0.077677,1062.638
87012190,Road tractors (diesel or semi-diesel) internal combustion piston engine more than18KW,PCS,12,12242.95325,0.012243,2283.445
87012990,Road tractor others More than 18 KW,PCS,18,15149.868313,0.01515,2825.791
87019100,Other tractors of an engine power Not exceeding 18 kW,PCS,2,1012.348187,0.001012,188.87
87019200,Other tractors of an engine power Exceeding 18 kW but not exceeding 37 kW,PCS,143,134622.207687,0.134622,25108.599
87019300,Other tractors of an engine power Exceeding 37 kW but not exceeding 75 kW,PCS,86,103600.62075,0.103601,19322.461
87021010,Passenger Motor Vehicle (Above 25 seats),PCS,50,153821.568,0.153822,104796.052
87024010,Passenger Motor Vehicle (with a capacity more than 25 seats),PCS,17,159034.604,0.159035,27417.689
87024020,Passenger Motor Vehicle (11 to 25 seats),PCS,170,576159.89475,0.57616,176296.72
87032111,Auto Rikshaw (3 wheeler) of unassembled condition having capacity <=1000 CC,PCS,279,62822.97575,0.062823,52784.418
87032191,Other vehicles of unassembled condition having capacity <=1000CC,PCS,2,10762.08,0.010762,0.13
87032199,Other vehicles having capacity <=1000CC,PCS,21,24183.960625,0.024184,62391.516
87032210,Other vehicle unassembled condition (Petrol engine) capacity >1000CC to <=1500CC,PCS,87,156260.429375,0.15626,255514.259
87032290,Other vehicle (Petrol engine) capacity >1000CC to <=1500CC,PCS,109,131995.146812,0.131995,354135.191
87033219,Vehicles with diesel engine of cylinder  ca acity 1500-2500cc,PCS,2,5328.381,0.005328,15534.766
87033229,Vehicles with diesel engine of cylinder  ca acity 1500-2500cc,PCS,45,64142.583,0.064143,208532.628
87033390,Other vehicle (Diesel engine) capacity >2500CC,PCS,9,55878.595,0.055879,200418.674
87034090,Other vehicle (Petrol-Electric hybrid) plugin ABOVE 2000CC,PCS,17,76082.44125,0.076082,188963.107
87036090,Other vehicle (Petrol-Electric hybrid) plugin UPTO 2000 CC,PCS,6,53265.56675,0.053266,102356.966
87038011,Unassembled Electric three wheelers vehicles,PCS,1171,122594.5105,0.122595,46060.906
87038019,Electric three wheelers vehicles,PCS,717,105205.576906,0.105206,36937.674
87038099,Other electric vehicle,PCS,689,1615497.30175,1.615497,1061684.035
87041000,Dumpers for off-highway use,PCS,2,14525.469,0.014525,1784.519
87042110,"Goods Vehicle, double pick-up cab capacity of  > 2 persons incl. driver >2000CC",PCS,132,171283.187563,0.171283,302534.882
87042120,Goods vehicle Singal-cab Vehicle 2 seater  including Driver UP TO 2000cc,PCS,124,121970.435062,0.12197,173669.407
87042290,"Others, g.v.w. exceeding 5 tonnes but not exceeding 20 tonnes",PCS,93,221208.313,0.221208,154118.354
87042390,Others g.v.w. exceeding 20 tonnes,PCS,47,197757.16325,0.197757,137777.968
87043130,Deliver Van g.v.w. not exceeding 5 tonnes petrol engine above 2000 CC,PCS,7,4487.5645,0.004488,4939.396
87044390,"Others, g.v.w. exceeding 20 tonnes hybrid engine",PCS,8,38767.8365,0.038768,27009.627
87046020,Electric three wheelers with only electric motor for propulsion,PCS,312,45892.04425,0.045892,16104.062
87046031,Single Cab 4 Wheeler Pickup Vehicle used mainly for transport with 2 persons seat,PCS,52,76147.699,0.076148,30351.881
87046032,Double Cab 4 Wheeler Pickup Vehicle used mainly for transport for more than 2 persons,PCS,9,46729.136,0.046729,24714.919
87046041,"Lorry, Truck, Tipper, dumper and other transportation vehicles",PCS,5,74496.752,0.074497,29693.498
87046042,Container attached trucks,PCS,12,16827.678,0.016828,6707.424
87054000,Concrete-mixer lorries,PCS,31,174683.631,0.174684,39179.95
87059010,Road cleaning broomers,PCS,1,9887.208,0.009887,1844.031
87060080,Chasis of Passenger Motor Vehicle (> 25 seats) & Trucks fitted with engine,PCS,98,283347.38725,0.283347,142101.661
87079000,"Bodies (incl cabs) for the motor vehicles , (excl 8703)",PCS,8,8376.621175,0.008377,3053.34
87081000,Bumpers and parts thereof   .,PCS,4057,13378.54644,0.013379,4830.501
87082100,Safety seat belts   .,PCS,321,1191.790796,0.001192,421.712
87082200,"Front windscreens(windshields), rear windows&other windows specified in Subheading No",PCS,563,2634.950404,0.002635,947.809
87082900,"Parts and accessories of bodies (incl cab s , (excl safety seat belt)",PCS,17444,24916.767501,0.024917,8899.236
87083000,Brakes and servobrakes; parts thereof   .,PCS,49369,50004.258907,0.050004,17893.3
87084000,Gear boxes and parts thereof  . .,PCS,7918,18778.442001,0.018778,6695.677
87085000,"Driveaxles with diff, whether or not prov i ed with other transmission component",PCS,10930,22731.88942,0.022732,8134.537
87087000,Road wheels and parts and accessories ther  of,PCS,4099,4435.780316,0.004436,1587.882
87088000,Suspension systems and parts thereof (incl  ding shockabsorbers).,PCS,8755,19029.163498,0.019029,7023.356
87089100,Radiators and parts thereof   .,PCS,3259,11792.893913,0.011793,4200.167
87089200,Silencers (mufflers) and exhaust pipes; pa  ts thereof,PCS,456,1053.16256,0.001053,375.485
87089300,Clutches and parts thereof   .,PCS,14753,53015.300472,0.053015,18902.447
87089400,"Steering wheels, steering columns and stee  ing boxes; parts thereof.",PCS,3995,10893.588188,0.010894,3904.692
87089500,Safety airbags with inflater system; parts  thereof,PCS,128,1836.649432,0.001837,652.517
87089900,Other parts & accessories of motor vehicle   of 8701 to 8705 nes.,PCS,802336,402404.99281,0.402405,144993.025
87091100,"Electrical vehicles, not fitted with lifting or handling equipment",PCS,2,533.111813,0.000533,189.789
87099000,Parts of works trucks of 8709   .,PCS,11,302.778695,0.000303,90.815
87112011,Unassembled Motorcycles with piston engine of capacity exceeding 50 not exceeding 125CC,PCS,11019,1223629.483969,1.223629,1120269.724
87112012,Unassembled Motorcycles with piston engine of capacity exceedubg 125 not exced 200 CC,PCS,5047,788809.76425,0.78881,715045.653
87112019,Unassembled Motorcycles with piston engine of capacity exceeding 200 <=  250CC,PCS,1640,307200.8215,0.307201,312819.918
87112091,Motorcycles with piston engine of capacity exceeding 50 not exceeding 125cc,PCS,573,66660.576516,0.066661,75914.105
87112092,Motorcycles with piston engine of capacity exceeding 125CC  not exceeding 200 CC,PCS,1862,318335.474156,0.318335,420992.998
87112099,Motorcycles with piston engine of capacity exceeding 200 not exceeding 250cc,PCS,3,626.258125,0.000626,906.787
87113011,Unassembled Motorcycles with piston enginee exceeding 251CC not exceed 400CC,PCS,2421,535055.962125,0.535056,541431.829
87113019,Motorcycles with piston enginee exceeding 251CC not exceed 400CC,PCS,3,1265.626,0.001266,2921.096
87113091,Unassembled Motorcycles with reciprocating piston enginee of capacity 401CC-500cc,PCS,61,21528.851875,0.021529,23696.377
87113099,Motorcycles with reciprocating piston enginee of capacity 401CC-500cc,PCS,2,461.926,0.000462,1398.465
87115000,Motorcycle with piston engine exceeding 800 CC,PCS,1,602.88,0.000603,2094.888
87116010,Cycle with electric motor for propulsion,PCS,3,174.848598,0.000175,42.557
87116020,Motorcycle - elctric Motor,PCS,20,789.219172,0.000789,442.378
87116090,Others (except cycle) motorcycle & scooter with electric motor for propulsion,PCS,5154,744823.610242,0.744824,261953.407
87120010,Bicycles&cycles(including tricycles)Of a kind used by people with physical impairment,PCS,13,33.54718,0.000034,6.856
87120090,Other Bicycle & cycle (including trycycle) not motorized,PCS,52712,232598.418695,0.232598,43389.862
87131000,Carriages for disabled persons not mechanically propelled,PCS,2200,14907.958639,0.014908,0.845
87139010,Electric wheel chair,PCS,322,3567.908055,0.003568,0.13
87139090,"Other Carriages for disabled persons,not motorised or othwise mechanically propelled",PCS,18,176.632775,0.000177,10.015
87141000,Of motorcycles (including mopeds) . .,PCS,1778421,374561.315571,0.374561,132305.816
87142000,Parts and accessories of carriages for dis  bled persons.,PCS,701,54.908638,0.000055,2.751
87149100,Frames and front forks of cycles and parts  thereof,PCS,9568,1405.514764,0.001406,262.342
87149200,Wheel rims and spokes of cycles   .,PCS,1359,341.987806,0.000342,63.874
87149300,"Hubs, not coaster braking hubs and free -wh el sproket-wheels",PCS,21028,821.429081,0.000821,153.485
87149400,"Brakes, coaster braking hubs and hub brake   and parts thereof of cycles.",PCS,39122,2829.529411,0.00283,528.101
87149500,Saddles ofcycles  . .,PCS,12520,1306.850639,0.001307,243.957
87149600,Pedals and crank-gear and parts thereof of  cycles,PCS,9375,850.996204,0.000851,158.941
87149910,"Parts & assessories of bicycles & rickshaw  , nes",PCS,487089,15350.829756,0.015351,2864.433
87149990,"Other parts of vehicles, nes  . .",PCS,10109,1453.961007,0.001454,437.381
87150010,Stroller,PCS,455,539.745733,0.00054,262.125
87150020,Other vehicle for children,PCS,192,104.049823,0.000104,19.473
87161000,"Trailers and semi-trailers of the caravan   ype, for housing or camping",PCS,90,148.32756,0.000148,44.436
87162000,Self-loading/unloading trailers and semi-t  ailers for agriculture purposes,PCS,31,186.856828,0.000187,56.031
87163900,"Trailers and semi-trailers for the transpo  t of goods, nes",PCS,2,6.50838,0.000007,2.252
87164000,"Trailers and semi-trailers, nes   .",PCS,1123,4037.48227,0.004037,8.502
87168000,"Vehicles, not mechanically propelled, nes   .",PCS,8602,1183927.254772,1.183927,1626.854
87169010,Wheels of woods for carts   .,PCS,601,515.566185,0.000516,96.155
87169090,"Parts of trailers & semi-trailers, other v  hicles,not mechanically propelled",PCS,8628,8749.242966,0.008749,2415.544
88010000,"Balloons and dirigibles; gliders, hang gli  ers and other nonpowered aircraft",PCS,267,165.480897,0.000165,40.18
88024000,"Aeroplanes and other aircraft, of an unlad  n weight >15000kg",PCS,1,1290525.184,1.290525,182351.28
88040000,Parachutes (incl dirigible parachutes and   aragliders) and rotochutes; parts the,PCS,449,13233.354682,0.013233,1873.716
88051000,"Aircraft launching gear, deck-arrestors or  similar gear and parts thereof",PCS,2,28162.791,0.028163,3979.534
88062100,Unmanned aircraft-remote controlled flight With max take-off weight not more than250g,PCS,407,34416.595571,0.034417,12216.345
88062900,Other Unmanned aircraft-remote controlled flight,PCS,504,404.1235,0.000404,143.869
88069200,Other unmanned aircraft With maximum take-off weight > 250g to < 7 kg,PCS,1,88.0825,0.000088,31.423
88069300,other unmanned aircraft With maximum take-off weight > 7 kg to < 25 kg,PCS,2,1860.194,0.00186,662.361
88071000,Propellers and rotors and parts thereof,PCS,9,20321.91259,0.020322,2891.477
88072000,Under-carriages and parts,PCS,4,2843.879049,0.002844,691.13
88073010,"Other parts of airplanes, helicopters or unmanned",PCS,782,271960.811781,0.271961,38322.129
88073090,"Other parts of airplanes, helicopters or unmanned",PCS,5,7.82899,0.000008,1.903
88079000,"Other parts of goods of heading 88.01, 88.02 or 88.06",PCS,127,138.33535,0.000138,33.923
89079000,"Floating structures (eg tanks, coffer-dams   landing-stages, buoys and beacons),",PCS,40,2211.37375,0.002211,537.365
90011000,"Optical fibres, optical fibre bundles and   ables (excl those of 8444)",Kg,10.54,1598.182737,0.001598,298.23
90013010,Intraocular contact lenses   .,PCS,11119,9913.605835,0.009914,4426.247
90013090,Other contact lenses  . .,PCS,2480,1216.495122,0.001216,244.27
90014000,Spectacle lenses of glass   .,PCS,8896,461.515043,0.000462,89.064
90015000,Spectacle lenses of other materials (excl   f glass).,PCS,95836,15241.856889,0.015242,2846.491
90019000,"Prisms, mirrors and other optical elements   unmounted, nes.",PCS,2399,1092.603162,0.001093,207.088
90021100,"Mounted objective lenses, of any material,  for cameras, projectors, etc.",PCS,149,898.543392,0.000899,170.25
90021900,"Mounted objective lenses, of any material,  nes",PCS,106,1307.667282,0.001308,243.91
90022000,"Mounted filters, of any material  . .",PCS,41,40.16258,0.00004,7.497
90029000,"Mounted lenses, prisms, mirrors, etc, of a  y material, nes",PCS,101,482.012594,0.000482,90.167
90031100,"Frames and mountings for spectacles, goggl  s or the like, of plastics",PCS,151804,24036.678604,0.024037,5954.144
90031900,"Frames and mountings for spectacles, goggl  s or the like, of other materials",PCS,43461,6481.318778,0.006481,1575.189
90039000,"Parts of frames and mountings for spectacl  s, goggles or the like",PCS,8382,308.71205,0.000309,84.045
90041000,Sunglasses   .,PCS,90773,24544.37482,0.024544,7578.645
90049000,"Spectacles, goggles and the like (excl su n lasses)",PCS,102146,4657.68339,0.004658,1447.175
90051000,Binoculars   .,PCS,7,30.86561,0.000031,9.315
90058000,Instruments (excl binoculars) such as opt i al telescopes,PCS,12,13.85308,0.000014,7.121
90059000,"Parts and accessories (incl mountings) of   inoculars, etc",PCS,9,1.04896,0.000001,1.401
90064000,Instant print cameras   .,PCS,1,20.386211,0.00002,3.868
90065300,Other cameras For roll film of a width of 35 mm.,PCS,3,19.992131,0.00002,3.795
90065900,"Cameras,nes (not cine-)   .",PCS,263,670.62416,0.000671,125.346
90066100,Discharge lamp (electronic) flashlight app  ratus,PCS,3,89.371051,0.000089,16.669
90066900,"Photographic flashlight apparatus, nes   .",PCS,193,103.11965,0.000103,19.243
90069100,Parts and accessories for cameras (not cin  -),PCS,2736,1620.868446,0.001621,302.869
90069900,Parts and accessories for photographic fla  hlight apparatus.,PCS,382,343.980483,0.000344,64.113
90071000,Cinematographic Cameras incorporating sound recording or reproducing apparatus,PCS,140,354.350681,0.000354,66.157
90072000,Cinematographic projectors incorporating sound recording or reproducing apparatus,PCS,157,192.021269,0.000192,13.659
90079100,Parts and accessories for cinematographic   ameras,PCS,12,503.821369,0.000504,4.126
90079200,Parts and accessories for cinematographic   rojectors,PCS,200,446.297525,0.000446,83.374
90089000,"Parts and accessories of image projectors,  photo enlargers/reducers.",PCS,5,3.97668,0.000004,0.745
90106000,Projection screens   .,PCS,29,209.527305,0.00021,52.707
90111000,Stereoscopic microscopes  . .,PCS,88,1144.025255,0.001144,223.225
90112000,"Other microscopes, for photomicrography,    inephotomicrography or  microprojecti",PCS,1,16.015,0.000016,2.988
90118000,"Optical microscopes, nes  . .",PCS,149,6746.368943,0.006746,1263.393
90119000,Parts and accessories of optical microscop  s of 9011,PCS,92,255.488693,0.000255,47.72
90121000,Microscopes (excl optical microscopes) an d diffraction apparatus,PCS,1,7.53346,0.000008,1.406
90132010,Laser pointers,PCS,517,79.288388,0.000079,15.543
90132090,"Lasers, other than laser diodes   .",PCS,5955,964.608107,0.000965,180.729
90138000,"Optical devices, appliances and instrument  , nes",PCS,3395,485.838678,0.000486,90.839
90139000,"Parts and accessories of lasers and optica   devices, nes, of 9013",PCS,24,500.43025,0.0005,93.396
90142000,Instruments/apparatus for aeronautical/spa  e navigation (excl compasses),PCS,1,160.448906,0.00016,29.99
90148000,"Other instruments and apparatus for naviga  ion, nes.",PCS,7200,22.67193,0.000023,4.229
90149000,Parts and accessories of instruments and a  paratus for navigation,PCS,15,27637.07021,0.027637,5154.449
90151000,Rangefinders   .,PCS,32,600.808039,0.000601,112.054
90152000,Theodolites and tachymeters (tacheometers)  .,PCS,804,715.26475,0.000715,133.464
90153000,Levels for surveying  . .,PCS,130,11.50843,0.000012,2.081
90158000,"Other instruments and appliances for meteo  ological purposes, nes",PCS,4601,10730.844906,0.010731,2007.22
90159000,Parts and accessories of surveying inst rum nts/apparatus of 9015,PCS,25,231.508472,0.000232,43.246
90160000,"Balances of a sensitivity of 5 cg or bette  , with or without weights",PCS,83,3539.550055,0.00354,660.404
90171000,Drafting tables and machines  . .,PCS,2,65.422691,0.000065,0
90172000,"Other drawing, marking out or mathematical  calculating instruments, nes.",PCS,139956,8441.381808,0.008441,1574.624
90173000,"Micrometers, callipers and gauges   .",PCS,3383,1794.704706,0.001795,330.747
90178000,"Other Instruments for measuring length, fo   use in the hand, nes",PCS,293355,21823.161785,0.021823,4076.619
90179000,Parts and accessories of drawing/measuring  instruments of 9017,PCS,1235,9.72724,0.00001,1.841
90181100,Electro-cardiographs  . .,PCS,353257,30908.073407,0.030908,5765.201
90181200,Ultrasonic scanning apparatus   .,PCS,365,47792.105462,0.047792,8914.483
90181300,Other Magnetic Resonance imaging Machine,PCS,1,131.105484,0.000131,24.518
90181400,Scintigraphic apparatus   .,PCS,17,30.62391,0.000031,5.713
90181910,Pulse Oximeter,PCS,3515,2303.922883,0.002304,429.991
90181920,ICU Monitor,PCS,80,5779.020742,0.005779,1078.123
90181990,Other Electro-diagnostic apparatus,PCS,153712,32299.820014,0.0323,6025.177
90182000,"Ultra-violet or infra-red apparatus, for m  dical, surgical sciences.",PCS,89,470.448113,0.00047,87.876
90183100,"Syringes, used in medical, surgical, denta   or veterinary sciences",PCS,541468,14705.350991,0.014705,1257.899
90183200,"Tubular metal needles and needles for sutu  es, for medical sciences.",PCS,3287094,7464.003694,0.007464,1392.606
90183900,"Needles (excl tubular metal or for suture s , catheters, cannulae, etc",PCS,2509389,125839.174385,0.125839,23476.805
90184100,Dental drill engines  . .,PCS,180,4068.519221,0.004069,758.849
90184900,Instruments and appliances used in dental   ciences (excl drill engines).,PCS,48688,30998.117861,0.030998,5882.4
90185000,Other ophthalmic instruments and appliance  .,PCS,22907,62724.998411,0.062725,11238.15
90189010,Stesthecope,PCS,1028,1229.687959,0.00123,229.869
90189020,Plastic Blood Bag,PCS,17976,1571.080801,0.001571,293.14
90189030,PCR Machine,PCS,3,1916.768925,0.001917,357.544
90189090,Others instruments and appliances,PCS,681529,407825.400442,0.407825,59825.311
90191000,Mechano-therapy appliances; massage appara  us; psychological apparatus,PCS,16580,88548.955726,0.088549,16572.928
90192010,Oxygen Concentrator,PCS,11979,2846.996967,0.002847,531.11
90192020,"Oxygen Mask, Ventury Mask, Ventilator Mask and Resevoir Mask",PCS,10475,757.04585,0.000757,141.556
90192030,Medical Ventilator,PCS,6,3873.704516,0.003874,722.648
90192090,"Ozone therapy, oxygen therapy, aerosol therapy, artificial respiration or other thera",PCS,80463,42018.293161,0.042018,7840.702
90200000,Other breathing appliances and gas masks (  xcl protective maska),PCS,1075,2034.831717,0.002035,379.776
90211000,Orthopaedic or fracture appliances   .,PCS,64137,64027.065114,0.064027,8327.433
90212100,Artificial teeth  . .,PCS,405,303.240734,0.000303,56.698
90212900,Other dental fittings   .,PCS,4153,7298.557559,0.007299,1362.062
90213100,Artificial joints of the body   .,PCS,632,13077.351647,0.013077,1700.496
90213900,Other artificial parts of the body (excl  a tificial joints).,PCS,6412,26612.165022,0.026612,3460.236
90214000,Hearing aids (excl parts and accessories) . .,PCS,2189,13581.44502,0.013581,0.65
90215000,Pacemakers for stimulating heart muscles (  xcl parts and accessories),PCS,381,24307.781281,0.024308,1215.59
90219010,Crutches,PCS,1272,1945.463762,0.001945,0
90219020,Parts and accessories of hearing aids,PCS,1102,1062.36669,0.001062,0.065
90219030,Valve and stent implanted in the heart,PCS,1598,70578.493971,0.070578,0.78
90219090,Other appliances to compensate for a defect or disability,PCS,4324,24094.90396,0.024095,1205.115
90221400,"Apparatus based on the use of X-rays, nes , for medical, surgical or veterinary u",PCS,11,16657.98825,0.016658,3107.112
90221900,"Apparatus based on the use of X-rays, nes . .",PCS,6,5349.331812,0.005349,997.849
90222100,"Apparatus of alpha, beta, gamma or other ionising for medical,surgical,dental&veterin",PCS,1,4.96465,0.000005,0.927
90223000,X-ray tubes   .,PCS,5,24869.757453,0.02487,262.729
90229000,"X-ray generators, screens, parts and  acces ories of 9022",PCS,119,23403.062434,0.023403,4133.988
90230000,"Instruments, apparatus and models designed  for demonstrational purposes.",PCS,14901,11135.366774,0.011135,2078.265
90241000,"Machines/appliances for testing the hardne  s, strength of metals",PCS,8,4121.295121,0.004121,768.955
90248000,Machines/appliances for testing materia ls  excl metals).,PCS,384,4092.44987,0.004092,764.067
90249000,Parts and accessories of machines for test  ng materials of 9024.,PCS,40,260.447554,0.00026,48.778
90251100,"Thermometers&pyrometers,uncombined with ot  instruments,liquid-filled,for direct",PCS,12176,1241.176153,0.001241,231.832
90251910,Digital infrared thermometers (Thermal gun),PCS,27030,2851.412803,0.002851,530.017
90251990,"Thermometers & pyrometers, not combined wi  h other instruments, not liquid-fille",PCS,9715,2890.36006,0.00289,540.236
90258000,"Other instruments; hydrometers, pyrometers   hygrometers, etc, and combinations",PCS,5478,2977.168274,0.002977,533.235
90259000,"Parts and accessories of hydrometers th erm meters, etc, of 9025.",PCS,21415,3092.928549,0.003093,574.566
90261000,Instruments for measuring/checking the  flo  or level of liquids.,PCS,4195,12785.65806,0.012786,2147.913
90262000,Instruments for measuring or checking p res ure,PCS,1612,6647.106957,0.006647,1089.721
90268010,Other instruments or aparatus for measurin   or checking variables of liquids or,PCS,67,115.43603,0.000115,15.074
90268090,Other instruments or aparatus for measurin   or checking variables of liquids or,PCS,266,3876.585196,0.003877,716.76
90269000,Parts and accessories of instruments for m  asuring flows of 9026,PCS,908,1968.812502,0.001969,367.544
90271000,Gas or smoke analysis apparatus   .,PCS,241,8575.851354,0.008576,1598.14
90272000,Chromatographs and electrophoresis instrum  nts,PCS,9,25969.58132,0.02597,1816.27
90273000,"Spectrometers, spectrophotometers & spectr  graphs using optical radiations",PCS,6155,3529.283377,0.003529,658.561
90275000,"Other instruments and apparatus using opti  al radiations, nes",PCS,130,42956.459147,0.042956,4497.029
90278100,Mass spectrometers,PCS,55,178.886748,0.000179,33.435
90278910,"Analyzers (Hematology, blood chemistry, clinical chemistry, immuno-chemistry)",PCS,172,83733.808829,0.083734,10879.574
90278990,"Other Analyzers(exl.Hematology, blood chemistry,clinical chemistry, immuno-chemistry)",PCS,480,42558.141622,0.042558,5531.206
90279010,Microtomes,PCS,44,94.833119,0.000095,17.69
90279090,Parts and accessories of instruments for a  alysis of 9027,PCS,2155,19230.255048,0.01923,3572.346
90282000,Liquid meters  . .,PCS,12166,20192.827597,0.020193,4907.358
90283000,Electricity meters   .,PCS,165257,150474.466665,0.150474,35994.205
90289000,"Parts and accessories of gas, liquid and e  ectricity meters.",PCS,9,1.83671,0.000002,0.345
90291000,"Revolution counters, production counters,   aximeters, mileometers,pedometers etc",PCS,3488,426.941507,0.000427,102.739
90292000,Stroboscopes; speed indicators and tachome  ers other than those of headings 9014,PCS,3468,964.677519,0.000965,235.184
90299000,"Parts and accessories of revolution counte  s, etc, of 9029",PCS,1806,221.554069,0.000222,41.57
90301000,Instruments and apparatus for measuring or  detecting ionising radiations,PCS,466,87.967361,0.000088,16.411
90302000,Oscilloscopes and oscillographs   .,PCS,16,497.709478,0.000498,92.89
90303100,Multimeters without a recording device   .,PCS,915,1205.238378,0.001205,226.948
90303200,Multimeters with a recording device   .,PCS,121,520.646875,0.000521,97.169
90303300,"Other inst for measuing voltage, current,   esistance, power, without a recording",PCS,1004,6992.1774,0.006992,268.89
90303900,"Other instruments for measuing voltage,cur  ent,resistance,power, with a recordin",PCS,509,5113.967945,0.005114,882.042
90304000,Measuring/checking instruments/apparatus f  r telecommunications.,PCS,62,1574.7715,0.001575,293.831
90308200,For measuring or checking semiconductor wafers or devices (including integrated circu,PCS,1,633.014812,0.000633,118.123
90308400,"Other instruments and apparatus, with a  re ording device",PCS,9,3512.221153,0.003512,655.104
90308900,"Instruments & apparatus, nes  . .",PCS,15,149.754394,0.00015,23.498
90309000,Parts and accessories for measuring or che  king electrical quantities,PCS,125,1504.7354,0.001505,280.708
90311000,Machines for balancing mechanical parts   .,PCS,3835,3454.983545,0.003455,644.703
90312000,Test benches   .,PCS,14,1309.006094,0.001309,274.263
90314900,"Optical instruments and appliances  for me  suring or checking, nes",PCS,895,530.65127,0.000531,104.506
90318000,"Instruments, appliances and machines for m  asuring or checking, nes.",PCS,34688,36488.249656,0.036488,5801.668
90319000,"Parts and accessories of measuring instrum  nts nes, of 9031.",PCS,1520,5005.254065,0.005005,934.565
90321000,Thermostats   .,PCS,2672,2485.643347,0.002486,461.322
90322000,Manostats  . .,PCS,230,198.702922,0.000199,59.723
90328900,"Automatic regulating or controlling instru  ents and apparatus, nes",PCS,3808,25639.297299,0.025639,7577.855
90329000,Parts and accessories of automatic regulat  ng devices of 9032,PCS,1850,2717.179614,0.002717,507.185
90330000,"Parts and accessories, nes, for machines,   ppliances, etc, of chapter 90",PCS,57387,25645.190038,0.025645,4761.093
91011100,"Electrically operated wrist-watches, mecha  ical display only, case of precious m",PCS,1290,13006.834594,0.013007,3913.909
91011900,"Electrically operated wrist-watches, nes,   ith case of precious metal",PCS,91,2753.842055,0.002754,824.865
91012100,"Wrist-watches, with automatic winding, of   recious metal",PCS,3,7488.24097,0.007488,2242.732
91012900,"Wrist-watches (exclelectrically operated  / utomatic winding), case of precious m",PCS,7,25927.17648,0.025927,7765.259
91019100,"Electrically operated pocket-watches, etc   excl wrist-watches), case of precious",PCS,61,38.49449,0.000038,14.347
91019900,"Pocket-watches, etc (excl wrist-), nes, o f precious metal",PCS,1802,85.475637,0.000085,25.539
91021100,"Electrically operated wrist-watches, mecha  ical display only (excl of precious m",PCS,15875,52271.141814,0.052271,14617.155
91021200,"Electrically operated wrist-watches, opto-  lectronic display (excl of precious m",PCS,241,99.418177,0.000099,29.794
91021900,"Electrically operated wrist-watches, nes (  xclthose with case of precious metal)",PCS,14635,5106.371471,0.005106,1535.6
91022100,"Wrist-watches,with automatic winding (excl  of precious metal)",PCS,125,40335.155747,0.040335,12082.345
91022900,"Wrist-watches, not electrically operated/a  tomatic winding (excl of precious met",PCS,17,2497.18457,0.002497,747.91
91029100,"Electrically operated pocket-watches,etc (  xcl wrist-watches & those of precious",PCS,257,10.16953,0.00001,2.989
91029900,"Pocket-watches, etc, nes (excl those with   ase of precious metal)",PCS,2370,5240.811855,0.005241,1567.796
91039000,Clocks with watch movements (excl electri c lly operated),PCS,2,3.55698,0.000004,0.865
91051100,"Alarm clocks, electrically operated   .",PCS,772,263.308753,0.000263,90.878
91051900,Alarm clocks (excl electrically operated) . .,PCS,1001,87.55414,0.000088,39.307
91052100,"Wall clocks, electrically operated   .",PCS,302,198.246282,0.000198,46.016
91052900,Wall clocks (excl electrically operated)  . .,PCS,17808,4852.731189,0.004853,1030.356
91059100,"Clocks, nes, electrically operated   .",PCS,10,6.38312,0.000006,1.553
91059900,"Clocks, nes (excl electrically operated)  . .",PCS,3509,1584.603793,0.001585,376.835
91061000,Time-registers; time-recorders   .,PCS,1155,10085.652423,0.010086,2451.021
91069000,"Apparatus for indicating time, nes   .",PCS,215,79.921711,0.00008,24.008
91070000,Time switches with clock or watch movement  or with synchronous motor,PCS,377,309.786772,0.00031,75.368
91081100,"Electrically operated watch movements, wit   mechanical display only.",PCS,158689,8593.766285,0.008594,2124.929
91089000,"Other watch movements (excl electrically  o erated & automatic winding), nes.",PCS,1667,16.60726,0.000017,4.036
91099000,"Other Clock movements, complete and assembled (excel electrically operated)",PCS,164,168.056028,0.000168,40.905
91109000,"Complete (unassembled), incomplete and rou  h clock movements",PCS,120,120.499172,0.00012,23.835
91112000,Watch cases of base metal (incl plated)   .,PCS,110,2010.491469,0.00201,488.619
91118000,"Other watch cases, nes   .",PCS,120,1123.46875,0.001123,222.289
91119000,Parts of watch cases  .,PCS,252,45.3733,0.000045,11.105
91129000,Parts of clock cases and cases for other g  ods of chapter 91,PCS,5,34.425109,0.000034,8.367
91131000,"Watch straps, bands and bracelets, and par  s thereof, of precious metal.",PCS,6,2.88572,0.000003,0.836
91132000,"Watch straps, bands and bracelets, and par  s thereof, of base metal.",PCS,505,2195.621548,0.002196,533.564
91139000,"Watch straps, bands and bracelets, and par  s thereof, nes",PCS,3258,1418.254989,0.001418,313.719
91143000,Dials for clocks and watches  .,PCS,19042,1711.011212,0.001711,408.009
91149000,"Clocks or watch parts, nes",PCS,61212,8398.920012,0.008399,2041.562
92011000,Upright pianos   .,PCS,378,169.34258,0.000169,57.587
92019000,"Automatic pianos, harpsichords and other k  yboard instruments, nes",PCS,282,43.056281,0.000043,12.969
92021000,"String musical instruments played with a b  w (eg Guitars, violins, harps)",PCS,748,4014.236307,0.004014,1202.83
92029000,"String musical instruments, nes   .",PCS,1737,2949.618967,0.00295,883.618
92051000,Brass-wind instruments (eg clarinets and trumpets),PCS,3548,18.04183,0.000018,5.41
92059000,Other wind musical instruments (excl brass wind),PCS,23150,456.97889,0.000457,156.466
92060000,"Percussion musical instruments (eg drums,  xylophones, cymbals, etc).",PCS,17272,5217.631144,0.005218,1574.294
92071000,Keyboard instruments with electrically pro  uced or amplified sound,PCS,1070,1486.438155,0.001486,490.04
92079000,"Musical instruments, nes, with electrically  produced or amplified sound.",PCS,5726,5663.852352,0.005664,1711.687
92081000,Musical boxes  . .,PCS,58,4.67761,0.000005,1.402
92089000,"Fairground organs, mechanical street, etc;  decoy calls of all kinds; whistles, e",PCS,3814,208.770654,0.000209,62.625
92093000,Musical instrument strings,PCS,53,301.404732,0.000301,56.216
92099200,Parts and accessories of Musical Instrument of 9202,PCS,2847,114.240339,0.000114,21.334
92099400,Parts and accessories for the musical inst  uments of heading 9207,PCS,843,178.620858,0.000179,33.363
92099900,"Parts and accessories of musical instrumen  s, nes",PCS,1757,809.259197,0.000809,151.289
93019000,"Other military weapons, other than revolvers, pistols and the arms of heading 93.07",PCS,50,136127.504,0.136128,0
94011000,Seats of a kind used for aircraft   .,PCS,100,125.349898,0.000125,37.543
94012000,Seats of a kind used for motor vehicles   .,PCS,3061,6183.680574,0.006184,3197.912
94013100,Swivel seats with variable height adjustment Of wood,PCS,78,366.475969,0.000366,218.534
94013900,Swivel seats with variable height adjustment of Other (Excl wood),PCS,4761,24018.382037,0.024018,11284.789
94014100,"Seats other than garden seats or camping  equipment, convertible into beds Of wood",PCS,432,1432.701459,0.001433,548.779
94014900,"Seats oth than garden seats or camping  equi,convertible into beds of Other(exel wood",PCS,4,11.34248,0.000011,7.059
94015200,"Seats of cane, osier, bamboo or similar materials Of bamboo",PCS,22,5227.392063,0.005227,1888.569
94016100,"Upholstered seats, with wooden frames   .",PCS,694,9882.336974,0.009882,5492.663
94016900,"Seats with wooden frames, not upholstered   .",PCS,564,2135.656578,0.002136,1310.223
94017100,"Upholstered seats, with metal frames  . .",PCS,1215,4540.168063,0.00454,2424.803
94017900,"Seats with metal frames, not upholstered  . .",PCS,7513,14103.288898,0.014103,7341.935
94018010,Commode chair of a kind used by people with physical impairment,PCS,453,538.045483,0.000538,0
94018090,"Other Seats, nes   .",PCS,6298,9476.27556,0.009476,3821.712
94019100,Seats parts Of wood,PCS,970,93.418111,0.000093,50.329
94019900,Seats parts of other materials (excel wood),PCS,88963,17712.544033,0.017713,5960.795
94021010,Dentistis' Chair,PCS,12,1648.552062,0.001649,307.588
94021020,Barbers' chairs and similar chairs,PCS,293,1804.073401,0.001804,339.189
94021090,"Dentists', barbers' or similar chairs parts thereof",PCS,105,715.561983,0.000716,134.008
94029010,ICU Bed,PCS,317,15065.00757,0.015065,2842.424
94029020,Other Bed Used in Hospital,PCS,775,11491.535711,0.011492,2143.731
94029090,"Other, parts thereoff",PCS,2854,10608.548105,0.010609,1981.483
94031000,Metal furniture of a kind used in offices   excl seats),PCS,3864,42908.603281,0.042909,18368.83
94032010,Metal walker use by physically disable person,PCS,223,226.057097,0.000226,0.065
94032090,"Metal furniture, nes (excl seats and iron i g table).",PCS,23753,50105.804725,0.050106,28041.709
94033000,Wooden furniture of a kind used in offices  (excl seats).,PCS,3329,36091.878255,0.036092,10053.07
94034000,Wooden furniture of a kind used in the kit  hen (excl seats).,PCS,533,3606.440677,0.003606,2075.388
94035000,Wooden furniture of a kind used in the bed  oom (excl seats).,PCS,622,10328.464969,0.010328,5567.131
94036000,"Wooden furniture, nes   .",PCS,6804.4,43925.473149,0.043925,23862.364
94037010,Plastics Walker of a kind used by people with physical impairment,PCS,97,143.957049,0.000144,0
94037020,Baby walker of plastics,PCS,1641,747.417602,0.000747,347.905
94037090,Furniture of plastic,PCS,14800,9462.674011,0.009463,5277.253
94038200,furniture Of bamboo,PCS,9,25.731789,0.000026,15.854
94038900,"Furniture of other materials, (excel bamboo & rattan)",PCS,28058,21399.978151,0.0214,13335.169
94039100,Furniture parts of wood,PCS,2045,2478.987946,0.002479,1162.913
94039900,Furniture parts of other materials (excel wood),PCS,110958.200001,20675.458146,0.020675,8120.736
94041000,Mattress supports   .,PCS,1844,1853.718466,0.001854,604.969
94042100,Mattresses of cellular rubber or plastics   .,PCS,58,887.394111,0.000887,436.488
94042900,"Mattresses of other materials, nes   .",PCS,2948,20027.85623,0.020028,8210.675
94043000,Sleeping bags  . .,PCS,113,161.43755,0.000161,57.439
94044000,"Quilts, bedspreads, eiderdowns and duvets (comforters)",PCS,8251,6881.317078,0.006881,2594.919
94049000,"Articles of bedding, stuffed, etc (excl m a tresses and sleeping bags)",PCS,24695,10212.612497,0.010213,5035.298
94051100,Designed for use solely with light-emitting diode (LED) light sources,PCS,232246,36313.685751,0.036314,11355.678
94051900,Other chandeliers and other electric ceiling or wall lighting fittings,PCS,220046,20304.127555,0.020304,6969.603
94052100,"Electric table, desk, bedside or floor-standing Designed for use solely with(LED) light",PCS,23788,9880.111162,0.00988,3570.769
94052900,"Other Electric table, desk, bedside or floor-standing luminaires",PCS,38503,12476.025991,0.012476,4586.989
94053100,"Lighting strings, used for Christmas trees Designed for use solely with(LED) light",PCS,13336,457.947072,0.000458,208.414
94053900,Other Lighting strings of a kind used for Christmas trees,PCS,7003,2665.943104,0.002666,937.75
94054100,"Other electric luminaires Photovoltaic,designed for use solely with LED) light sources",PCS,100826,34562.925566,0.034563,11680.901
94054200,"Other electric luminaires, designed for use solely with (LED) light sources",PCS,240038,46391.789361,0.046392,17127.366
94054900,Other Other electric luminaires and lighting fittings,PCS,68060,33061.157513,0.033061,9942.538
94055000,None-electrical luminaires and lighting fittings,PCS,335,204.033743,0.000204,38.12
94056100,"Illuminated signs, illuminated name-plates Designed for use solely with (LED) light",PCS,2413,1034.440185,0.001034,373.648
94056900,"Other Illuminated signs, illuminated name-plates and the like",PCS,34114,6177.877098,0.006178,3262.255
94059190,Parts of glass for other lamps,PCS,2511,286.477478,0.000286,70.497
94059290,Parts of plastic for other lamps  .,PCS,10,2.13495,0.000002,0.52
94059900,"Parts (excl of glass or plastics) of lamp s and lighting fittings, etc",PCS,2942609,62174.229991,0.062174,14190.204
94062000,"Modular building units, of steel",PCS,25002,23819.9635,0.02382,14670.783
94069010,Green house of other meterials (excel wood),PCS,19,249.665578,0.00025,117.161
94069090,Fabricated buildings of others,PCS,3519,25969.738744,0.02597,11228.259
95030000,"Tricycles, scooters, pedal cars and simila   wheeled toys; dolls' carriages; doll",PCS,1123057,56853.193788,0.056853,22283.142
95042000,Articles and accessories for billiards of  all kinds.,PCS,1254,5972.020427,0.005972,2197.425
95043000,"Other games, operated by coins, banknotes,  ankcards, tokens or by any other mean",PCS,6521,6496.965458,0.006497,2386.678
95044000,Playing cards,PCS,363536,11183.121564,0.011183,7316.926
95045000,"Video game consoles and machines, other tha  those of subheading 950430",PCS,342,2335.246608,0.002335,861.055
95049000,"Other rticles for funfair, table or parlou   games, nes",PCS,20825,5273.151054,0.005273,1939.318
95051010,Articles for Christmas festivities of felt (Jamoth),Kg,56,4.85387,0.000005,3.134
95051090,Articles for christmas festivities of other (excel felt),Kg,174.66,73.17568,0.000073,36.162
95059000,"Festive, carnival or other entertainment a  ticles, nes",Kg,72802.898196,18311.704535,0.018312,6806.045
95061900,"Snow-ski equipment, nes   .",PCS,1515,63.26768,0.000063,15.39
95062900,"Water-skis, surf-boards and other water-sp  rt equipment.",PCS,70,108.8823,0.000109,26.468
95063200,Golf balls   .,PCS,1762,280.419018,0.00028,68.213
95063900,"Golf equipment, nes",PCS,1,33.903391,0.000034,8.305
95064000,Articles and equipment for table-tennis,PCS,22189,593.78761,0.000594,156.589
95065100,Lawn-tennis rackets   .,PCS,1884,722.34375,0.000722,175.755
95065900,"Tennis batminton or similar rackets, nes  . .",PCS,80054,17881.150788,0.017881,4345.3
95066100,Lawn-tennis balls   .,PCS,2623,73.41903,0.000073,17.985
95066200,Inflatable balls  . .,PCS,60342,19404.808727,0.019405,4850.159
95066900,"Balls (excl golf, table-tennis, lawn tenn i  and inflatable).",PCS,91511,6729.093788,0.006729,1660.122
95067000,"Ice skates and roller skates, including sk  ting boots with skates attached[NPR]. [NPR]",PAIR,908,1213.307591,0.001213,324.223
95069100,"Articles and equipment for general physica   exercise, gymnastics or athletics",PCS,70782,74939.356556,0.074939,18282.277
95069900,"Other articles and equipment for sport, ne   & article of swimming pools&padding",PCS,86605,17338.531838,0.017339,4206.809
95071000,Fishing rods   .,PCS,484,112.3017,0.000112,23.633
95072000,Fish-hooks,Kg,16,2.05647,0.000002,0.614
95073000,Fishing reels  . .,PCS,21,3.38217,0.000003,0.793
95079000,"Line fishing tackle, fish landing nets, bu  terfly and similar nets, decoy birds.",PCS,9014,677.414142,0.000677,129.842
95082900,Other Amusement park rides & water park amusements (Excl subheading 950821 to 950826),PCS,64,20.87983,0.000021,7.735
96019000,"Worked bone, tortoise-shell, horn antler,   oral, and articles thereof, nes",Kg,1440.14,705.300488,0.000705,251.119
96020000,"Worked vegetable or mineral; moulded  ariti les of wax, sterin, etc",Kg,2076.77,1905.875947,0.001906,667.534
96031000,"Brooms and brushes, of twigs or other vege  able materials bound together",PCS,182153,8563.105232,0.008563,2568.365
96032100,Tooth brushes including dental-plate brush  s,PCS,2031088,36595.452919,0.036595,11137.709
96032900,"Shaving, hair, nail, eyelash, toilet brush  s for use on the person & parts",PCS,201704,6275.168682,0.006275,1846.825
96033000,"Artists', writing brushes and brushes for   he application of cosmetics",PCS,28582,1049.768985,0.00105,367.048
96034000,"Paint, distemper, varnish or similar brush  s; paint pads and rollers",PCS,197997,4826.103841,0.004826,1646.92
96035000,"Brushes constituting parts of machines, ap  liances or vehicles, nes.",PCS,114845,2712.553536,0.002713,813.015
96039000,"Hand-operated floor sweepers, mops, feathe   dusters, etc, nes",PCS,786381,34158.07748,0.034158,10201.183
96040000,Hand sieves and hand riddles  . .,PCS,44166,679.453818,0.000679,127.904
96050000,"Travel sets for personal toilet, sewing or  shoe or clothes cleaning.",PCS,4451,52.178321,0.000052,15.699
96061000,"Press-fasteners, snap-fasteners and press-  tuds and parts therefor",Kg,890,818.297719,0.000818,245.148
96062100,"Buttons of plastics, not covered with text  le material.",Kg,7008.846992,4531.251409,0.004531,1302.282
96062200,"Buttons of base metal, not covered with te  tile material",Kg,1258.809,2197.853496,0.002198,475.952
96062900,"Buttons, nes",Kg,4063.57,1198.63856,0.001199,369.173
96063000,Button moulds and other parts of buttons;   utton blanks,Kg,901.67,205.30332,0.000205,59.858
96071100,Slide fasteners fitted with chain scoops o   base metal.,Kg,8454.692292,7335.993369,0.007336,1123.522
96071900,Slide fasteners not fitted with chain scoo  s of base metal.,Kg,45267.73013,22378.888268,0.022379,6399.042
96072000,Slide fastener parts  .,Kg,48742.988856,23620.216821,0.02362,4385.859
96081000,Ball-point pens   .,PCS,7488638,68644.759931,0.068645,20614.095
96082010,Felt-tipped and other porous-tipped pens a  d markers,PCS,528796,9783.191818,0.009783,1996.886
96082090,Other - Pens and markers  . .,PCS,233206,4250.524873,0.004251,823.317
96083000,"Fountain pens, stylograph pens and other pe s",PCS,34655,2190.453436,0.00219,408.931
96084000,Propelling or sliding pencils   .,PCS,6480,104.491078,0.000104,19.489
96085000,Sets of articles from two or more of subhe  dings 9608,PCS,2430,268.350442,0.000268,50.057
96086000,Refills for ball point pens comprising the  ball point and the ink reservoir.,PCS,36767,926.364173,0.000926,172.918
96089100,Pen nibs and nib points   .,PCS,2628689,2929.231405,0.002929,546.516
96089900,"Duplicating stylos; pen/pencil holders; pa  ts of pens, nes.",PCS,14415728,6976.036285,0.006976,1302.446
96091000,"Pencils and crayons, with leads encased in a sheath",PCS,3052010,14812.487264,0.014812,2765.318
96092000,"Pencil leads, black or coloured",PCS,979622,3069.451602,0.003069,573.379
96099000,"Crayons, nes; drawing charcoals, pastels a  d chalks (incl tailors' chalks)",Kg,2923.819997,1046.795285,0.001047,212.673
96100000,"Slates and boards, with writing or drawing  surfaces",PCS,22974,2417.830164,0.002418,464.386
96110000,"Date, sealing or numbering stamps, etc, fo   use in the hand",PCS,4615,875.928031,0.000876,163.678
96121000,Typewriter or similar ribbons inked or oth  rwise prepared,PCS,38185,5379.072132,0.005379,1014.995
96122000,Ink-pads   .,PCS,665,14.7979,0.000015,2.766
96131000,"Pocket lighters, gas fuelled, non-refillable",PCS,1585701,12768.11016,0.012768,5988.34
96132000,"Pocket lighters, gas fuelled, refillable  . .",PCS,6006,43.27894,0.000043,20.3
96138000,Lighters etc   .,PCS,37929,1098.142521,0.001098,394.483
96139000,Parts of lighters  (excl flint and wicks) .,PCS,13210050,15614.260539,0.015614,4544.102
96140000,"Smoking pipes (including pipe  bowls) and   igar or cigarette holders, and parts",PCS,5199,734.518965,0.000735,585.888
96151100,"Combs, hair-slides and the like of hard ru  ber or plastics",PCS,332125,3118.055509,0.003118,1126.164
96151900,"Combs, hair-slides and the like of other m  terials, nes.",PCS,2438355,22564.83137,0.022565,8203.422
96159000,"Hairpins; curling pins, curling grips, etc   and parts thereof",PCS,299393,3459.057035,0.003459,1273.535
96161000,"Scent sprays and similar toilet sprays, an   mounts and heads therefor",Kg,2767.152719,1682.179406,0.001682,722.713
96162000,"Powder-puffs and pads for the application   f cosmetics, or toilet preparation",Kg,1131.639999,2651.1133,0.002651,1171.053
96170010,Vaccum Flask complete,PCS,106018,33936.769455,0.033937,12577.422
96170020,Vaccum Vessels complete,PCS,6467,1810.42064,0.00181,656.953
96170090,"Vacuum flask & vessels Parts, other than glass inners",PCS,796,374.543863,0.000375,149.694
96180000,"Tailors' dummies, etc; automata and other   nimated displays.",PCS,10215,5413.446702,0.005413,2691.777
96190010,Sanitary towel (Pad),PCS,8920624,73779.312276,0.073779,13770.429
96190020,Napkins (Diapers),Kg,70711.277097,36400.457514,0.0364,10907.595
96190030,Napkins liners,PCS,5484064,59717.861805,0.059718,17888.243
96190040,Tampons & Menstrubal Cup,PCS,9,6.74597,0.000007,1.361
96190090,"Others similar articles (excel sanitary towel, diapers, liners)",Kg,23463.452294,8682.209118,0.008682,2623.356
96200010,Selfi stick for Smart phone,PCS,1984,6382.584678,0.006383,1918.584
96200090,"Monopods, bipods, tripods and similar articles",PCS,34687,5073.849747,0.005074,1550.726
97012100,"Paintings, drawings and pastels of an age exceeding 100 years",PCS,15,7.57976,0.000008,4.057
97012900,Other than hand-painted or decorated manufactured articles >=100 years,PCS,775,111.683879,0.000112,27.163
97019100,"Other Paintings, drawings and pastels (excel >=100 years)",PCS,36,17.90761,0.000018,4.36
97019900,Other than hand-painted or decorated manufactured articles (excel >=100 years),PCS,8,8.85152,0.000009,2.153
97031000,"Original sculptures and statuary, in any material Of an age exceeding 100 years",PCS,50,50.56369,0.000051,12.353
97039000,Other original sculptures and statuary in any materials excel >=100 years),PCS,1,1,0.000001,0.243
97040000,"Collectors' postage or revenue stamps,  fir t-day covers, etc",Kg,3.152,17.46689,0.000017,3.265
97053900,Other Collections and collectors' pieces of numismatic interest  (excel >=100 Yrs),Kg,2,0.54815,0.000001,0.434
