HSCode,Description,Unit,Quantity,Imports_Value_Rs_Thousands,Imports_Value_Rs_Billion,Imports_Revenue_Rs_Thousands
01051100,"Live fowls of species gallus domesticus, weighing =<185g (chicks)",PCS,12632.0,63514.4625,0.063514,0.13
01059900,"Live poultry, ducks, geese, turkeys and guinea fouls weighing >185g",PCS,11440.0,19920.898,0.019921,0.065
01061900,Other; live mammals,PCS,1.0,76.32,7.6e-05,7.697
01069000,Other live animals,PCS,112.0,6972.384086,0.006972,701.43
02044200,Frozen meat of sheep other cuts with bone in,Kg,800.0,2615.692187,0.002616,635.681
02044300,Frozen bonless meat of sheep,Kg,200.0,619.408312,0.000619,150.517
03011100,Freshwater fish,Kg,2295.75,990.284344,0.00099,90.113
03011900,Other fish,Kg,363.75,670.176184,0.00067,60.838
03019900,Other live fish,Kg,2403.840001,2504.589221,0.002505,242.15
03031900,"Others Tilapias (Oreochromis spp), catfish Pangasius spp, Silurus spp, Claria s.",Kg,94256.0,15521.536062,0.015522,3596.966
03032400,"Catfish (Pangasius spp, Silurus spp, Clariaspp, Ictalurus spp)",Kg,326578.0,70417.939719,0.070418,16325.174
03032500,"Carp (Cyprinus carpio, Carassius carassius, tenopharyngodon idellus, Hypophthalmi",Kg,399076.0,86992.604016,0.086993,20173.889
03039900,Others,Kg,150.0,143.277484,0.000143,33.199
03046200,"Catfish (Pangasius spp, Silurus spp, Claria  spp, Ictalurus spp)",Kg,128000.0,36044.51325,0.036045,8759.217
03052000,"Livers and roes, dried, smoked, salted or in brine",Kg,1.0,1.12398,1e-06,0.59
03053900,"Other fish fillets dried,salted or in brine but not smoked",Kg,31.3,10.16042,1e-05,11.769
03055300,"Fish of the families Bregmacerotidae, Euclichthyidae, Gadidae, Macrouridae, Melanon~1",Kg,6.0,2.01199,2e-06,1.023
03055400,"Herrings (Clupea harengus, Clupea pallasii), anchovies (Engraulis spp.), sardines ~1",Kg,1002.5,1083.997135,0.001084,263.479
03055900,"Other dried fish, not smoked (excl cod)",Kg,22719.66,10205.937442,0.010206,2525.958
03061700,Other shrimps and prawns,Kg,10345.600006,10471.712219,0.010472,2222.77
03069200,Lobsters (Homarus spp.),Kg,500.0,1229.376875,0.001229,298.804
03074300,Frozen Cuttle fish and squid,Kg,3300.0,1804.725234,0.001805,438.552
03074900,"other cuttle fish and squid (except live, fresh, chilled or forzen)",Kg,500.0,604.61125,0.000605,146.922
03075200,Frozen Octopus,Kg,1500.0,909.738875,0.00091,221.067
03081900,Other sea  cucumbers fish,Kg,3.0,2.9115,3e-06,0.709
04015000,"Milk and cream of >10% fat, not concentrated nor added suger sweetening matter",LTR,45.0,19.5,1.9e-05,2.145
04021010,"Skimmed Milk In powder, granules or other solid forms, of a fat >1.5%",Kg,50.204,14.9272,1.5e-05,22.237
04021020,"Milk food for babies in powder, granules or other solid forms, of a fat >1.5%",Kg,187.8,243.821471,0.000244,87.521
04021090,"Other Milk and cream in powder, granules or other solid forms of <1.5% fat",Kg,202.0,54.81165,5.5e-05,33.842
04022100,"Milk and cream in powder, granules or other solid forms of >1.5% fat, unsweetened",Kg,25.4,9.15223,9e-06,6.069
04022910,Milk food for babies fat content exceeding 1.5%,Kg,55.6,68.34364,6.8e-05,30.89
04022990,"Others- Milk Powder, Granuals or other solid form fat containt exceeding 1.5%",Kg,5.0,28.10126,2.8e-05,17.442
04029100,"Other Concentrated milk & cream,Not containing added sugar or other sweetening matter",Kg,207.0,39.05108,3.9e-05,87.145
04029900,Sweetened milk and cream (excl in solid form),Kg,4.0,1.74092,2e-06,3.392
04032000,Yogurt,Kg,2.6,29.697061,3e-05,8.898
04039000,"Buttermilk, curdled milk and cream, other acidified milk contain fruits, nuts & cocoa",Kg,10.0,2.25,2e-06,0.338
04041000,"Whey & modified whey, whether or not conce ntrated or containing sweetening matter",Kg,16000.0,4917.845,0.004918,1472.96
04049000,"Products consisting of natural milk constituents, not added suger nor sweeteing, nec",Kg,30.0,4.00375,4e-06,1.201
04051000,Butter,Kg,140.0,16.1119,1.6e-05,10.002
04059010,Ghee,Kg,98.5,83.296521,8.3e-05,51.507
04061000,"Fresh (unripened or uncured)cheese, including whey cheese and curd.",Kg,506.0,998.3995,0.000998,149.826
04062000,"Grated or powdered cheese, of all kinds",Kg,6000.8,4118.22101,0.004118,1233.572
04063000,"Processed cheese, not grated or powdered",Kg,1311.999977,1873.796453,0.001874,561.205
04064000,Blue-veined cheese & other cheese containing veins produced by Penicillium roqueforti,Kg,30.0,82.417641,8.2e-05,24.685
04069010,Other cheese,Kg,47.0,21.05075,2.1e-05,3.224
04069090,Other cheese,Kg,16974.409973,27099.759593,0.0271,8116.68
04090010,Raw natural honey (unprocessed),Kg,134797.0,30035.5118,0.030036,6959.367
04090090,Other natural honey,Kg,4.7,8.78758,9e-06,2.555
04109000,"other edible products of animal origin, not elsewhere specified or included",Kg,23.0,191.755305,0.000192,46.6
05051000,Raw feathers for stuffing; down,Kg,400.0,810.006625,0.00081,151.198
05079000,"Tortoise-shell, whalebone and whalebone-hair, etc, unworked",Kg,220.0,22.0,2.2e-05,4.233
05080000,"Coral; shells of molluscs, crustaceans or echinoderms and cuttlebone, unworked",Kg,11570.0,7193.169207,0.007193,1366.274
05111000,Bovine semen and embryo,Kg,2.0,6536.74325,0.006537,923.712
05119990,"Other animal products of chapter 2,3 nes,  unfit for human consumption",Kg,6000.0,3668.43,0.003668,891.429
06021000,Unrooted cuttings and slips,PCS,33000.0,1524.384562,0.001524,0.065
06022000,"Trees, shrubs and bushes, grafted or not, of kind which bear edible fruit or nuts",PCS,39907.0,33581.766125,0.033582,0.455
06029000,"Other live plants,nes",PCS,42919.0,18202.945352,0.018203,63.407
06031200,Carnations - Fresh cut flowers & buds,Kg,50.0,16.20589,1.6e-05,3.756
06031500,Lilies (Lilium spp) fresh cut flowers and buds,Kg,4080.0,1331.109169,0.001331,309.113
06031900,Other - Fresh cut flowers & buds,Kg,12790.5,3674.285158,0.003674,853.474
06039000,"Dried, dyed, bleached or otherwise prepared cut flowers and buds.",Kg,0.5,2.13164,2e-06,0.519
06042000,Fresh flowers,Kg,20.0,3.203,3e-06,0.78
07019000,"Other potatoes, fresh or chilled",Kg,73879777.0,1857214.510005,1.857215,167296.539
07020000,Tomatoes fresh or chilled,Kg,7586534.0,194477.843646,0.194478,17537.837
07031000,"Onions and shallots, fresh or chilled",Kg,35174865.0,1475538.632738,1.475539,132847.224
07032000,"Garlic, fresh or chilled",Kg,3761985.0,545028.768018,0.545029,132738.766
07041000,"Cauliflowers and broccoli, fresh or chilled",Kg,13644.0,575.354776,0.000575,51.79
07049000,"White and red cabbages, kohlrabi, kalee tc, fresh or chilled.",Kg,2586.0,91.715031,9.2e-05,8.257
07061000,"Carrots and turnips, fresh or chilled",Kg,888935.0,30482.564015,0.030483,2752.705
07069000,"salad beetroot, salsify, celeriac,radishes&similar edible roots, fresh or chilled",Kg,207885.0,11749.336317,0.011749,1059.55
07070000,"Cucumbers and gherkins, fresh or chilled",Kg,23043.0,628.830089,0.000629,56.805
07082000,"Beans (Vigna spp., phaseolus spp.), fresh or chilled",Kg,3059.0,112.47802,0.000112,10.13
07089000,"Other leguminous vegetables, fresh or chilled, nes",Kg,7627.0,205.904551,0.000206,18.6
07093000,"Aubergines (egg plants), fresh or chilled",Kg,20310.0,519.882193,0.00052,46.894
07095100,"Mushrooms of the genus agaricus, fresh or chilled",Kg,3260.0,2142.874656,0.002143,207.267
07096000,"Fruits of genus capiscum or pimenta, fresh or chilled",Kg,158624.0,5972.871013,0.005973,538.401
07099300,"Pumpkins, squash and gourds (Cucurbita spp), fresh or chilled",Kg,1174076.0,31149.009761,0.031149,2812.512
07099900,Other fresh or chilled vegetables,Kg,792513.0,21633.74881,0.021634,1958.08
07102100,"Shelled or unshelled peas, frozen",Kg,139186.0,11880.108363,0.01188,2753.696
07102900,"Leguminous vegetables, shelled or unshelle d, frozen, nes",Kg,30.0,2.40225,2e-06,0.585
07104000,"Sweet corn, frozen",Kg,168144.0,13759.160362,0.013759,2566.556
07108000,"Other Vegetables, frozen, nes",Kg,900.0,119.754398,0.00012,27.815
07122000,Dried onions,Kg,75689.0,15794.571292,0.015795,3723.084
07123100,Dried mushrooms of the genus Agaricus,Kg,0.6,0.32207,0.0,0.543
07123900,Other dried mushrooms and truffles,Kg,1890.3,1888.795718,0.001889,459.16
07129011,Dried Garlic Neither crushed nor ground,Kg,220203.4,73686.037836,0.073686,17906.708
07129012,Dried Garlic Crushed or ground,Kg,74165.0,18927.208244,0.018927,3799.832
07129090,Other dried vegetable; mixtures of vegetables,Kg,30382.88,7166.994932,0.007167,1200.395
07131010,"Dried peas, in shelled",Kg,1655665.0,107264.577399,0.107265,32661.117
07131090,"other Dried peas, (excel in shelled)",Kg,63560.5,15320.823822,0.015321,4597.447
07132000,"Dried Chickpeas (garbanzos), shelled whether or not skinned or split.",Kg,6405315.0,613893.832074,0.613894,61396.686
07133100,"Dried beans, shelled whether or not skinned or split",Kg,8208765.0,1045541.633809,1.045542,104562.782
07133300,"Dried kidney beans, incl white pea beans, shelled whether or not skinned or split",Kg,1003470.0,169505.832113,0.169506,9776.836
07133500,"Dried Cow peas (Vigna unguiculata), shelled, whether or not skinned or split",Kg,24210.0,2455.571758,0.002456,245.561
07133900,"other Dried beans, shelled, whether or not skinned or split.",Kg,111166.4,13370.859704,0.013371,1291.31
07134010,"Dried Red Lentils, Unskinned, unsplit (Whole)",Kg,11961357.0,1144988.668686,1.144989,114487.992
07134090,"Red lentils (except Unskinned, unsplit)",Kg,2930546.0,277733.014013,0.277733,27667.422
07135000,"Dried broad beans and horse beans, shelled, whether or not skinned or split",Kg,35400.0,3186.833891,0.003187,286.948
07136000,"Dried pigeon peas (Cajanus cajan), shelled, whether or not skinned or spilt",Kg,961172.0,131305.635894,0.131306,13132.19
07139010,"Other dried Leguminous Vegitables, Skinned or split (Whole)",Kg,164511.0,18095.033404,0.018095,1701.392
07139090,Other dried Leguminous Vegitables (except skinned or split),Kg,545633.0,68643.723924,0.068644,6479.292
07142000,"Sweet potatoes, fresh or dried, chilled or  frozen",Kg,3230.0,137.395318,0.000137,13.806
07144000,"Taro (Colocasia spp), fresh or dried, chilled or  frozen",Kg,11102.0,302.30977,0.000302,30.506
07149000,"Arrowroot, salep & similar roots and tubers with high starch content, fresh or dried",Kg,35.0,13.77497,1.4e-05,1.378
08011100,"Coconuts, desiccated, fresh or dried",Kg,462681.0,113242.206106,0.113242,27522.802
08011200,In the inner shell (endocarp),Kg,275363.0,9881.454845,0.009881,1844.04
08011900,"Coconuts, excluding desiccated, fresh or dried",Kg,6776137.0,224026.842159,0.224027,35033.44
08012200,"Brazil nuts, without shell, fresh or dried",Kg,96.0,26.893139,2.7e-05,8.123
08013100,"Cashew nuts, in shell,fresh or dried",Kg,53.1,27.11164,2.7e-05,10.778
08013200,"Cashew nuts, without shell, fresh or dried",Kg,256274.660205,259814.187254,0.259814,77862.002
08021100,"Almonds in shell, fresh or dried",Kg,2771.3,2487.08478,0.002487,637.661
08021200,"Almonds without shells, fresh or dried",Kg,400707.942148,378265.225247,0.378265,91935.541
08022100,"Hazlenuts in shell, fresh or dried",Kg,0.5,2.35578,2e-06,0.0
08023100,"Walnuts in shell, fresh or dried",Kg,615433.700024,242398.03373,0.242398,58939.202
08023200,"Walnuts without shells, fresh or dried",Kg,52049.0,56567.72774,0.056568,13747.05
08025100,"Pistachios In shell, fresh or dried",Kg,18.9,8.04566,8e-06,4.216
08025200,"Pistachois without shells, fresh or dried",Kg,554.1,1535.747744,0.001536,376.464
08026200,"Macadamianuts without shells, fresh or dried",Kg,146.0,33.25692,3.3e-05,28.289
08028000,"Areca nuts, fresh or dried",Kg,2248500.0,605245.3005,0.605245,586819.991
08029200,"Pine nuts, without shells, fresh or dried",Kg,0.5,0.46467,0.0,0.281
08029900,Other nuts,Kg,1354.62,366.544781,0.000367,139.38
08041010,Dates fresh,Kg,305.0,107.671689,0.000108,63.873
08041020,Dates Dried,Kg,604.9,148.09334,0.000148,86.449
08042010,"Figs, (Anjir) fresh only",Kg,18.0,2.6844,3e-06,1.331
08042090,"Other Figs, (Anjir)",Kg,18761.0,11925.437258,0.011925,4380.44
08043000,"Pineapples, fresh or dried",Kg,1494412.0,65662.928935,0.065663,9209.304
08044000,"Avocados, fresh or dried",Kg,17170.0,6951.846799,0.006952,2098.907
08045000,"Guavas, mangoes and mangosteens, fresh or dried.",Kg,0.4,0.27526,0.0,0.086
08045010,Guavas,Kg,425618.0,24408.030624,0.024408,3424.023
08045020,Mangoes,Kg,4049419.0,291736.22675,0.291736,42011.957
08051000,"Oranges, fresh or dried",Kg,782048.0,83764.798997,0.083765,8154.059
08052100,"Mandarins (including tangarine and satsumas), fresh or dried",Kg,302869.0,46632.184875,0.046632,4664.201
08052900,other wilkings and similar citrus hybrids fruits fresh & dried,Kg,58536.0,8549.375,0.008549,855.134
08055000,"Lemons ( Cirtus limon, Cirtus limonum) and limes (Cirtus aurantifolia. Cirtus lat",Kg,1214030.0,113223.304943,0.113223,10244.863
08059000,"Other Citrus fruit, fresh or dried",Kg,166843.0,10341.911856,0.010342,931.183
08061000,Fresh grapes,Kg,421233.0,58952.023274,0.058952,5554.474
08062000,Dried grapes,Kg,167697.749999,61070.784945,0.061071,14873.038
08071100,"Watermelons, fresh",Kg,3710009.0,94689.570325,0.09469,8535.47
08071900,"Other Melons, fresh, (exclwatermelons)",Kg,24980.0,624.294073,0.000624,56.255
08072000,"Papaws (papayas), fresh",Kg,2889886.0,94295.031925,0.094295,8536.926
08081000,"Apples, fresh",Kg,14901824.5,1959326.959272,1.959327,190826.179
08083000,"Pears, fresh",Kg,791739.0,98340.846885,0.098341,9868.509
08092900,"Other cherries, fresh",Kg,83.0,3.61939,4e-06,0.89
08094000,"Plums and sloes, fresh",Kg,5575.0,214.764242,0.000215,19.404
08102000,"Raspberries, blackberries, mulberries and  loganberries, fresh",Kg,56.25,166.589812,0.000167,31.135
08103000,"Black, white or red currants and gooseberries, fresh",Kg,4300.0,135.938448,0.000136,31.505
08104000,"Cranberries, bilberries and other fruiits  of the genus Vaccinium, fresh",Kg,1113.5,1610.618869,0.001611,386.625
08105000,"Kiwifruit, fresh",Kg,93721.0,22817.0922,0.022817,5528.811
08107000,"Persimmons (Haluwabed), fresh",Kg,160.0,6.60083,7e-06,1.531
08109010,"Pomegranate, Fresh",Kg,3833345.0,440032.584924,0.440033,39723.613
08109090,"Other fruit, fresh, nes",Kg,1571076.0,192160.455997,0.19216,17912.079
08112000,"Raspberries, blackberries, mulberries, loganberries, currants & gooseberries, frozen",Kg,500.639999,747.433,0.000747,223.926
08119000,"Other fruit and nuts, frozen, nes",Kg,4971.960018,1055.998193,0.001056,316.347
08129000,"Other fruit and nuts, provisionally preserved, not for immediate consumption.",Kg,1.0,0.52009,1e-06,0.225
08131000,Dried apricots,Kg,4528.0,2212.015801,0.002212,950.033
08132000,Dried prunes,Kg,261.5,107.274993,0.000107,46.695
08134000,"Other dried fruit, except heading 0801 to 0806 nes",Kg,19524.8,2724.276744,0.002724,1170.428
08135000,Mixtures of dried fruit of this chapter or nuts,Kg,8607.410002,3618.643761,0.003619,1550.885
08140000,"Peel of citrus fruit or melons, fresh,frozen, dried or provisionally preserved",Kg,11773.0,2901.219812,0.002901,869.049
09011100,"Coffee, not roasted, not decaffeinated",Kg,37576.389901,24132.536315,0.024133,15036.673
09011200,"Decaffeinated coffee, not roasted",Kg,79.5,84.99947,8.5e-05,51.982
09012100,"Roasted coffee, not decaffeinated",Kg,1873.999999,2264.35757,0.002264,1399.18
09012200,"Roasted, decaffeinated coffee",Kg,2.85,9.5014,1e-05,5.925
09019000,"Coffee husks and skins,coffee substitutes containing coffee in any proportion",Kg,1628.8,1283.909999,0.001284,802.246
09021000,"Green tea,whether or not flavoured, in immidiate packings of content <=3kg",Kg,1022.410004,5383.514432,0.005384,3318.108
09022000,"Green tea,whether or not flavoured, nes",Kg,35.92,13.08874,1.3e-05,5.637
09023000,"Black tea(fermented)&partly fermented,whether or not flavoured,in packings of <=3kg",Kg,1321.4,2809.044143,0.002809,1730.906
09024000,Other black tea (fermented) and other partly fermented tea,Kg,38226.940013,22689.731357,0.02269,13975.768
09041110,Dried pepper neither crushed nor ground,Kg,106960.0,91453.06925,0.091453,33297.465
09041120,White Pepper,Kg,27000.0,35106.88275,0.035107,19638.862
09041130,Black Pepper (Marich),Kg,46461.0,41015.990871,0.041016,22944.555
09041140,Neither crushed not ground Pepper (Sichuan pepper),Kg,30.0,6.0,6e-06,3.357
09041190,Other Dried pepper neither crushed nor ground,Kg,7.0,4.96465,5e-06,2.781
09041210,Crushed or ground Pepper,Kg,25340.5,30284.04029,0.030284,11060.049
09041290,"Other Dried pepper, crushed or ground",Kg,70.0,2.6824,3e-06,1.506
09042100,"Dried, neither, crushed or ground piper & capsicum",Kg,877544.879997,204055.792402,0.204056,62239.44
09042200,Crushed or ground piper & capsicum,Kg,408369.62,155438.903341,0.155439,43229.505
09051000,Venila neither crushed nor ground,Kg,30.0,369.047719,0.000369,89.744
09052000,Venila crushed or ground,Kg,10.3,109.816789,0.00011,26.688
09061100,Cinnamon (Cunnamomum zeylanicum Blume) - Neither crushed nor ground,Kg,32000.1,9836.019743,0.009836,3612.958
09061900,"Other - Cinnamon & cinnamon tree flowers, neither crushed nor ground",Kg,144791.0,42899.337946,0.042899,15757.536
09062000,"Cinnamon and cinnamon-tree flowers, crushed or ground",Kg,100.5,45.34436,4.5e-05,14.524
09071000,Cloves neither crushed nor ground,Kg,64595.0,64314.829514,0.064315,15628.969
09072000,Cloves crushed or ground,Kg,0.5,2.43161,2e-06,0.657
09081100,Nutmag neither crushed nor ground,Kg,10694.5,8928.263916,0.008928,2170.234
09082100,Mace neither crushed nor ground,Kg,6597.200001,6666.306598,0.006666,1619.925
09083120,Small Cardamon (Sukumel) neither crushed nor ground,Kg,25940.8,73632.797881,0.073633,18060.842
09083220,Small Cardamon (Sukumel) crushed or ground .,Kg,750.0,1068.631082,0.001069,188.32
09092100,Seeds of coriander neither crushed nor groud,Kg,1613052.0,253933.464056,0.253933,47435.989
09092200,Seeds of coriander crushed or ground,Kg,14614.0,3308.788923,0.003309,617.186
09093100,Seeds of cumin neither crushed nor ground .,Kg,1682268.5,558038.183839,0.558038,104307.814
09093200,Seeds of Cumin crushed or ground,Kg,8155.0,3225.286884,0.003225,601.67
09096100,"Seeds of anise, badian, caraway or fennel; juniper berries Neither crushed nor ground",Kg,147661.0,31423.156919,0.031423,5885.31
09101110,Fresh Ginger nither crushed nor ground,Kg,565350.0,67350.074906,0.06735,10440.446
09101190,Other Ginger crushed or ground (sutho),Kg,69200.0,27596.919641,0.027597,1522.982
09101200,Other  Ginger crushed or ground,Kg,1500.0,440.680125,0.000441,134.476
09102000,Saffron,Kg,44.0,2527.709797,0.002528,682.108
09103010,Turmeric (Fresh),Kg,117.5,21.78574,2.2e-05,3.391
09103020,Turmeric (dust or Powder),Kg,32832.0,8621.085529,0.008621,1336.828
09103090,Other turmeric,Kg,151654.4,39460.77502,0.039461,6117.141
09109100,Other Spice mixtures (referred to in Note 1(b) to this Chapter),Kg,243247.300005,123810.850949,0.123811,58025.807
09109910,Fenugreek(Methi),Kg,536259.5,54257.676064,0.054258,10121.08
09109990,Other spices nes,Kg,242436.880002,36611.515562,0.036612,8902.037
10011900,Other drum wheat,Kg,45387394.0,2013142.74425,2.013143,109652.137
10019900,Other meslin,Kg,6621120.0,286789.78,0.28679,14343.683
10039000,Other barley,Kg,104550.0,4716.406746,0.004716,236.023
10051000,Maize (corn) seed,Kg,62000.0,29843.759,0.029844,298.635
10059000,Maize (corn) (excl seed),Kg,5675445.0,204978.571938,0.204979,10257.575
10061010,Seed of Paddy Rice,Kg,67.0,500.568331,0.000501,50.123
10061090,Others Paddy,Kg,16409540.0,746622.211255,0.746622,37366.593
10062000,Husked (brown) rice,Kg,775.0,99.01225,9.9e-05,9.909
10063010,"Basmati Rice Semi-milled or wholly milled rice, whether or not polished or glazed",Kg,8868123.0,1212005.052629,1.212005,109095.874
10063090,"Other Rice Semi-milled or wholly milled rice, whether or not polished or glazed",Kg,19639790.7,1392803.35678,1.392803,125607.225
10064000,Broken rice,Kg,625660.0,25744.955609,0.025745,2318.426
10071000,Grain sorghum Seed (Junelo),Kg,3000.0,445.734688,0.000446,83.13
10079000,Other grain sorghum (Junelo),Kg,30.0,14.90736,1.5e-05,3.155
10081000,Buckwheat,Kg,109020.0,9530.01396,0.00953,694.048
10082900,Other millet,Kg,1960216.0,105795.534703,0.105796,5294.104
10085000,Quinoa (Chenopodium quinoa),Kg,14842.0,2139.717688,0.00214,405.64
10089000,"Other cereal, nes",Kg,1500.0,174.799375,0.000175,32.601
11010000,Wheat or meslin flour except maida,Kg,65646.0,2627.122601,0.002627,342.176
11022000,Maize (corn) flour,Kg,9390.0,638.515687,0.000639,148.04
11029000,"Other cereal flour, nes",Kg,6218.0,308.08226,0.000308,72.9
11031110,Groats and meal of wheat (Suji),Kg,5.0,0.48045,0.0,0.118
11031190,Other Groats and meal of wheat,Kg,65.0,4.82373,5e-06,1.181
11031300,Groats and meal of maize (corn),Kg,191920.0,9825.43149,0.009825,2280.083
11031900,"Groats and meal of other cereals, nes",Kg,96300.0,5042.263797,0.005042,1168.37
11041200,Rolled or flaked of oats grains,Kg,4291.199997,897.398703,0.000897,83.228
11041900,"Rolled or flaked grains of other cereals,",Kg,30000.0,1961.51725,0.001962,176.602
11042300,"Other worked grains of maize (corn), nes",Kg,189000.0,8586.617,0.008587,773.252
11042900,"Other worked grains of other cereals, nes",Kg,0.5,0.40126,0.0,0.17
11043000,"Cereal germ, whole, rolled, flaked or ground",Kg,5940.0,502.305875,0.000502,45.208
11051000,"Potato flour, meal and powder",Kg,46.0,6.24585,6e-06,1.521
11052000,"Potato flakes, granules and pellets",Kg,72610.0,9003.040148,0.009003,2188.404
11061000,"Flour, meal and powderOf the dried leguminous vegetables of Heading 07.13",Kg,18397.0,1910.96028,0.001911,810.131
11062000,"Flour, meal and powder Of sago or of roots or tubers of Heading 07.14",Kg,16.0,2.8,3e-06,1.187
11063000,"Flour, meal and powder of products of chapter 8",Kg,77698.0,25640.123898,0.02564,10866.965
11071000,Malt not roasted,Kg,3892800.0,325425.803625,0.325426,97471.318
11072000,Roasted malt,Kg,29000.0,2945.615469,0.002946,882.477
11081200,Maize (corn) starch,Kg,2159776.0,118209.186992,0.118209,23166.669
11081300,Potato starch,Kg,10000.0,1147.405625,0.001147,278.886
11081400,Manioc (cassava) starch,Kg,410325.0,38920.314148,0.03892,7700.603
11081900,"Other starches, nes",Kg,1350.0,379.68702,0.00038,3.865
11090000,Wheat gluten whether or not dried,Kg,230350.0,55871.743903,0.055872,10420.614
12019000,Other soyabean,Kg,38941360.0,3368784.141532,3.368784,182043.187
12024100,Groundnut In shell,Kg,258065.0,29949.97682,0.02995,2696.171
12024200,"Groundnut shelled, whether or not broken",Kg,1306904.0,210668.728154,0.210669,18985.322
12040000,"Linseed, whether or not broken",Kg,133945.0,13848.726098,0.013849,3366.05
12051000,Low erucic acid rape or colza seeds,Kg,34340040.0,3678330.24735,3.67833,583521.295
12059000,Other rape or colza seeds,Kg,5.0,0.3203,0.0,0.08
12060000,"Sunflower seeds, whether or not broken",Kg,34490.1,4545.712023,0.004546,1053.526
12072100,Cotton Seed,Kg,128.0,15.40645,1.5e-05,3.755
12074000,Sesamum seeds,Kg,474132.0,56074.511659,0.056075,12999.504
12075000,Mustards seeds,Kg,3516770.600098,445458.332253,0.445458,84109.407
12077000,Melon seeds,Kg,5365676.300781,794337.56834,0.794338,194300.934
12079900,"Other oil seeds and oleaginous fruits, nes",Kg,117857.0,37390.078776,0.03739,15002.097
12081000,Soya bean flour and meal,Kg,3.0,0.28827,0.0,0.071
12092200,Clover (Trifolium spp) seeds,Kg,24000.0,7135.6305,0.007136,356.847
12092900,"Other seeds of forage plants, of a kind used for sowing, nes",Kg,23000.0,4372.095,0.004372,218.67
12093000,"Seeds of herbaceous plants, of a kind used for sowing",Kg,73.08,4979.266711,0.004979,0.195
12099110,Seed of Cauliflower,Kg,1273.0,54237.119074,0.054237,542.77
12099120,Seed of Cabbage,Kg,730.1,17348.119181,0.017348,173.616
12099130,Seed of Onions,Kg,76.06,855.91698,0.000856,8.862
12099140,Seed of Raddish,Kg,0.005,0.16022,0.0,0.009
12099150,Seed of Tomato,Kg,0.3098,38.628328,3.9e-05,0.556
12099190,Seed of other vegetables,Kg,66691.422902,84377.87381,0.084378,1204.534
12101000,"Hop cones, neither ground nor powdered nor in the form of pellets fresh or dried",Kg,10.0,329.038469,0.000329,80.022
12102000,"Hop cones, ground, powdered or in the form of pellets; lupulin fresh or dried",Kg,3265.0,6209.847977,0.00621,1458.751
12119090,"Other plants or parts, of a kind used in perfumery, pharmacy etc, nes",Kg,195170.480007,34122.578465,0.034123,6454.886
12122900,Other seaweeds and other algae,Kg,16.0,2.90506,3e-06,1.778
12129300,Sugar cane,Kg,220380.0,2007.409805,0.002007,181.192
12129900,"Vegetable products used primarily for human consumption,fresh or dried, nes.",Kg,100.0,53.97566,5.4e-05,12.507
12130000,"Cereal straw and husks, unprepared, not chopped, ground, pressed  or form of pellets",Kg,655575.0,4109.472414,0.004109,768.334
13012000,Natural gum arabic,Kg,15640.0,3918.59459,0.003919,952.881
13019000,"Natural gums, resins, gum-resins,natural oeoresesins and balsams (excl gum arab",Kg,47306.090088,22397.409495,0.022397,5412.686
13021200,Vegetable saps and extracts of Liquorice,Kg,8530.0,4127.703981,0.004128,1003.101
13021300,Vegetable saps and extracts of Hop,Kg,610.479996,16170.383572,0.01617,3929.738
13021900,"Other vegetable saps and extracts, nes",Kg,392827.45,41956.82519,0.041957,9093.202
13022000,"Pectic substances, pectinates and pectates",Kg,500.0,946.7825,0.000947,230.135
13023200,"Mucilages and thickeners of locust beans, bean seeds and guar seeds.",Kg,39950.0,8321.088669,0.008321,2010.169
13023900,"Other Mucilages and thickeners, derived from vegetable products, nes.",Kg,2346.0,2155.136194,0.002155,519.188
14011000,"Bamboos, plaiting material",PCS,640.0,245.104,0.000245,90.029
14019000,"Vegetable materials for plaiting, (excl. bamboos and rattans)",Kg,6000.0,112.463742,0.000112,33.75
14049010,Semi processed catechu of acacia (liquid ka tha),Kg,104.0,9.02926,9e-06,3.172
14049020,Cetechu of acacia (Kattha),Kg,2500.0,4032.37125,0.004032,1731.704
14049030,Bidi wraper leaves (tendu),Kg,51922.5,3398.772434,0.003399,1038.265
14049040,Heart leaf (Pan ko Pat),Kg,11610.5,2615.025284,0.002615,825.497
14049091,Cocopit,Kg,332620.0,14195.024656,0.014195,2648.57
14049099,Other vegetable products,Kg,9750.0,696.460293,0.000696,255.117
15021000,Tallow .,Kg,3658080.0,514483.7985,0.514484,95958.763
15042000,"Fish Fats and oils and their fractions, of fish, other than liver oils",Kg,29.59,156.591727,0.000157,38.445
15071000,Crude soya-bean oil,LTR,218402677.148804,38052855.178,38.052855,956683.887
15079000,Soya-bean oil (excl. crude) and fractions,Kg,974.799988,326.508549,0.000327,97.86
15092000,Extra virgin olive oil,Kg,7343.134996,7934.624984,0.007935,1928.599
15093000,Virgin olive oil,Kg,25.0,22.42101,2.2e-05,5.45
15094000,Other virgin olive oils,Kg,4.1,2.44241,2e-06,1.243
15099000,Olive oil and fractions (excl. virgin),LTR,8296.1,5725.84251,0.005726,1391.662
15109000,Other oils or fractions of heading 15.09 (excel crude olive pomace oil),Kg,2656.84,1590.482609,0.00159,386.49
15111000,Crude palm oil,LTR,11194114.0,1995706.585,1.995707,227388.739
15119010,Refined bleached deodorized palm oil,LTR,1773897.21875,359759.54225,0.35976,93810.843
15119020,Refined bleached deodorized palm olein,LTR,4341372.517578,810931.65575,0.810932,215113.838
15119090,"Palm oil (excl. crude) and its fractions, refined or not but not chemically modified",LTR,44870.0,11063.55524,0.011064,3315.578
15121100,Crude sunflower oil,LTR,31731352.9375,6374567.75,6.374568,865488.138
15121900,Sunflower-seed and safflower oil (excl. crude) and fractions thereof,LTR,130448.0,38921.49526,0.038921,11657.188
15122900,"Cotton-seed oil(excl crude)and its fractions, refined or not chemically modified",LTR,70000.0,19187.006,0.019187,4445.761
15131100,Crude coconut (copra) oil,LTR,3594.0,2636.508258,0.002637,640.872
15131900,"Coconut (copra) oil (excl. crude) & its fractions,refined or not chemially modified",LTR,36415.966,30586.872885,0.030587,7330.644
15132900,"Palm kernel or babassu oil (excl. crude) & fractions,refined, not chemically modified",LTR,1182.0,105.327909,0.000105,25.785
15141900,Other oil of low erucic acid rape or colza oil and its fractions,LTR,615.0,78.87754,7.9e-05,23.69
15149990,"Other of rape, colza or mustard oil & fractions thereof nes",LTR,16980.0,4097.325625,0.004097,1227.217
15153000,Castor oil and its fractions,LTR,12009.5,3179.385244,0.003179,692.23
15155000,Sesame oil and its fractions,LTR,10159.399999,4363.305609,0.004363,1061.422
15159000,Other fixed vegetable fats and fractions (NON_EDABLE),LTR,109685.8,31617.902113,0.031618,7683.922
15162000,"Vegetable fats and oils and their fractions, hydrogenated, etc.",LTR,342254.329297,124070.65615,0.124071,37160.235
15171000,Margarine (excluding liquid Margarine),Kg,22050.0,5126.820125,0.005127,1535.821
15179000,"Other Edible preparations of fats and oils, nes",LTR,843874.25,168959.789939,0.16896,70313.713
15180000,"Animal, vegetable or microbial fats and oils and their fractions, boiled, oxidised, d",LTR,5622.5,1706.121818,0.001706,511.057
15200000,"Glycerol, crude; glycerol waters and glycerollyes",LTR,1256.0,1031.114336,0.001031,250.628
15219000,"Beeswax, other insect waxes and spermaceti",Kg,1093.0,290.367271,0.00029,55.8
16010000,"Sausages and similar products, of meat,meat offal, blood or insects; food preparation",Kg,0.2,0.73002,1e-06,0.363
16023200,"Prepared or preserved meat,offal or blood of fowls of the species gallus domestic",Kg,0.9,0.48235,0.0,1.656
16024100,"Preparations of swine, hams and cuts",Kg,1000.0,2020.422,0.00202,999.015
16041100,Prepared or preserved salmon (excl. minced ),Kg,1009.0,4519.798375,0.00452,2234.771
16041300,"Prepared or preserved sardines, sardinella, brisling or sprats (excl.minced).",Kg,18105.599609,4417.087,0.004417,1739.134
16041400,"Tunas, skipjack tuna and bonito (Sarda spp.)",Kg,23450.66023,12878.648207,0.012879,6368.539
16041500,Prepared or preserved mackerel (excl. minced),Kg,3132.0,1842.916438,0.001843,911.254
16042000,"Other prepared or preserved fish, including minced, nes",Kg,23503.400024,19237.09868,0.019237,9511.716
16052900,Shrimps and prawns  in airtight containe,Kg,50.0,92.311109,9.2e-05,45.707
16055400,Cuttle fish and squid,Kg,817.599976,828.978625,0.000829,409.869
17011310,Sakhhar (Gud) Cane sugar specified in Subheading Note 2 to this Chapter,Kg,596136.0,26347.403421,0.026347,7060.661
17011320,Khanda sugar Cane sugar specified in Subheading Note 2 to this Chapter,Kg,19907.0,1473.241725,0.001473,443.421
17011390,Other Cane sugar specified in Subheading Note 2 to this Chapter,Kg,2236.0,156.70131,0.000157,47.093
17011410,Sakhhar (Gud) of other cane sugar,Kg,3711093.0,152306.494976,0.152306,41171.007
17011420,Khanda sugar of other cane sugar,Kg,1278.0,121.8942,0.000122,36.746
17011490,"Other cane sugar (excel khanda sugarm, shakar-gud)",Kg,3739156.0,328140.073015,0.32814,57983.293
17019100,"Cane or beet sugar, containing added flavo uring or colouring",Kg,2128.0,331.998119,0.000332,155.72
17019910,Rock sugar or rock candy or sugar candy (Mishri),Kg,530733.5,41072.711554,0.041073,12303.82
17019920,Sugar Cube,Kg,230.0,15.24499,1.5e-05,7.169
17019990,"Cane or beet sugar, in solid form, nes",Kg,495048.3,42824.127619,0.042824,12826.596
17021100,Lactose and lactose syrup containing by weight>=99% lactose calculated on the dry,Kg,42470.01,19989.823274,0.01999,2021.646
17021900,Lactose and lactose syrup containing by weight <99% lactose calculated on the dry,Kg,200.0,86.97975,8.7e-05,21.137
17023010,Liquid Glucose (Not Containing fructose or containing in the dry state less than 25%),Kg,883575.5,54789.506391,0.05479,10612.283
17023020,Solid Glucose (Not Containing fructose or containing in the dry state less than 25% ),Kg,115200.0,10853.819012,0.010854,2166.031
17023030,Dextrose (Not Containing fructose or containing in the dry state less than 25% ),Kg,134000.0,10698.441078,0.010698,1530.573
17024030,Dextrose (containing in the dry state >=20 % but <50% fructose,Kg,2097.899902,574.039062,0.000574,139.557
17025000,Chemically pure fructose,Kg,25.0,11.27544,1.1e-05,2.741
17026000,"Other fructose and fructose syrup, contain ing >50% fructose,excluding invert sugar",Kg,1600.0,316.653781,0.000317,76.948
17029020,"Artificial Honey, Weather or not mixed with natural honey",Kg,900.01,5122.088246,0.005122,1244.805
17029030,Caramal,Kg,75231.399963,7608.234245,0.007608,1587.149
17029090,Other Sugar & sugar syrup blends containing in the dry strait 50% weight of fructose,Kg,109800.7,8858.970548,0.008859,1606.893
17039000,Molasses resulting from the extraction or refining of sugar (excl cane).,Kg,5.0,0.48045,0.0,0.179
17041000,Chewing gum whether or not sugar- coated,Kg,109024.29872,64539.708721,0.06454,51129.948
17049000,"Sugar confectionery (including white chocolate), not containing cocoa",Kg,556959.530368,147266.801628,0.147267,117389.294
18031000,"Cocoa paste, not defatted",Kg,1500.0,1743.603625,0.001744,423.697
18040000,"Cocoa butter, fat and oil",Kg,530.0,744.987797,0.000745,181.034
18050000,"Cocoa powder, not containing added sugar or other sweetening matter",Kg,49309.2,40982.275691,0.040982,11746.942
18061000,"Cocoa powder, containing added sugar or other sweetening matter",Kg,7730.26,6347.300979,0.006347,5022.571
18062000,"Chocolate, etc, containing cocoa, in blocks, slabs or bars >2kg in ... forms",Kg,106244.850008,39982.540068,0.039983,31689.385
18063100,"Filled (Chocolate, etc, containing cocoa, in blocks, slabs or bars)",Kg,5385.799988,6627.989425,0.006628,5253.271
18063200,"Not filled (Chocolate, etc, containing cocoa in blocks, slabs or bars)",Kg,3707.899998,15213.95834,0.015214,12081.518
18069010,"Chocolate, etc, containing cocoa, not in blocks, slabs or bars, nes.",Kg,116925.049275,38240.446361,0.03824,30583.568
18069090,"Other Chocolate, etc, containing cocoa, not in blocks, slabs or bars, nes.",Kg,304953.294313,267626.643075,0.267627,212213.447
19011000,"Preparations for infant use, for retail sale, of flour, groats, meal, starch etc.",Kg,37270.499988,44119.430562,0.044119,8231.054
19012000,Mixes and doughs for preparation of bakers' wares of 19.05.,Kg,254352.779999,64703.005472,0.064703,13307.235
19019010,Malt Extract,Kg,45948.199999,4123.349557,0.004123,1010.823
19019090,"Food prep's of goods of hdgs 0401-0404 or of flour, meal, etc not cont'g cocoa",Kg,361602.900061,181604.50987,0.181605,39056.121
19021100,Uncooked pasta containing eggs not stuffed,Kg,9.4,1.71782,2e-06,1.247
19021900,"Uncooked pasta, not containing eggs, not stuffed",Kg,267661.299989,54561.185273,0.054561,36815.876
19022000,"Stuffed pasta, whether or not cooked or otherwise prepared",Kg,53.0,17.37135,1.7e-05,10.318
19023000,"Other pasta, nes",Kg,161484.909738,25673.354145,0.025673,18449.043
19024000,Couscous,Kg,810.0,244.842945,0.000245,146.869
19030000,"Prepared from starch, in the form of flakes, grains, pearls,siftings or similar forms",Kg,168302.5,19276.301662,0.019276,4532.641
19041010,Prepared foods obtained by the swelling or roasting of cereals.,Kg,54349.299998,25143.458279,0.025143,8423.445
19041091,Corn Flakes,Kg,58096.75,15814.806267,0.015815,5336.4
19041099,Other Prepared foods obtained by the swelling or roasting of cereals product,Kg,379993.899988,117663.872837,0.117664,40538.376
19042000,Prepared foods obtained from unroasted cereal flakes or mixtures of unroasted & r,Kg,57229.800003,8688.950151,0.008689,3662.388
19049010,Puffed rice (Dhan ko bhuja - Murhi),Kg,4846.0,288.75578,0.000289,43.554
19049020,Flattened rice(Chiura),Kg,120520.0,5597.252018,0.005597,562.7
19049090,Other prepared cereals in grain form (excl . maize) nes.,Kg,45357.0,8617.171673,0.008617,3542.892
19051000,Crispbread,Kg,519.5,110.013182,0.00011,88.861
19052000,Gingerbread and the like,Kg,8.0,1.6615,2e-06,1.321
19053100,Sweet biscuits,Kg,806130.663955,217273.216584,0.217273,171855.282
19053200,Waffles and wafers,Kg,309573.319969,176892.644614,0.176893,140133.083
19054000,"Rusks,toasted bread and similar toasted products",Kg,127115.839933,29877.579442,0.029878,22769.945
19059010,Pizza,Kg,808.0,199.134923,0.000199,85.529
19059020,"Kurkure, Kurmure, Lays, Cheeseballs",Kg,224743.409826,139364.07701,0.139364,84414.162
19059030,Papad,Kg,87342.080093,16822.552873,0.016823,9126.013
19059040,Empty Cachets of a kind suitable for pharmaceuticals use,Kg,4745.110991,15360.834647,0.015361,2512.099
19059050,Biscuits not specified elsewhere,Kg,72294.340357,22521.130407,0.022521,17841.952
19059060,"Cakes, cookies and Pastry",Kg,22314.139923,6028.124041,0.006028,4775.925
19059070,Bread (Pauroti),Kg,2.0,0.3203,0.0,0.256
19059081,"Other Crisp Savoury food products, unfried",Kg,167541.9,18693.401052,0.018693,12554.771
19059089,Other prepared crisp savoury food products,Kg,371.349998,119.68907,0.00012,113.158
19059090,Other bakers' wares nes,Kg,400453.383899,133411.070421,0.133411,104353.448
20011000,"Cucumbers and gherkins, preserved by vinegar or acetic acid",Kg,3845.5,765.173063,0.000765,378.449
20019000,"Other vegetables, fruits, etc, preserved by vinegar or acetic acid, nes",Kg,33595.399998,4436.926465,0.004437,2194.093
20021000,"Tomatoes, whole or in pieces, preserved other than by vinegar, etc.",Kg,17775.0,2838.56622,0.002839,1403.545
20029000,"Tomatoes, preserved otherwise than by vinegar or acetic acid, nes",Kg,122904.4,18981.653094,0.018982,7910.668
20031000,Mushrooms of the genus Agaricus preserved otherwise by vinegar or autic acid.,Kg,65088.0,14202.857687,0.014203,7022.582
20039000,Other mushrooms prepared or preserved by vinegar of autic acid nes.,Kg,22.1,190.497417,0.00019,94.386
20041010,"French fry Potato, frozen, prepared or preserved otherwise",Kg,208022.570053,27867.850864,0.027868,15589.927
20049000,"Other vegetables preserved other than by vinegar, etc, frozen,(excl. prod's of 20.06",Kg,37984.0,7976.45216,0.007976,4462.325
20051000,"Homogenized vegetable, preserved other than by vinegar, etc, not frozen (excl 20.06)",Kg,500.0,133.271266,0.000133,74.555
20052010,Potatoes Chips prepared or preserved otherwise than by vinegar or acid,Kg,864.3,158.64441,0.000159,103.72
20054000,"Peas, preserved other than by vinegar or acetic acid, not frozen",Kg,893.280003,513.299299,0.000513,253.89
20055100,"Shelled beans, preserved other than by vineagar, etc, not frozen",Kg,3278.82,1932.95573,0.001933,955.725
20055900,"Beans, unshelled, preserved other than by vinegar, etc, not frozen",Kg,20146.2,4507.47664,0.004507,2228.719
20057000,"Olives, preserved other than by vinegar or acetic acid, not frozen.",Kg,270.5,115.792289,0.000116,57.426
20058000,"Sweetcorn, preserved other than by vinegar or acetic acid, not frozen",Kg,44911.799805,6751.659297,0.006752,3338.333
20059900,Other - Vegetables & mixtures of veg preseved otherwise than by vineger or acit,Kg,4704.0,1460.604297,0.001461,722.228
20060000,"Vegetables, fruit, nuts, fruit-peel and other parts of plants, preserved by suga",Kg,26865.199997,5552.220376,0.005552,2745.581
20071000,"Jams, fruit jellies, marmalades, etc, homoenized preparations.",Kg,6411.0,1513.897752,0.001514,748.717
20079100,"Jams, fruit jellies, marmalades, etc, of cetrus fruit",Kg,0.9,0.28829,0.0,0.32
20079900,"Other jams, fruit jellies, marmalades, etc, obtained by cooking",Kg,380327.720255,63497.391858,0.063497,31404.346
20081100,"Ground-nuts, preserved",Kg,90059.080003,26854.176483,0.026854,13278.216
20081910,Roasted or Salted Chickpeas (gram),Kg,3204.0,828.083419,0.000828,409.666
20081920,Roasted or Salted Cashewnut,Kg,41448.479916,40596.411309,0.040596,20072.595
20081930,Roasted or Salted Pistachio,Kg,46858.400389,65764.418342,0.065764,32515.986
20081940,Roasted or Salted Almond,Kg,393.999996,671.914416,0.000672,332.232
20081990,"Other nut, ground nut and seeds weather or not mixed together",Kg,168721.968441,66680.256594,0.06668,25346.684
20082000,"Pineapples, prepared or preserved (excl those of 20.06 and 20.07)",Kg,14064.799988,2731.718182,0.002732,1350.715
20083000,"Citrus fruit, prepared or preserved (excl those of 20.06 and 20.07)",Kg,23564.680014,4456.893959,0.004457,1922.779
20086000,"Cherries, prepared or preserved (excl. those of 20.06 and 20.07)",Kg,40.0,9.84714,1e-05,4.871
20087000,"Peaches,incl nectarines prepared or preserved (excl those of 20.06 and 20.07)",Kg,1332.400002,444.502631,0.000445,219.779
20088000,"Strawberries, prepared or preserved (excl. those of 20.06 and 20.07)",Kg,9227.849861,2653.631175,0.002654,1312.033
20089300,"Cranberries (Vaccinium macrocarpon, Vaccinium oxycoccos); lingonberries (Vaccinium vi",Kg,550.920006,388.017023,0.000388,191.92
20089700,Mixtures,Kg,2294.399994,573.924031,0.000574,283.773
20089910,Fruit Pulp,Kg,578169.750027,45827.804671,0.045828,13171.157
20089990,"Other fruit, nuts and other edible parts of plants nes.",Kg,56996.930171,12433.941643,0.012434,6165.266
20091100,"Frozen orange juice, unfermented, not containing added spirit",LTR,5.0,0.19151,0.0,0.469
20091200,"Orange juice not frozen, of a brix value not execeeding 20, unfermented",LTR,1671.599976,433.141172,0.000433,196.089
20092900,Other grapefruit juice of a brix value      > 20,LTR,1.5,3.203,3e-06,0.542
20093900,Other juice of any other single citrus fruit.,LTR,4000.0,299.464781,0.000299,373.411
20094100,Pineapple juice of a brix value <=20,LTR,931.200012,204.608016,0.000205,104.467
20096900,Other grape juice (including grape must)  .,LTR,1201.0,265.054681,0.000265,134.886
20097900,Other apple juice,LTR,3135.0,887.032,0.000887,377.53
20098990,Other juice of any other single fruits,LTR,179415.33189,28744.950074,0.028745,18740.653
20099000,"Mixtures of juices, unfermented, not containing added spirit.",LTR,345912.600037,37326.547098,0.037327,33778.668
21011100,"Extracts, essences and concentrates of coffee",Kg,123063.09024,365271.112397,0.365271,164003.143
21011200,"Preparations with a basis of extract, essences or concentrates or with a basis of",Kg,12794.480042,9491.731868,0.009492,5343.667
21012000,"Extracts, essences, concentrates and preparations of tea or mat",Kg,38764.700757,20869.642872,0.02087,12077.497
21013000,"Roasted coffee substitutes(incl. chicory) and extracts, assences of concentrates",Kg,1500.0,2207.6705,0.002208,866.934
21021000,Active yeasts,Kg,178720.0,65665.64551,0.065666,19614.557
21022000,"Inactive yeasts; other single-cell micro-organisms, dead",Kg,169.3,491.731617,0.000492,147.279
21023000,Prepared baking powders,Kg,6792.0,1250.993955,0.001251,301.876
21031000,Soya sauce,Kg,118389.53867,20986.442058,0.020986,9844.974
21032000,Tomato ketchup and other tomato sauces,Kg,149880.999802,30695.693961,0.030696,14432.59
21033000,"Mustard flour and meal, prepared mustard",Kg,7181.000004,3727.256393,0.003727,1832.332
21039010,"Sauces and sauce preparations; mixed condiments and seasonings, nes",Kg,144635.689952,85658.066278,0.085658,35018.073
21039020,Pickle (Achar),Kg,40918.680004,3766.699676,0.003767,1767.494
21039090,Other Sauces and preparations,Kg,408050.409434,183695.913753,0.183696,83763.434
21041000,Soups and broths and preparations therefor,Kg,28992.36012,25093.874233,0.025094,11769.838
21042000,Homogenized composite food preparations,Kg,2.0,0.3203,0.0,0.152
21050000,"Ice cream and other edible ice, whether or not containing cocoa",Kg,30887.168046,17183.578336,0.017184,10732.72
21061000,Protein concentrates and textured proteinvsubstences,Kg,147530.13,95568.627072,0.095569,11980.799
21069010,"Dalmoth, Namkeen, Bhujiya and Chamena (titbits)",Kg,206356.140267,62951.947218,0.062952,34182.708
21069020,Pan Mashsla without tobacco (Surti Rahit),Kg,36304.0,85572.758,0.085573,89772.48
21069030,Zintang,Kg,1.0,0.76872,1e-06,0.187
21069040,Concentrate of non-alcohalic soft drinks,Kg,1663007.510071,1732905.564715,1.732906,688054.1
21069050,"Pachak,Rochak& Similar goods",Kg,28180.920654,13312.985917,0.013313,4739.838
21069091,Food Supplements,Kg,94206.72888,243870.897929,0.243871,119678.798
21069092,Herbal Tea,Kg,31.92,166.804622,0.000167,114.195
21069093,Non Dairy Cream,Kg,146660.0,27560.327227,0.02756,12926.536
21069094,Soya chunks (Soyabody  Masyaura),Kg,15558.0,3447.82143,0.003448,1617.228
21069095,Gum base,Kg,131660.0,55391.102047,0.055391,16411.502
21069096,Preparation suitable for use as infant food for retail sale,PCS,303143.0,150197.059328,0.150197,53284.693
21069099,Other Food Preparations,Kg,515892.049067,316724.008675,0.316724,148821.006
22011010,Mineral water (not containing added sugar or other sweetening matter nor flavoured),LTR,9000.0,0.15148,0.0,0.0
22011090,Other Mineral waters and aerated water,LTR,9000.0,529.424625,0.000529,0.0
22019000,Other unsweetened waters;ice and snow,LTR,250.5,9.64208,1e-05,4.59
22029910,Energy Drink,LTR,0.5,1.12112,1e-06,0.595
22029920,Light Beverages,LTR,2737.795986,3936.23865,0.003936,0.944
22029930,Flavoured Milk Beverages,LTR,44740.0,6367.273098,0.006367,6019.829
22029990,Other drinks (added sugar or other sweetening matter or flavoured),LTR,136223.479959,24964.103919,0.024964,19618.96
22030010,Beer made from malt ( upto 5% alcohol),LTR,12.0,8.73123,9e-06,12.976
22030020,Beer made from malt ( more than 5% alcohol),LTR,2376.0,751.743563,0.000752,1506.222
22041010,Sparkling Wine Containing Alcohol Strengthby Vol up to 12%,LTR,21612.677999,9779.616255,0.00978,22721.268
22041020,Sparkling Wine Containing Alcohol Strengthby Vol 12-17% .,LTR,16839.227999,9408.881225,0.009409,19622.276
22041030,Sparkling Wine Containing Alcohol Strengthby Vol above 17%,LTR,5184.0,4967.668875,0.004968,8744.519
22042110,Wine (not sparkling: grape must with by alcohol upto 12% in:<=2L containers,LTR,31609.5,13799.308578,0.013799,32851.694
22042120,Wine (not sparkling: grape must with by alcohol 12-17% in:<=2L containers,LTR,18066.780006,12540.301878,0.01254,23708.267
22042910,Other Wine by alcohol upto12%,LTR,11946.899994,4723.472875,0.004723,11929.878
22042920,Other Wine by alcohol 12-17%,LTR,2790.0,1698.541094,0.001699,3401.187
22043020,Other Wine grape must with byalcohol 12-17%,LTR,8100.0,5858.873156,0.005859,10871.167
22051010,Vermoutn & Other Wine of grapes by alcohol contain upto12% container =<2L,LTR,4503.0,1211.459281,0.001211,4373.352
22051020,Vermoutn & Other Wine of grapes by alcohol contain 12-17% in =<2L container,LTR,336.0,317.590508,0.000318,531.211
22051030,Vermoutn & Other Wine of grapes by alcohol contain above 17% =<2L container      .,LTR,132.0,114.699398,0.000115,209.988
22071010,Undenatured Ethyl Alcohol of Strength >=80%  .,LTR,12000.0,5844.96,0.005845,4019.573
22071020,Undenatured Ethyl Alcohol of Strength >=80%vol rectified or silent spirit,LTR,12000.0,2179.32125,0.002179,2291.411
22071030,E.N.A (Extra Neutral Alcohol) A.AA,LTR,190000.0,36943.1995,0.036943,38058.82
22083010,Raw Material of Whiskey (alcoholic fluids including spirits) <80% alcohol,LTR,67402.699976,140235.686635,0.140236,163578.585
22083091,Whiskies of an alcoholic strength 15UP (48.5%),LTR,61.799999,937.049336,0.000937,1355.529
22083092,Whiskies of an alcoholic strength 25UP (42.8%),LTR,539.75,2275.17035,0.002275,3834.31
22083093,Whiskies of an alcoholic strength 30UP (39.94%),LTR,82160.999998,205445.03877,0.205445,408366.048
22083099,Other Whiskies,LTR,627.175,1815.402815,0.001815,3714.165
22084091,Rum and other spirits of an alcoholic strength 15UP (48.5%),LTR,12.0,101.385688,0.000101,158.056
22084099,Other Rum and other spirits of an alcoholic strength,LTR,0.36,0.83376,1e-06,1.862
22085091,Gin and Geneva of an alcoholic strength 15UP (48.5%),LTR,801.0,1531.659477,0.001532,3893.603
22085092,Gin and Geneva of an alcoholic strength 25UP (42.8%),LTR,709.5,1028.741484,0.001029,3067.235
22085093,Gin and Geneva of an alcoholic strength 30UP (39.94%),LTR,2325.060001,2770.407105,0.00277,9252.231
22086092,Vodka of an alcoholic strength 25UP (42.8%),LTR,34.560001,26.905199,2.7e-05,139.145
22086093,Vodka of an alcoholic strength 30UP (39.94%),LTR,16733.399994,20123.697781,0.020124,66719.02
22087091,Liqueurs and cordials of an alcoholic strength 15UP (48.5%),LTR,19.200001,69.282641,6.9e-05,131.596
22087093,Liqueurs and cordials of an alcoholic strength 30UP (39.94%),LTR,3915.599972,3982.181687,0.003982,15569.277
22087099,Others Liqueurs and cordials,LTR,648.0,993.016281,0.000993,1690.121
22089091,Liquor of an alcoholic strength 15UP (48.5%),LTR,142.5,424.282625,0.000424,893.998
22089093,Liquor of an alcoholic strength 30UP (39.94%),LTR,1029.0,2398.1365,0.002398,4750.798
22089094,Liquor of an alcoholic strength 40UP (34.23%),LTR,1408.800011,2669.449484,0.002669,4978.633
22089095,Liquor of an alcoholic strength 50UP (28.53%),LTR,420.0,760.389594,0.00076,1351.445
22089096,Liquor of an alcoholic strength 70UP (17.12%),LTR,1972.400024,4673.446078,0.004673,6878.483
22090000,Vinegar and substitutes for vinegar obtained from acetic acid,LTR,7562.200007,2460.029982,0.00246,702.819
23012000,"Flours, meals and pellets of fish or of crustaceans molluscs or other aquatic invertebrates",Kg,622325.0,55135.825063,0.055136,646.705
23021000,"Brans, sharps and other residues of maize",Kg,88660.0,3195.300187,0.003195,319.726
23023000,"Brans, sharps and other residues of wheat",Kg,1861.0,58.42273,5.8e-05,5.873
23024010,"Brans, sharps and other residues of other cereals",Kg,2330031.0,93991.24924,0.093991,2207.954
23024090,"Other-Brans, sharps and other residues except residue of Cashew and Pallets",Kg,9741705.0,164561.704727,0.164562,12573.118
23025000,"Brans, sharps and other residues of leguminous plants",Kg,372.0,9.51291,1e-05,0.957
23031000,Residues from manufacture of starch and similar residues,Kg,11184095.0,579347.839437,0.579348,5938.438
23033000,Brewing or distilling dregs and waste,Kg,6987790.0,343019.089188,0.343019,28047.663
23040000,"Oil-cake and other solid residues, of soyabean",Kg,28197306.0,2224649.592875,2.22465,169597.667
23050000,"Oil-cake and other solid residues, of ground-nut",Kg,41940.0,3223.40625,0.003223,290.172
23064100,Oil-cake of low erucic acid rape or colza  seeds,Kg,2274115.0,96100.853062,0.096101,8652.32
23069000,"Til Ko Pina, Oil cake",Kg,3733670.0,127968.433156,0.127968,11523.319
23091000,"Dog or cat food, put up for retail sale",Kg,120511.120097,31851.106224,0.031851,14686.131
23099000,"Other preparations of a kind used in animal feeding, nes",Kg,7416454.180232,1271361.364108,1.271361,95165.283
24012000,"Tobacco, partly or wholly stemmed/stripped",Kg,656310.0,627162.183121,0.627162,390557.933
24013000,Tobacco refuse,Kg,130600.0,17594.657641,0.017595,27438.026
24022023,Cigrettee with filter 75-85MM,STK,1440800.0,5305.39692,0.005305,16767.364
24022024,Cigrettee with filter above 85MM .,STK,575200.0,1950.852019,0.001951,7519.175
24031100,Water pipe tobacco specified in Subheading  Note 1 to this Chapter,Kg,6150.0,8521.264672,0.008521,23822.253
24031990,Other tobacco,Kg,5.0,5.60525,6e-06,7.896
24039920,"Cut tobacco,dust tobacco not for retail sal",Kg,341470.0,84512.334492,0.084512,283888.713
24039930,Packed chewing tobacco with lime for retail_ sale,Kg,1200.0,282.600687,0.000283,1038.075
24039991,Hukkah Flavour,Kg,3949.5,4112.101969,0.004112,11660.849
24039999,"Tobacco extract and essences, Other manufactured tobacco and tobacco substitutes",Kg,300.0,484.759437,0.000485,1043.643
24041100,Containing tobacco or reconstituted tobacco,Kg,1235.97,9316.691863,0.009317,12949.95
24049100,For oral application,Kg,666.679994,10325.306896,0.010325,13230.509
24049900,"Other Products containing tobacco, reconstituted tob, nicotine, substitutes etc",Kg,16.0,13.1206,1.3e-05,17.841
25010010,Industrial salt(non-edible),Kg,5503092.0,59676.854307,0.059677,11133.846
25010020,Black Salt [Sindhe Bire Kalo Noon ],Kg,681497.5,24911.949581,0.024912,3240.94
25010090,Other salt,Kg,26196000.2,282674.17176,0.282674,0.715
25020000,Unroasted iron pyrites,Kg,505.0,46.464229,4.6e-05,11.293
25030000,"Sulphur of all kinds (excl. sublimed, precipitated and colloidal sulphur)",Kg,691.099976,70.607918,7.1e-05,17.162
25041000,Natural graphite in powder or in flakes,Kg,345.0,59.84561,6e-05,11.232
25049000,Other natural graphite (excl. in powder or in flakes),Kg,80.0,2.86989,3e-06,0.536
25051000,Silica sands and quartz sands,Kg,3522.0,62.14761,6.2e-05,15.11
25059000,"Other natural sands, (excl metal-bearing  s nds of chapter 26), nes",Kg,790.0,27.63951,2.8e-05,6.786
25061000,Quartz,Kg,984170.0,12804.759014,0.012805,2868.7
25062000,Quartzite,Kg,251090.0,4964.44485,0.004964,1179.607
25070000,"Kaolin and other kaolinic clays, whether or not calcined",Kg,2393153.76001,67559.424303,0.067559,14634.761
25081000,Bentonite,Kg,2132125.0,26348.478492,0.026348,4917.384
25083000,Fire-clay,Kg,6060.0,307.881846,0.000308,57.497
25084000,"Other clays, nes",Kg,10374515.5,77215.945639,0.077216,14414.655
25085000,"Andalusite, kyanite and sillimanite",Kg,125000.0,5078.212375,0.005078,947.285
25087000,Chamotte or dinas earths,Kg,50.0,1.42217,1e-06,0.267
25090000,Chalk,Kg,86230.0,1689.042198,0.001689,400.756
25101000,"Unground natural calcium phosphates, aluminium calcium phosphates, etc",Kg,57000.0,804.851125,0.000805,195.71
25102000,"Ground natural calcium phosphates, aluminium calcium phosphates, etc",Kg,42000.0,565.009188,0.000565,137.363
25111000,Natural barium sulphate (barytes),Kg,14405.0,383.59451,0.000384,93.415
25120000,"Siliceous fossil meals(kieselguhr,tripolite,etc);&similar siliceous earths appare",Kg,9525.17981,1488.301469,0.001488,277.57
25131000,Pumice stone,Kg,55.5,39.524651,4e-05,10.047
25132000,"Emery, natural corundum, natural garnet and other natural abrasives",Kg,410.0,13.35972,1.3e-05,3.86
25151100,Marble and travertine crude or roughly trimmed,MTQ,127.288001,1622.46384,0.001622,394.433
25151210,Marble & Travertine merely cut into BLOCKS,Kg,322890.0,14228.011643,0.014228,3558.926
25151220,Marble & Travertine merely cut into SLABS,Kg,646843.099609,20331.263773,0.020331,14131.981
25151290,Marble & Travertine - OTHERS,Kg,275994.0,4428.207155,0.004428,2158.43
25152000,Ecaussine and other calcarcous monumental or building stone; alabaster,MTQ,16.620001,293.747531,0.000294,204.156
25161100,"Granite, crude or roughly trimmed",MTQ,94711.404971,54977.44666,0.054977,13364.929
25161210,Granite merely cut into BLOCKS,Kg,47821328.0,520708.462537,0.520708,126569.049
25161220,Granite merely cut into SLABS,Kg,385995.0,8056.537615,0.008057,5599.97
25162010,Crude or roughly trimmed sand stones of less than 25 inches in size.,MTQ,314.82,2444.907844,0.002445,1699.549
25162020,Crude or roughly trimmed sand stone of greater than 25 inches in size,MTQ,34.959999,674.16125,0.000674,468.609
25169000,"Porphyry, sylnite, etc, merely cut into a square or rectangular shape",MTQ,9.8,10.84803,1.1e-05,7.542
25171010,"Pebbles, gravels, broken or crushed stones not exceeding 2 inches, gor road cons",MTQ,489.39,436.564009,0.000437,106.091
25171020,"Pebbles, gravels, broken or crushed stones exceeding 2 inches, gor road constru",MTQ,1.338,30.192371,3e-05,7.404
25171030,Crude sand stone used for road constructio,MTQ,45.4,423.63148,0.000424,103.011
25174100,"Marble granules, chippings and powder",MTQ,59824.228201,1755.355951,0.001755,841.645
25174919,Other Stone Powder,MTQ,63.440501,799.246961,0.000799,374.981
25174991,Granules chippings & powder other than stone powder Produced by crusher Industry,MTQ,0.625,11.31936,1.1e-05,5.31
25174999,Other - Granules chippings and powder other than stone powder (excl marble).,MTQ,20.0,569.174,0.000569,267.009
25181000,Dolomite not calcined or sintered,Kg,7568690.0,63622.362554,0.063622,13450.817
25191000,Natural magnesium carbonate (magnesite),MTQ,2188.0,2469.610939,0.00247,600.512
25199000,Magnesia and other magnesium oxide,MTQ,11037.665,1872.571203,0.001873,440.661
25201000,Gypsum; anhydrite,Kg,61487990.0,458741.875241,0.458742,85465.91
25202000,Plasters,Kg,1437105.199295,18055.440831,0.018055,4120.421
25210000,Limestone flux; limestone and other calcareous stone,Kg,2183240.0,22001.291785,0.022001,519.3
25221000,Quicklime,Kg,2492377.0,36171.505267,0.036172,8540.007
25222000,Slaked lime,Kg,160170.0,3196.436411,0.003196,707.657
25223000,Hydraulic lime,Kg,13552785.6,60248.218561,0.060248,14647.195
25231000,Cement clinkers,TNE,6250.309996,47497.348625,0.047497,23127.988
25232100,White portland cement,Kg,3345200.0,67773.194466,0.067773,36764.756
25232900,Portland cement (excl white),TNE,715.0022,6905.302008,0.006905,7.683
25239000,"Other hydraulic cements, etc",Kg,250.0,35.080602,3.5e-05,19.097
25251000,Crude mica and mica rifted into sheets or splittings,Kg,50.0,57.35043,5.7e-05,14.003
25252000,Mica powder,Kg,34152.0,2538.497762,0.002538,617.058
25261000,"Natural steatite, talc, Not crushed, not powdered",Kg,708720.0,5933.660415,0.005934,1346.839
25262000,"Natural steatite, talc, crushed or powdered",Kg,1253620.0,29510.061655,0.02951,6049.496
25291000,Feldspar,Kg,7945341.0,62219.649453,0.06222,13944.95
25301000,"Vermiculite, perlite and chlorites (unexpatded)",Kg,1800.0,86.75395,8.7e-05,21.085
25309000,"Other mineral substances, nes",Kg,3670526.4,46124.705282,0.046125,9669.174
26011100,Non-agglomerated iron ores and concentrate,Kg,23148940.0,114074.441594,0.114074,14835.977
26011200,Agglomerated iron ores and concentrates,Kg,1534700.0,7324.535437,0.007325,952.452
26060000,Aluminium ores and concentrates,Kg,3115015.0,10513.243828,0.010513,1367.968
26100000,Chromium ores and concentrates,Kg,500.0,62.97173,6.3e-05,15.369
26161000,Silver ores and concentrates,Kg,0.0753,23.019211,2.3e-05,5.659
26180000,Granulated slag (slag sand) from the manufcture of iron or steel,TNE,853.759998,4516.164875,0.004516,1552.506
26190000,"Slag, dross, sealings & other waste, from the manufacture of iron or steel",TNE,83.32,1735.85075,0.001736,319.943
26219000,"Other slag and ash, including seaweed ash Kelp)",TNE,127364.581113,280903.595509,0.280904,162437.837
27011100,"Coal Anthracite, not agglomerated",Kg,63760.0,2176.326619,0.002176,442.114
27011200,"Bituminous coal, not agglomerated",Kg,33137960.0,438917.902562,0.438918,100602.31
27011900,"Other coal, not agglomerated, nes",Kg,227039716.0,3461958.508342,3.461959,769051.058
27012000,"Briquettes, ovoids and similar solid fuels manufactured from coal",Kg,31160.0,1752.329965,0.001752,344.558
27030000,"Peat (including peat litter), whether or not agglomerated.",Kg,50819.0,2834.61375,0.002835,528.788
27040000,"Coke and semi-coke of coal, of lignite or of peat; retort carbon",Kg,3416945.0,101476.065546,0.101476,20862.284
27073000,Xylol (xylenes),Kg,330.0,75.419143,7.5e-05,14.133
27074000,Naphthalene,Kg,2000.0,310.943969,0.000311,58.057
27075000,Aromatic hydrocarbon mixtures which >=65% distils at 250c,Kg,33060.0,5993.218176,0.005993,1117.938
27079100,Creosote oils  .,Kg,6080.0,879.988375,0.00088,164.251
27079900,Other oils and oil products of distillation of high temp coal tar nes,Kg,77160.0,8572.73825,0.008573,1598.949
27101210,Petrol,KL,125497.0,16133728.959125,16.133729,5302345.57
27101220,Heczen (food grade),KL,75.0,9254.69325,0.009255,3423.691
27101290,Other light oils & preparations,KL,40.725,3169.901161,0.00317,2262.127
27101910,Kerosene,KL,530.0,73941.009625,0.073941,13207.161
27101920,ATF,KL,33000.0,5220083.48575,5.220083,756930.801
27101930,Diesel,KL,185456.0,28039799.83575,28.0398,6988911.44
27101950,Feul Oil (Furnace Oil),LTR,4093626.740234,346960.40967,0.34696,67028.741
27101960,Base Oil (Use for making mobile),LTR,1087976.0,256647.448927,0.256647,78260.062
27101970,Jute batching oil or Textile Oil,LTR,62679.0,12952.610031,0.012953,1371.102
27101980,Lubricating Oil,LTR,2959744.210153,1119869.032622,1.119869,528007.129
27101991,Spindle Oil,Kg,99983.07,23893.417443,0.023893,7212.864
27101992,Transformer Oil,LTR,313744.0,67768.696163,0.067769,14107.109
27101993,Meneral Turpentine Oil,LTR,706203.179688,104442.735875,0.104443,31682.19
27101994,Rubber Processing Oil,LTR,18040.0,3782.586709,0.003783,981.031
27101995,White Oil/Liquid Paraffin Oil,LTR,164427.0,37533.647789,0.037534,10975.907
27101996,White Oil,LTR,37.0,14.76042,1.5e-05,5.278
27101999,Other petroleum Oil,LTR,3025890.181999,452053.220319,0.452053,215334.816
27102000,Petroleum oils and oils obtained from bitum nous minerals(other than crude) and p,Kg,90.0,78.578828,7.9e-05,38.014
27109900,Other waste oils,Kg,5075.5,1644.411133,0.001644,795.482
27111100,"Natural gas, liquefied",Kg,17380.0,2218.35125,0.002218,539.126
27111390,"Butanes and  Iso-Butanes other than refrigerants, liquefied",Kg,12936.0,2768.911312,0.002769,829.622
27111400,"Ethylene, propylene, butylene and butadien, liquefied.",Kg,17.0,1.84373,2e-06,0.555
27111910,Liquidified Petrolium Gas (LPG),Kg,117168086.0,16026509.5135,16.02651,2988989.59
27111990,"Petroleum gases and other gaseous hydrocarons, liquefied, nes.",Kg,44.0,42.86425,4.3e-05,12.839
27112900,"Petroleum gases and other gaseous hydrocar ons in gaseous state, nes",Kg,3.0,0.7233,1e-06,0.218
27121000,Petroleum jelly,Kg,15751.5,7557.105452,0.007557,510.993
27122000,"Paraffin wax, containing <075% oil",Kg,209100.594147,44270.255955,0.04427,8829.732
27129000,"Other paraffin wax and similar products, nes",Kg,14833.680293,3472.401304,0.003472,794.985
27131100,"Petroleum coke, not calcined",Kg,200430.0,6520.661492,0.006521,1329.613
27131200,Calcined petroleum coke,Kg,75760.0,4139.852599,0.00414,815.087
27132000,Petroleum bitumen,Kg,15151788.610586,1883180.515902,1.883181,562964.034
27150000,"Bituminous mixtures based on natural asphat, bitumen(eg cut-backs).",Kg,401428.0,58990.686384,0.058991,17657.789
28012000,Iodine,Kg,2.4,91.824069,9.2e-05,17.131
28020000,"Sulphur, sublimed or precipitated; colloidal sulphur",Kg,375.0,218.810324,0.000219,40.812
28030000,"Carbon (carbon blacks and other forms of carbon, nes)",Kg,340212.0,33921.534305,0.033922,6056.971
28042100,Argon,MTQ,20560.502201,5304.619754,0.005305,989.643
28042900,Rare gases (excl argon),MTQ,20.0007,888.532937,0.000889,165.845
28043000,Nitrogen,MTQ,4400.0,172.500766,0.000173,32.238
28044010,Oxygen Medical Grade,MTQ,289166.455818,23681.427781,0.023681,1188.0
28044090,Oxygen other than medical grade,MTQ,179066.703026,6824.024086,0.006824,342.445
28045000,Boron; tellurium,Kg,500.0,196.844734,0.000197,36.713
28046900,Other Silicon containing by weight <99.99% silicon,Kg,6880.0,1694.68043,0.001695,39.698
28051100,Sodium,Kg,25.75,72.909528,7.3e-05,13.603
28051200,Calcium,Kg,150.0,136.153234,0.000136,25.394
28051900,Alkali & alkaline -earth metals (excl sodium and calcium),Kg,3.0,63.48418,6.3e-05,11.906
28061000,Hydrogen chloride (hydrochloric acid),Kg,2322730.0,11547.58743,0.011548,2795.233
28070000,Sulphuric acid; oleum,Kg,1068765.0,74583.359609,0.074583,16301.246
28080000,Nitric acid; sulphonitric acids,Kg,68990.5,3756.039345,0.003756,807.553
28092000,Phosphoric acid and polyphosphoric acids,Kg,147705.0,35757.098957,0.035757,7404.725
28100000,Oxides of boron; boric acids,Kg,22488.0,5881.982135,0.005882,1190.856
28111100,Hydrogen fluoride (hydrofluoric acid),Kg,24.0,13.72166,1.4e-05,3.336
28111900,"Other inorganic acids, nes",Kg,14506.325,2550.517852,0.002551,611.22
28112190,Other Carbon dioxide,Kg,1341253.5,22808.104839,0.022808,5248.501
28112200,Silicon dioxide,Kg,1393329.7,36216.485827,0.036216,7422.214
28112900,"Other inorganic oxygen compounds of non-meals, nes",Kg,63884.239994,5087.065248,0.005087,1226.282
28129000,"Halides and halide oxides of non-metals, nes",Kg,600.0,1156.347031,0.001156,215.79
28141010,Anhydrous ammonia for refrigerant,Kg,10965.0,1356.4495,0.001356,268.371
28141090,Other Anhydrous ammonia,Kg,22072.0,3027.174719,0.003027,600.599
28142000,Ammonia in aqueous solution,Kg,59815.0,3128.490544,0.003128,752.044
28151100,"Sodium hydroxide (caustic soda), solid",Kg,2013067.5,150882.672028,0.150883,28138.843
28151200,Sodium hydroxide in aqueous solution (sodalye or liquid soda).,Kg,5509.9,738.80848,0.000739,138.003
28152000,Potassium hydroxide (caustic potash),Kg,8962.0,2031.480198,0.002031,367.184
28153000,Peroxides of sodium or potassium,Kg,0.08,15.57291,1.6e-05,2.905
28161000,Hydroxide and peroxide of magnesium,Kg,2575.0,1509.25358,0.001509,16.998
28170000,Zinc oxide; zinc peroxide,Kg,28810.0,12670.695501,0.012671,2231.081
28181000,"Artificial corundum, whether or not chemicly defined.",Kg,64700.0,671.150234,0.000671,125.305
28182000,"Aluminium oxide, other than artificial corundum",Kg,6925.0,1184.97526,0.001185,213.115
28183000,Aluminium hydroxide,Kg,4100.0,648.306709,0.000648,120.914
28191000,Chromium trioxide,Kg,4000.0,2098.784398,0.002099,391.495
28199000,Chromium oxides and hydroxides (excl chromium trioxide),Kg,25.0,13.34793,1.3e-05,2.491
28201000,Manganese dioxide,Kg,73140.0,3513.448649,0.003513,655.464
28211000,Iron oxides and hydroxides,Kg,126457.4,14971.951107,0.014972,3210.762
28212000,Earth colours containing >=70% iron(iii)oxide,Kg,423.0,47.048249,4.7e-05,11.502
28230000,Titanium oxides,Kg,21145.0,8722.992465,0.008723,1909.286
28249000,"other Lead oxides, red lead and oragne lead",Kg,30077.5,10599.794054,0.0106,1977.193
28258000,Antimony oxides,Kg,60.0,187.306555,0.000187,34.935
28259000,"Other inorganic bases; other metal oxides, hydroxides and peroxides, nes",Kg,50.1,23.913,2.4e-05,4.468
28261900,"other Fluorides, nes",Kg,51.6,147.193236,0.000147,27.519
28269000,"Fluoroaluminates and other complex fluoring salts, nes.",Kg,450.0,512.239344,0.000512,95.598
28271000,Ammonium chloride,Kg,14868.0,1183.946661,0.001184,222.915
28272000,Calcium chloride,Kg,30873.0,2149.148747,0.002149,318.234
28273100,Magnesium chloride,Kg,7050.0,342.980322,0.000343,21.883
28273200,Aluminium chloride,Kg,90000.0,4514.124125,0.004514,842.083
28273500,Nickel chloride,Kg,61.25,90.732089,9.1e-05,16.99
28273900,"Other Chlorides, nes",Kg,62686.7001,8127.822306,0.008128,1240.399
28274100,Chloride oxides and chloride hydroxides of copper,Kg,4.0,39.306531,3.9e-05,7.332
28274900,Chloride oxides and chloride hydroxides (excl of copper),Kg,300.0,75.260273,7.5e-05,14.038
28275900,Bromides and bromide oxides (excl of sodium  and potassium).,Kg,100.0,277.570344,0.000278,51.768
28276000,Iodides and iodide oxides,Kg,442.5,1593.178061,0.001593,101.346
28281000,Commercial calcium hypochlorite and other calcium hypochlorites,Kg,337615.0,11208.39974,0.011208,2475.787
28289000,Hypochlorites (excl of calcium) and chlorides; hypobromites,Kg,49085.0,2951.891502,0.002952,716.378
28291900,Other Chlorates (excl of sodium),Kg,54.0,158.213484,0.000158,29.508
28299000,Perchlorates; bromates and perbromates; iodates and periodates.,Kg,151.384,192.492311,0.000192,35.968
28301000,Sodium sulphides,Kg,22000.0,2165.90675,0.002166,526.381
28309000,Other sulphides and polysulphides,Kg,315.0,153.786544,0.000154,30.847
28311000,Dithionites and sulphoxylates of sodium,Kg,6800.0,1906.068336,0.001906,463.312
28321000,Sodium sulphites,Kg,36894.0,2248.353619,0.002248,494.048
28322000,Other Sulphites (excl sodium),Kg,200.0,2462.018,0.002462,24.686
28323000,Thiosulphates,Kg,6.5,9.77809,1e-05,2.38
28331100,Disodium sulphate,Kg,155276.0,4794.686172,0.004795,1221.318
28331900,Sodium sulphates (excl disodium sulphate),Kg,41088.0,1009.242076,0.001009,302.338
28332100,Sulphates of magnesium,Kg,243646.599998,10249.555816,0.01025,2658.448
28332200,Sulphates of aluminium,Kg,30508.0,3641.300772,0.003641,917.0
28332400,Sulphates of nickel,Kg,61.5,74.48445,7.4e-05,22.313
28332500,Sulphates of copper,Kg,38.0,56.041381,5.6e-05,16.789
28332700,Sulphates of barium,Kg,2155.0,374.491402,0.000374,112.496
28332900,"Other sulphates, nes",Kg,241591.55,31292.010501,0.031292,7376.912
28333000,Alums,Kg,187810.0,8895.741677,0.008896,2586.439
28334000,Peroxosulphates (persulphates),Kg,2475.0,1510.919464,0.001511,86.893
28341000,Nitrites,Kg,396.0,264.553559,0.000265,64.289
28342100,Nitrates of potassium,Kg,630.0,196.965828,0.000197,47.996
28342900,"Nitrates of barium; of beryllium; of cadmium; of cobaltetc, nes",Kg,3066.3,587.413033,0.000587,139.306
28352200,Phosphates of mono or disodium,Kg,5876.5,1511.294956,0.001511,230.433
28352400,Phosphates of potassium,Kg,3025.505,1409.488847,0.001409,313.265
28352500,Calcium hydrogenorthophosphate (dicalcium phosphate),Kg,1300995.0,148220.877278,0.148221,2158.775
28352600,"Other Phosphates of calcium, nes",Kg,32000.0,6058.877335,0.006059,146.769
28352900,Other Phosphates (excl polyphosphates),Kg,5302.2,1033.143275,0.001033,238.336
28353100,Sodium triphosphate (sodium tripolyphosphates).,Kg,84705.0,15739.678042,0.01574,3641.537
28353900,"Polyphosphates, nes",Kg,5780.0,1163.20602,0.001163,282.73
28362000,Disodium carbonate,Kg,2331195.08,94208.468763,0.094208,17568.868
28363000,Sodium hydrogencarbonate (sodium bicarbonate),Kg,851145.5,40807.539155,0.040808,4656.41
28364000,Potassium carbonates,Kg,1030.0,241.083136,0.000241,45.03
28365000,Calcium carbonate,Kg,4193286.2,93575.085647,0.093575,16687.604
28366000,Barium carbonate,Kg,5.0,5.60512,6e-06,1.047
28369900,Other carbonates; peroxocarbonates,Kg,314144.62,20500.18199,0.0205,3811.755
28372000,Complex cyanides,Kg,5.4,38.036681,3.8e-05,9.248
28391100,Sodium metasilicates,Kg,76951.5,2940.892334,0.002941,671.928
28391900,Other Silicates of sodium (excl metasilicates),Kg,1567060.0,46886.907113,0.046887,9981.942
28399000,Other silicates (excl of sodium and potassium),Kg,6425.0,506.83612,0.000507,102.929
28401100,Anhydrous disodium tetraborate (refined borax).,Kg,1000.0,123.320672,0.000123,23.001
28401900,"Disodium tetraborate, not anhydrous",Kg,97226.0,12780.753516,0.012781,2383.953
28402000,"Other borates, nes",Kg,21511.0,3105.383667,0.003105,579.358
28403000,Peroxoborates (perborates),Kg,200.0,86.273922,8.6e-05,16.091
28413000,Sodium dichromate,Kg,3500.0,918.220602,0.000918,171.383
28415000,Other chromates and dichromates; peroxochromates,Kg,9890.25,2450.853242,0.002451,457.224
28416900,"Manganites, manganates and permanganates (excl potassium permanganate)",Kg,1000.0,376.193,0.000376,70.226
28417000,Molybdates,Kg,60.0,461.431328,0.000461,86.19
28419000,"Other salts of oxometallic and peroxometallic acids, nes",Kg,0.025,12.46277,1.2e-05,2.326
28421000,"Double or complex silicates, incl alumino silicates wheather or not chemically de",Kg,51550.0,5817.507792,0.005818,1085.437
28429000,Other salts of inorganic acids or peroxoacids (excl azides),Kg,1714.25,543.145267,0.000543,23.771
28431000,Colloidal precious metals,Kg,0.8,0.52975,1e-06,0.129
28432100,Silver nitrate,Kg,27.7,1106.582887,0.001107,224.87
28432900,Silver compounds (excl silver nitrate),Kg,801.525,772.054143,0.000772,187.679
28444300,"Other radioactive elements and isotopes and compounds; other alloys, dispersions (inc",Kg,14.886,9795.222637,0.009795,1829.056
28444400,Radioactive residues,Kg,710.0,5581.055867,0.005581,1042.266
28461000,Cerium compounds  .,Kg,2.0,4.66524,5e-06,1.135
28469000,"Compounds, inorganic or organic, of rare-earth metals, etc(excl cerium).",Kg,0.075,18.633641,1.9e-05,4.529
28470000,"Hydrogen peroxide, whether or not solidified with urea.",Kg,110885.0,6838.915746,0.006839,1275.862
28491000,Carbides of calcium,Kg,67506.0,8075.74363,0.008076,1962.606
28492000,Carbides of silicon,Kg,150.0,20.62439,2.1e-05,5.079
28499000,Other carbides (excl of calcium and silicon ),Kg,5.0,1.6019,2e-06,0.391
28521000,Inorganic or organic compund chemically defined,Kg,43.75,652.256424,0.000652,158.572
28539000,"Other Phosphides, liquid air, amalgams, other than amalgams of precious metals.",Kg,14369.0,1333.742145,0.001334,625.738
29011011,"Butane (R-600) and ISO Butane (R-600A Used in refrigerant having purity, 95% or more",Kg,38.75,43.78153,4.4e-05,10.643
29011090,Other butene,Kg,23529.0,5320.383148,0.00532,1292.926
29012100,Ethylene,Kg,30.0,7.86369,8e-06,1.977
29012200,Propene (propylene),Kg,1000.0,804.644,0.000805,195.53
29012300,Butene (butylene) and isomers thereof,Kg,100.0,854.758063,0.000855,207.772
29012900,"Unsaturated acyclic hydrocarbons, nes",Kg,22492.0,5266.435717,0.005266,1279.882
29022000,Benzene,LTR,197.5,62.361292,6.2e-05,15.158
29023000,Toluene,LTR,242408.0,54900.350377,0.0549,10989.238
29024200,m-xylene,LTR,700.0,253.027625,0.000253,2.531
29024400,Mixed xylene isomers,LTR,17230.0,3774.02675,0.003774,917.224
29025000,Styrene,Kg,41160.0,10049.239031,0.010049,2412.47
29029000,"Other cyclic hydrocarbons, nes",Kg,27263.0,3291.786689,0.003292,781.714
29031200,Dichloromethane (methylene chloride),Kg,45275.75,6409.648454,0.00641,110.615
29031300,Chloroform (trichloromethane),Kg,7778.0,455.307797,0.000455,35.044
29031500,"Ethylene dichloride  (ISO) (1, 2 dichloromehane)",Kg,1.0,0.86878,1e-06,0.212
29032200,Trichloroethylene,Kg,955.0,174.729991,0.000175,42.528
29032300,Tetrachloroethylene (perchloroethylene),Kg,3.0,13.54229,1.4e-05,3.357
29032900,"Unsaturated chlorinated derivatives of acyic hydrocarbons , nes",Kg,5.0,5.57169,6e-06,0.121
29034520,"1,1,2,2-tetrafluoroethane (HFC-134)",Kg,900.0,1426.174875,0.001426,346.627
29034900,Other Saturated fluorinated derivatives of acyclic hydrocarbons,Kg,13145.0,5790.564938,0.005791,1407.178
29035120,"(z)1,3,3,3-tetrafluoropropene (HFO-1234ze)",Kg,100.0,1098.67425,0.001099,266.979
29039100,"Chlorobenzene, o-dichlorobenzene and p-dichlorobenzene",Kg,22010.0,3497.74944,0.003498,743.497
29039900,Other aromatic hydrocarbons,Kg,0.2,53.810398,5.4e-05,13.143
29041000,"Hydrocarbon derivatives containing only sulpho groups, their salts & ethylesters.",Kg,2022.897,1469.456707,0.001469,235.654
29042000,Hydrocarbon derivatives containing only nitro/nitroso groups,Kg,2690.0,572.769211,0.000573,106.893
29049900,"Other Sulphonated,nitrated or nitrosated derivatives_hydrocarbons,expt(chloropicrin)",Kg,0.025,3.43067,3e-06,0.641
29051100,Methanol (methyl alcohol),LTR,287463.0,23752.790386,0.023753,5063.395
29051200,Propan-1-ol (propyl alcohol) and propan-2- ol (isopropyl alcohol),Kg,109060.200001,35277.086537,0.035277,2854.124
29051300,Butan-1-ol (n-butyl alcohol) .,Kg,67972.75,15783.451144,0.015783,3185.028
29051400,"Other butanols, nes",Kg,11.5002,197.363307,0.000197,1.975
29051600,Octanol (octyl alcohol) and isomers thereof,Kg,10036.0,2710.900566,0.002711,658.824
29051700,"Dodecan-1-ol, hexadecan-1-ol and octadecan -1-ol.",Kg,2090.0,1585.949728,0.001586,272.396
29051900,"Saturated monohydric alcohols, nes",Kg,1977.5,1254.350396,0.001254,282.237
29053100,Ethylene glycol (ethanediol),Kg,73342.0,11331.443811,0.011331,2114.522
29053200,"Propylene glycol (propane-1,2-diol)",Kg,117128.5,39857.855541,0.039858,5322.411
29053900,"Other diols, nes .",Kg,7420.0,2211.048089,0.002211,482.919
29054300,Mannitol,Kg,2220.0,1713.724426,0.001714,21.096
29054400,D-glucitol (sorbitol),Kg,152482.0,11748.331285,0.011748,869.735
29054500,Glycerol,Kg,224662.0,50589.000252,0.050589,9345.829
29054900,"Other polyhydric alcohols, nes",Kg,100.0,100.52225,0.000101,24.494
29055900,"Other - halogenated, sulphonated, nitrated  +. derivative of acyclic alcohols nes",Kg,60.0,64.53865,6.5e-05,0.777
29061100,Menthol,Kg,15825.2,33069.557334,0.03307,7344.413
29061300,Sterols and inositols,Kg,375.0,459.928381,0.00046,4.665
29061900,"Cyclanic, cyclenic or cycloterpenic alcohols and derivatives, nes",Kg,540.0,717.654848,0.000718,143.749
29062100,Benzyl alcohol,Kg,512.5,317.030094,0.000317,3.819
29062900,"Aromatic alcohols and their derivatives, nes",Kg,25.0,35.466648,3.5e-05,8.619
29071100,Phenol (hydroxybenzene) and its salts,Kg,783754.0,180039.207922,0.180039,35624.322
29071200,Cresols and their salts,Kg,45.0,67.911352,6.8e-05,7.728
29071500,Naphthols and their salts,Kg,2.5,2.64195,3e-06,0.643
29071900,"Other monophenols, nes",Kg,730.0,772.812132,0.000773,136.704
29072200,Hydroquinone (quinol) and its salts,Kg,25.3,47.285631,4.7e-05,0.726
29072900,"Other polyphenols, phenol-alcohols nes",Kg,4101.075,4007.620466,0.004008,798.31
29081900,Other - Derivatives containing only halogen substituents & their salts.,Kg,100.0,30.77226,3.1e-05,5.74
29091100,Diethyl ether .,Kg,80.0,55.84091,5.6e-05,10.416
29091900,"Other acyclic ethers and their halogenated derivatives, nes.",Kg,69.0,41.458031,4.1e-05,7.736
29093000,"Aromatic ethers and their halogenated, sulphonated, nitrated +. derivatives, nes",Kg,126.0,255.380953,0.000255,46.328
29094100,"2,2-oxydiethanol (diethylene glycol, digol )",Kg,70680.0,14112.193905,0.014112,2632.26
29094300,Monobutyl ethers of ethylene glycol or of diethylene glycol,Kg,2395.0,637.152563,0.000637,118.963
29094400,"Other monoalkylethers of ethylene glycol or of diethylene glycol, nes",Kg,375.0,910.088367,0.00091,18.249
29094900,"Other ether-alcohols and their halogenated sulphonated, nitrated  derivativ",Kg,3554.0,1426.288351,0.001426,266.149
29095000,"Ether-phenols, ether-alcohol-phenols and halogenated derivatives, nes",Kg,873.75,785.938921,0.000786,146.714
29096000,"Alcohol, ether and ketone peroxides and their halogenated a derivatives, nes",Kg,5167.0,2789.292554,0.002789,484.549
29101000,Oxirane (ethylene oxide),Kg,3079.0,957.898292,0.000958,178.985
29109000,"Epoxides with a three-membered ring and their derivatives, nes.",Kg,20.0,113.672352,0.000114,21.201
29121100,Methanal (formaldehyde),Kg,3813684.332001,185350.521938,0.185351,34568.467
29121200,Ethanal (acetaldehyde),Kg,9.0,14.6819,1.5e-05,2.806
29122900,"Other cyclic aldehydes, without oxygen function, nes",Kg,59.5,9.44955,9e-06,1.765
29124100,Vanillin (4-hydroxy-3-methoxybenzaldehyde),Kg,40.5,152.309929,0.000152,28.474
29124200,Ethylvanillin (3-ethoxy-4-methoxybenzaldehde).,Kg,475.0,1102.379227,0.001102,205.728
29124900,"Aldehyde-ethers, aldehyde-phenols, with oxygen function, nes",Kg,0.3,1.70809,2e-06,0.32
29126000,Paraformaldehyde,Kg,12.0,10.69946,1.1e-05,1.996
29141100,Acetone,Kg,3162.5,900.07168,0.0009,218.791
29141200,Butanone (methyl ethyl ketone),Kg,212.0,127.822983,0.000128,31.063
29141300,4-Methylpentan -2-one (methyl isobutyl ketone),Kg,40685.0,10719.870688,0.01072,2280.907
29141900,"Other acyclic ketones, without oxygen function, nes",Kg,3.0,14.68159,1.5e-05,3.569
29142200,Cyclohexanone and methylcyclohexanones,Kg,3840.0,1518.986523,0.001519,355.732
29142900,"Cyclanic, cyclenic or cycloterpenic ketone without oxygen function, nes",Kg,51284.557966,66470.754788,0.066471,12029.745
29143900,Aromatic ketones without other oxygen function (excl Phenylacetone).,Kg,150.025,455.264195,0.000455,110.361
29144000,Ketone-alcohols and ketone-aldehydes,Kg,1170.11,457.168702,0.000457,111.876
29145000,Ketone-phenols and ketones with oxygen function,Kg,625.025,921.535545,0.000922,224.002
29146200,Coenzyme Q10 (ubidecarenone (INN)),Kg,30.0,830.502625,0.000831,8.306
29146900,Quinones (excl anthraquinone),Kg,19.0,53.39416,5.3e-05,12.976
29147900,"Other Halogenated, sulphonated, nitrated or nitrosated derivative",Kg,30.0,4.8045,5e-06,1.169
29151100,Formic acid,Kg,7075.05,962.808936,0.000963,175.885
29151200,Salts of formic acid,Kg,4820.0,601.550869,0.000602,112.456
29152100,Acetic acid,Kg,116276.0,15939.191677,0.015939,2939.235
29152400,Acetic anhydride,Kg,5.0,2.39426,2e-06,0.447
29152900,Salts of acetic acid,Kg,188.025,63.572639,6.4e-05,11.865
29153100,Ethyl acetate,Kg,790490.0,120804.267648,0.120804,21726.022
29153200,Vinyl acetate,Kg,119060.0,23056.511063,0.023057,4300.769
29153300,N-butyl acetate,Kg,14460.0,2941.924063,0.002942,548.673
29153900,"Other esters of acetic acids, nes",Kg,21420.0,5923.072539,0.005923,1104.786
29154000,"Mono-, di- or trichloroacetic acids, their  salts and esters",Kg,50.0,12.25148,1.2e-05,2.286
29155000,"Propionic acid, its salts and esters",Kg,23325.0,4403.591588,0.004404,821.54
29156000,"Butanoic acids,pentanoic acids,their salts  and esters",Kg,121300.0,33123.092793,0.033123,5646.113
29157000,"Palmitic acid, stearic acid, their salts and esters",Kg,85197.003,30400.324174,0.0304,5237.261
29159000,"Saturated acyclic monocarboxylic acids and their derivatives, nes",Kg,40691.025,18406.968487,0.018407,3347.993
29161100,Acrylic acid and its salts,Kg,6620.0,1811.707164,0.001812,440.316
29161200,Esters of acrylic acid,Kg,17850.0,5137.73368,0.005138,1248.671
29161300,Methacrylic acid and its salts,Kg,990.0,535.698445,0.000536,130.178
29161400,Esters of methacrylic acid,Kg,501.0,312.261922,0.000312,75.883
29161500,"Oleic, linoleic or linolenic acids, their salts and esters.",Kg,5575.0,3137.375598,0.003137,762.458
29161900,"Unsaturated acyclic monocarboxylic acids and their derivatives, nes.",Kg,6640.5,3048.958924,0.003049,726.849
29162000,"Cyclaniccycloterpenic monocarboxylic acids  etc, their derivatives",Kg,100.0,386.592031,0.000387,3.866
29163100,"Benzoic acid, its salts and esters",Kg,18203.0001,6123.882857,0.006124,994.948
29163200,Benzoyl peroxide and benzoyl chloride,Kg,55.0,37.616749,3.8e-05,5.92
29163900,"Aromatic monocarboxylic acids, etc, their derivatives, nes.",Kg,1686.7502,3053.608032,0.003054,227.116
29171100,"Oxalicacid, its salts and esters",Kg,59767.5,7074.109343,0.007074,1719.479
29171200,"Adipic acid, its salts and esters",Kg,175.0,278.239438,0.000278,67.613
29171300,"Azelaic acid, sebacic acid, their salts and esters.",Kg,67.0,438.622055,0.000439,19.149
29171400,Maleic anhydride  .,Kg,1500.0,547.201,0.000547,133.036
29171900,"Acyclic polycarboxylic acids, etc, their derivatives, nes",Kg,2551.0,1670.207047,0.00167,161.857
29173200,Dioctyl orthophthalates,Kg,355500.0,78389.36725,0.078389,14321.212
29173400,"Other esters of orthophthalic acid, nes",Kg,53845.0,15567.186938,0.015567,2904.019
29173500,Phthalic anhydride,Kg,2.0,3.44652,3e-06,0.84
29173600,Terephthalic acid and its salts,Kg,5.0,2.588,3e-06,0.484
29173900,"Aromatic polycarboxylic acids, etc, their derivatives, nes, others",Kg,216062.18,55303.407929,0.055303,12441.905
29181100,"Lactic acid, its salts and esters",Kg,4537.0,1382.704756,0.001383,172.341
29181200,Tartaric acid,Kg,15.0,32.824352,3.3e-05,0.394
29181300,Salts and esters of tartaric acid,Kg,7.8,19.72361,2e-05,4.862
29181400,Citric acid,Kg,523546.0,70345.486182,0.070345,14099.397
29181500,Salts and esters of citric acid,Kg,38378.7,7702.556119,0.007703,583.7
29181600,"Gluconic acid, its salts and esters",Kg,60637.0,9714.830766,0.009715,2146.026
29181900,"Carboxylic acids with alcohol function, without oxygen function nes.",Kg,12310.0511,7389.710307,0.00739,901.737
29182100,Salicylic acid and its salts,Kg,455.0,348.191099,0.000348,48.685
29182200,"O-acetylsalicylic acid, its salts and esters",Kg,50.0,43.151949,4.3e-05,0.432
29182300,Other esters of salicylic acid and their salts.,Kg,610.0,392.061762,0.000392,30.536
29182900,"Carboxylic acids with phenol function, without oxygen function nes",Kg,405.0,421.948755,0.000422,12.4
29183000,"Carboxylic acids with aldehyde, ketone but without oxygen function, etc.",Kg,1250.001,1726.09162,0.001726,419.508
29189900,Other - Carboxylic acids nes,Kg,1868.1,10083.657408,0.010084,236.402
29199000,Other - phosphoric esters and their salts,Kg,0.00075,9.10978,9e-06,2.214
29202900,"Other Phosphite esters and their salts, halogenated, their sulphonated, nitrated etc",Kg,20.0,3.271,3e-06,0.611
29209000,"Esters of other inorganic acids (excl of  hydrogen halides), etc, nes",Kg,25.0,65.159311,6.5e-05,12.22
29211100,"Methylamine, di- or trimethylamine and their salts.",Kg,8316.51,3167.377178,0.003167,588.237
29211900,"Acylic monoamines and their derivatives, nes; salts thereof",Kg,313.5,669.485138,0.000669,37.981
29212100,Ethylenediamine and its salts,Kg,1613.0,851.015646,0.000851,137.581
29212900,"Acyclic polyamines and their derivatives, nes; salts thereof",Kg,8786.5,2948.733845,0.002949,550.141
29213000,"Cyclanic, cyclenic or cycloterpenic mono- or polyamines, & their derivatives; salts thereof",Kg,215.0,176.702057,0.000177,32.957
29214100,Aniline and its salts,Kg,400.0,96.205227,9.6e-05,17.944
29214200,Aniline derivatives and theirsalts,Kg,180.025,3238.996998,0.003239,33.272
29214400,Diphenylamine and its derivatives; salts thereof,Kg,14.3,31.92856,3.2e-05,5.959
29214900,"Other - aromatic monoamines and their derivatives, salts thereof nes",Kg,20.0,190.529984,0.000191,1.971
29215900,"Aromatic polyamines and their derivatives, nes; salts thereof",Kg,6.2751,380.508655,0.000381,5.74
29221100,Monoethanolamine and its salts,Kg,1500.3,1078.656413,0.001079,158.673
29221200,Diethanolamine and its salts,Kg,170.0,666.741227,0.000667,6.799
29221500,Triethanolamine,Kg,17.0,14.28202,1.4e-05,3.475
29221900,"Other - Amino alcohols, their ethers & esters; salts thereof nes",Kg,1768.510995,6738.569897,0.006739,521.6
29222100,Aminohydroxynaphthalenesulphonic acids and their salts.,Kg,1.25,1.30265,1e-06,0.384
29222900,"Amino-naphthols and -phenols, etc one oxygen function; salts, nes",Kg,29105.25,7647.544132,0.007648,80.069
29223900,"Other amino -aldehydes, amino-ketones & am  no-quinones nes.",Kg,2.0,19.493461,1.9e-05,0.26
29224100,Lysine and its esters; salts thereof,Kg,649720.09,130896.364924,0.130896,1493.786
29224200,Glutamic acid and its salts,Kg,511028.1,83520.496729,0.08352,28470.807
29224900,"Amino-acids and their esters, not >1 oxygen function; salts thereof, nes",Kg,137574.4251,75004.776852,0.075005,1161.678
29225000,"Amino-alcohol/acid-phenols; amino-compound with oxygen function, nes",Kg,113592.5,30418.08902,0.030418,378.448
29231000,Choline and its salts,Kg,7120.0,2905.432235,0.002905,29.123
29232000,Lecithins and other phosphoaminolipids,Kg,132951.0,27599.295173,0.027599,1023.035
29239000,"Quaternary ammonium salts and hydroxides, nes",Kg,1879.1,1847.551691,0.001848,440.75
29241200,"Fluoroacetamide (ISO), monocrotopos (ISO) and phosphamidon (ISO)",Kg,10.0,12.02302,1.2e-05,0.186
29241900,Other acyclic amides (incl acyclic carbon ases) and their derivatives; salts ther,Kg,3392.760002,2495.777803,0.002496,497.217
29242100,Ureines and their derivatives; salts thereof,Kg,310.0,404.289656,0.000404,46.008
29242900,Other - Cyclic amides and their derivative nes,Kg,37405.21135,24928.511315,0.024929,793.248
29251100,Saccharin and its salts,Kg,1978.0,2156.324378,0.002156,437.681
29251900,"Other - Imides and their derivatives, salt thereof nes",Kg,790.0,568.512984,0.000569,81.524
29252900,Other - Imines and their derivatives; salt thereof;,Kg,147352.02,74318.591204,0.074319,853.803
29261000,Acrylonitrile  .,Kg,7.0,6.38688,6e-06,1.553
29262000,1-cyanoguanidine (dicyanidiamide),Kg,895.01,83.25355,8.3e-05,16.421
29269000,Other - nitrile function compounds,Kg,9905.02,6915.608814,0.006916,1189.359
29270000,"Diazo-, azo- or azoxy-compounds",Kg,67265.13,34310.283351,0.03431,7999.101
29280000,Organic derivatives of hydrazine or of hydroxyiamine,Kg,3702.202,1909.239845,0.001909,268.416
29291000,Isocyanates,Kg,32520.5,13015.90527,0.013016,3107.228
29302000,Thiocarbamates and dithiocarbamates,Kg,1000.0,589.060187,0.000589,143.208
29303000,"Thiuram mono-, di- or tetrasulphides",Kg,385.0,241.720684,0.000242,58.741
29304000,Methionine,Kg,365500.15,220146.94419,0.220147,5309.031
29309000,"Other organo-sulphurcompounds, nes",Kg,2389.225,3811.251608,0.003811,194.786
29314900,Other Non-halogenated organo-phosphorous derivatives,Kg,65.0,13.5477,1.4e-05,3.358
29319000,Other compounds other than tetramethyl and ributylin,Kg,14976.0,19073.962053,0.019074,4466.85
29321100,Tetrahydrofuran,Kg,99.75,132.331438,0.000132,32.159
29321400,Sucralose,Kg,300.0,659.787523,0.00066,126.654
29321900,"Compounds containing an unfused furan ring in the structure, nes",Kg,210.0,3595.419297,0.003595,36.218
29322000,Lactones,Kg,361.2,3042.209745,0.003042,65.532
29329900,"Other heterocyclic compounds with oxygen hetero-atom(s) only, nes",Kg,273.0225,2967.943836,0.002968,183.118
29331100,Phenazone (antipyrin) and its derivatives,Kg,0.0001,6.65581,7e-06,0.067
29331900,"Compounds containing an unfused pyrazole ring in the structure, nes.",Kg,414.1002,5300.1852,0.0053,53.135
29332100,Hydantoin and its derivatives,Kg,980.0,511.918792,0.000512,124.6
29332900,"Compounds containing an unfused imidazole ring in the structure, nes",Kg,6824.2002,29519.666211,0.02952,298.416
29333100,Pyridine and its salts,Kg,10.0,10.69709,1.1e-05,2.6
29333200,Piperidine and its salts,Kg,5.0,340.978563,0.000341,3.475
29333300,"Alfentanil (INN), anileridine (INN), bezitramide (INN), bromazepam (INN), carfentanil",Kg,0.0067,812.068375,0.000812,8.186
29333900,"Compounds containing an unfused pyridine ring in the structure, nes.",Kg,8063.9511,45068.192455,0.045068,930.606
29334900,Other - compounds containing in the structure a quinoline or isoquinoline ring s,Kg,71.7532,1585.987434,0.001586,18.405
29335900,Other - Compounds containing a pyrimidineing or piperazine ring nes,Kg,1684.6325,7593.607693,0.007594,90.16
29336100,Melamine,Kg,268175.0,43317.419031,0.043317,9749.445
29336900,Other - Compounds containing an unfused trazine ring in the structure,Kg,48516.1,10895.075507,0.010895,2298.243
29337200,Clobazam (INN) and methyprylon,Kg,2.0,243.267844,0.000243,2.498
29337900,Other lactams (excl epsilon-caprolactam)  .,Kg,315.0025,1759.248396,0.001759,29.502
29339100,"Alprazolam (INN),camazepam, chlordiazepoxire,clonazepam(INN)etc(INN) salts th",Kg,27.5,1034.136656,0.001034,10.538
29339900,Other - Heterocyclic compounds with nitrogen hetero-atom only nes,Kg,17724.398299,44372.494909,0.044372,677.209
29341000,Compounds containing an unfused thiazole ring in the structure.,Kg,56525.0,21876.589502,0.021877,4207.285
29342000,"Compounds containing a benzothiazole ring-system, not further fused.",Kg,6701.0,3727.334477,0.003727,888.683
29343000,"Compounds containing a phenothiazine ring-system, not further fused.",Kg,28.0,256.978291,0.000257,2.701
29349900,Other - Nucleic acids and their salts nes,Kg,38350.2355,63774.446306,0.063774,8362.796
29359000,Other Sulphonamides,Kg,1784.645297,7441.841639,0.007442,77.653
29362100,"Vitamins A and their derivatives, unmixed",Kg,286.0,3578.274312,0.003578,38.421
29362200,"Vitamin B1 and its derivatives, unmixed",Kg,690.001,4651.894406,0.004652,46.786
29362300,"Vitamin B2 and its derivatives, unmixed",Kg,530.0001,2241.085465,0.002241,179.292
29362400,D- or DL-Pantothenic acid (Vitamin B5) and its derivatives,Kg,920.0001,5310.086088,0.00531,999.989
29362500,"Vitamin B6 and its derivatives, unmixed",Kg,210.0751,819.384707,0.000819,8.76
29362600,"Vitamin B12 and its derivatives, unmixed  .",Kg,414.75,11537.755655,0.011538,139.328
29362700,"Vitamin C and its derivatives, unmixed",Kg,12475.0,8815.813793,0.008816,234.246
29362800,"Vitamin E and its derivatives, unmixed",Kg,5836.0,24402.208729,0.024402,345.769
29362900,"Other vitamins and their derivatives, unmixed, nes.",Kg,8559.3302,23240.505642,0.023241,306.764
29369000,Other vitamins (incl natural concentrates)  nes,Kg,9585.3,5725.469899,0.005725,766.909
29371900,"Other - Hormones (polypeptides, protein & plycoprotein), their derivatives nes",Kg,0.0001,25.144141,2.5e-05,0.252
29372100,"Cortisone, hydrocortisone, prednisone and prednisolone (dehydrohydrocortisone)",Kg,5.0,740.375063,0.00074,7.469
29372200,Halogenated derivatives of corticosteroidal hormones,Kg,25.2,4694.176862,0.004694,47.402
29372300,Oestroqens and proqestoquens,Kg,0.0112,66.49968,6.6e-05,0.668
29372900,"Other - Steroidal hormons, their derivatives & structural analogues nes.",Kg,7.0092,1300.908529,0.001301,13.206
29375000,"Prostaglandins, thromboxanes and leukotrienes, their  derivatives and structural analogues",Kg,5.02,835.4265,0.000835,8.485
29379000,"Other - Hormons, prostaglandins, thromboxaes & leukotrienes nes",Kg,21.7,2901.409832,0.002901,29.147
29389000,"Glycosides and their salts, ethers, esters and other derivatives, nes",Kg,135.02,5484.801187,0.005485,249.803
29391100,"Concentrates of poppy straw;buprenophine (INN),codeine,(INN)etc salts thereof",Kg,7.0,1296.319875,0.001296,13.029
29391900,Other - Alkaloids of opium and their derivatives; salts thereof nes.,Kg,12.0,2916.964094,0.002917,29.431
29392000,Alkaloids of cinchona and their derivatives; salts thereof.,Kg,45.0,534.37675,0.000534,5.344
29393000,Caffeine and its salts,Kg,1000.0,1712.964375,0.001713,319.6
29395900,"Other - Theophylline, aminophyline and their derivatives, salts thereof nes.",Kg,375.0,1429.726148,0.00143,14.363
29396900,Other alkaloids of rye ergot and their derivatives; salts thereof;nes,Kg,0.0052,175.468406,0.000175,1.755
29397900,"Other Alkaloids, natural or reproduced by synthesis&their salts etc of vegetal origin",Kg,70.003,14425.54302,0.014426,144.647
29398000,"Others Alkaloids, natural or reproduced by synthesis &their salts, ethers,esters&deri",Kg,1.0,1707.166375,0.001707,17.137
29400000,"Sugars, pure (excl glucose, etc); sugar esters, acetals, esters and salts, etc",Kg,13578.0,7373.044871,0.007373,114.528
29411000,Penicillins and their derivatives with a penicillinic acid structure; salts thereof,Kg,3303.951,13590.977205,0.013591,136.927
29412000,Streptomycins and their derivatives; salts  thereof.,Kg,21.02,142.410973,0.000142,26.628
29413000,Tetracyclines and their derivatives; salts  thereof.,Kg,1276.505,8759.429769,0.008759,88.102
29414000,Chloramphenicol and its derivatives; salts  thereof.,Kg,400.0,2278.163375,0.002278,22.847
29415000,Erythromycin and its derivatives; salts thereof,Kg,383.0,11338.467437,0.011338,113.581
29419000,"Other antibiotics, nes",Kg,14473.941998,215947.176333,0.215947,2167.287
29420000,"Other organic compounds,nes",Kg,204836.119702,127949.075919,0.127949,2968.95
30012000,Extracts of glands or other organs or of their secretions,Kg,2500.0,934.949531,0.000935,93.561
30019000,"Substances of human or animal origin,for plophylactic uses, nes",Kg,0.89,234.620275,0.000235,23.53
30021200,-- Antisera and other blood fractions,Kg,3247.704002,87973.592481,0.087974,0.455
30021500,"-- Immul prdts, put up in mrsd doses or in forms or pkgs for retail sale",Kg,1215.396,104971.915479,0.104972,0.975
30024100,Vaccines for human medicine,PCS,1326486.0,366268.866471,0.366269,1.105
30024200,Vaccines for veterinary medicine,PCS,286851.0,126861.224702,0.126861,2.275
30024900,"Other Vaccines, toxins, cultures of micro-organisms(excl yeasts) and similar products",PCS,1126.0,4531.943129,0.004532,0.13
30029000,Others,Kg,312.100001,1539.841504,0.00154,252.8
30032000,"Medicaments of other antibiotics, not for retail sale",Kg,170.759999,23778.169158,0.023778,1190.918
30033900,"Medicaments of other hormones, not for retail sale, nes",Kg,0.5,3.057,3e-06,0.459
30034900,"Other, containing alkaloids or derivatives thereof",Kg,22.5,4934.764,0.004935,246.804
30039010,Homoeopathic medicaments(pure ayurvedic an yunani),Kg,250.35,862.258841,0.000862,119.382
30039050,Menthol or Kapur containing medicinal bam & similar products,Kg,550.0,691.873625,0.000692,274.823
30039090,"Others - Medicaments, not put in measured  ses or in forms or packing for retail",Kg,1101.250007,11848.740336,0.011849,717.665
30041000,"Medicaments of penicillins or streptomycin, for retail sale",Kg,44077.045978,6097.3922,0.006097,374.903
30042000,"Medicaments of other antibiotics, for retail sale",Kg,147169.195709,545794.563614,0.545795,27500.19
30043100,"Medicaments of insulin, for retail sale",Kg,53185.320259,140202.103053,0.140202,7010.643
30043200,"Madicaments of  corticosteroid hormones, their derivatives  or structural analog",Kg,1174.090027,7511.672375,0.007512,375.714
30043900,"Medicaments of other hormones, for retail sale, nes",Kg,3006.894986,175239.558516,0.17524,8762.923
30044900,"Other, containing alkaloids or derivatives thereof",Kg,31.68,23.15151,2.3e-05,3.538
30045000,Other medicaments of vitamins or other products of 2936 for retail sale.,Kg,70033.200414,120329.785429,0.12033,6026.975
30049010,Homoeopathic medicaments(Pure ayurvedican yunani),Kg,91900.655364,164480.233524,0.16448,8275.989
30049041,"Battisa, Drakshyasab, Trifala, Kabjahar & Keshari Jivan",Kg,6150.920001,4999.456914,0.004999,500.278
30049049,"Chyawanprash, Dasamularist, kalpasundari,  Ashokarista, herbal vitamins.",Kg,53154.85011,22369.252576,0.022369,5435.993
30049050,Menthol and campoor containing balms or alike,Kg,20551.017937,73748.520923,0.073749,17686.961
30049090,Other - Medicaments put up in measured doss or in forms or packing for retail sale,Kg,1805889.763237,5111807.670676,5.111808,254262.052
30051010,Adhesive Gauze,Kg,355.499996,358.525534,0.000359,35.855
30051020,Adhesive Plaster,Kg,3395.632998,2712.195419,0.002712,241.722
30051030,Adhesive Tape,Kg,5195.60001,4217.439164,0.004217,422.22
30051090,Other Adhesive dressing and articles having an adhesive layer,Kg,24033.207119,41262.371278,0.041262,3755.558
30059010,Medicated cotton wool,Kg,17641.619988,6445.842844,0.006446,540.948
30059020,Bandage,Kg,31349.255409,15937.00595,0.015937,1557.333
30059030,Surgical tape,Kg,7358.292,7823.350965,0.007823,782.852
30059090,"Other wadding, gauze, bandage and similar articles for medical surgical, dental or ve",Kg,68802.451069,49541.911551,0.049542,4597.437
30061000,"Sterile surgical catgut, similar sterilesture materials (including sterile aa.",Kg,1875.067301,46116.014092,0.046116,8829.046
30063000,Opacifying preparations for x-ray examinations; diagnostic reagentsa for patient,Kg,7686.599838,97751.922875,0.097752,4888.12
30064000,Dental cements and other dental fillings; one reconstruction cements,Kg,2260.3394,30081.778803,0.030082,7311.882
30065000,First-aid boxes and kits,Kg,1702.726416,3743.518247,0.003744,105.931
30066000,Chem contraceptive prepbased on hormones  of  other prod of head 2937 or sperm,Kg,14.491,422.546609,0.000423,0.065
30067000,Gel preparation designed to be used in human or veterinary medcine as ainstru,Kg,8838.17,1492.906787,0.001493,363.045
30069100,Appliances identifiable for ostomy use,Kg,659.5,5625.64222,0.005626,1367.246
30069300,Placebos and blinded (or double-blinded) clinical trial kits for a recognised clinica,Kg,8.5,5.48689,5e-06,0.275
31010000,Animal or vegetable fertilizers,Kg,42000.0,1205.353,0.001205,0.065
31021010,Diesel Exhaust Fluid,Kg,145662.5,12651.169186,0.012651,3074.951
31021020,Technical Grade,Kg,63000.0,6869.861,0.00687,343.559
31021030,Fertilizer Grade,Kg,110024000.0,13081896.944,13.081897,2.86
31021090,Others,Kg,2158000.0,326102.528,0.326103,0.065
31022100,Ammonium sulphate,Kg,42000.0,1718.569625,0.001719,0.065
31023000,Ammonium nitrate  .,Kg,540000.0,98683.544,0.098684,12829.058
31026000,Double salts and mixtures of calcium nitrate and ammonium nitrate,Kg,3700.0,691.412875,0.000691,0.065
31031900,Other Superphosphates,Kg,83500.0,1976.958063,0.001977,0.13
31043000,Potassium sulphate,Kg,925.0,277.580594,0.000278,0.0
31052000,"Mineral or chemical fertilizers with nitrogen, phosphorus and potassium.",Kg,93400.0,5411.092281,0.005411,0.26
31053000,Diammonium hydrogenorthophosphate (diammonium phosphate),Kg,73995000.0,11370537.872,11.370538,2.08
31055100,Mineral or chemical fertilizers containing  nitrates and phosphates,Kg,1600.0,696.889312,0.000697,0.0
31059000,"Other fertilizers, nes",Kg,209335.0,9495.107671,0.009495,0.39
32019090,Other tanning extracts of vegetable or  gin nes.,Kg,1.5,8.42395,8e-06,1.573
32021000,Synthetic organic tannning substances,Kg,1575.0,323.029191,0.000323,60.255
32029000,"Inorganic tanning substances; tanning preparations, enzymatic preparation for a.",Kg,23060.0,2729.288497,0.002729,509.145
32030010,Khayar Kachchha  .(Extract of cutch),Kg,150.0,100.890047,0.000101,30.283
32030020,Food colours other than synthetic,Kg,4982.69,4230.481175,0.00423,940.643
32030090,Other colouring matter of vegetable oranimal origin,Kg,6.0,56.620162,5.7e-05,16.962
32041100,Disperse dyes and preparations based there  nes,Kg,32045.9,17855.33651,0.017855,2672.685
32041200,Acid dyes and preparations; mordant dyes and preparations,Kg,16523.406,15422.342098,0.015422,3579.35
32041300,Basic dyes and preparations based thereon,Kg,8281.25,9223.542883,0.009224,1329.367
32041400,Direct dyes and preparations based thereon,Kg,20787.4,10139.322127,0.010139,2085.085
32041600,Reactive dyes and preparations based there  nes,Kg,24220.0,17076.672482,0.017077,2717.29
32041700,Pigments and preparations based thereon,Kg,50817.169995,47770.121932,0.04777,10293.896
32041800,Carotenoid colouring matters and preparations based thereon,Kg,4252.0,1630.132094,0.00163,396.191
32041900,Other synthetic organic colouring matter (incl mixtures) of products of 320411-3,Kg,33249.422997,20447.930827,0.020448,4356.451
32042000,Synthetic organic products of a kind used as fluorescent brightening agents,Kg,25897.0,14041.443176,0.014041,3028.849
32049000,Synthetic organic products used as luminophores,Kg,1698.833,1276.642129,0.001277,282.248
32050000,Colour lakes; preparations based on colour tlakes as specified in Note 3.,Kg,9710.4,14889.887643,0.01489,1072.798
32061100,"Pigments and preparations based on titaniumdioxide, cont'g >= 80% titanium diox",Kg,1225682.15,534388.703417,0.534389,108452.638
32061900,"Pigments and preparations based on titaniumdioxide, cont'g < 80% titanium dioxi",Kg,296895.23002,74616.896332,0.074617,19881.811
32062000,Pigments and preparations based on chromium   compounds,Kg,10071.0,3637.355628,0.003637,1089.881
32064100,Ultramarine and preparations based thereon,Kg,9920.0,4391.238465,0.004391,1315.655
32064900,"Other colouring matter; preparations as specified in note 3, nes",Kg,732567.189838,188348.272381,0.188348,56330.868
32065000,Inorganic products of a kind used as luminiphores,Kg,1124.0,302.442018,0.000302,91.534
32071000,"Prepared pigments, opacifiers and colours  or ceramics, etc",Kg,81721.5,26925.762581,0.026926,6694.014
32072000,"Vitrifiable enamels and glazes, englobes and similar preparations",Kg,2280528.0,110571.56988,0.110572,24019.883
32074000,"Glass frit and other glass in the form of powder, granules or flakes",Kg,619190.0,40115.69496,0.040116,8592.665
32081000,"Paints & varnishes based on polyesters, in  a non-aqueous medium",LTR,39153.7601,25142.722618,0.025143,16853.377
32082000,"Paints & varnishes based on acrylic or vinyl polymers, in a non-aqueous medium",LTR,19880.795018,12145.282631,0.012145,8380.454
32089000,"Paints and varnishes, in a non-aqueous medium, nes.",LTR,310868.094821,129209.705861,0.12921,68633.133
32091010,Acrylic Emulsion,LTR,3852302.53595,729089.688336,0.72909,364508.852
32091090,"Other Paint, varnishes enamels",LTR,57126.0,6906.935303,0.006907,4759.107
32099000,"Paints and varnishes, in an aqueous medium nes",LTR,9734.505701,8283.952084,0.008284,5126.1
32100090,"Other Paint, Varnishes, enamel. Lacquers, Distemper",LTR,7910.0,1921.10863,0.001921,1314.199
32110000,Prepared driers,Kg,52706.0,21878.308594,0.021878,5228.563
32121000,Stamping foils,Kg,10980.679995,8330.873617,0.008331,1921.805
32129000,"Pigments in non-aqueous media, nes, for retail sale",Kg,52211.560046,28838.094111,0.028838,6565.768
32131000,Colours in sets,Kg,4928.150006,2275.534639,0.002276,540.554
32139000,"Artists', students' or signboard painters'  colours in packings, nes.",Kg,97335.239883,13357.445478,0.013357,3137.581
32141000,"Glaziers'& grafting putty, resin cements, culking comp's & other mastics; painte",Kg,3409840.522987,202512.281463,0.202512,56467.228
32149000,Non-refractory surfacing preparations,Kg,681808.979979,48558.987503,0.048559,14045.205
32151100,"Black printing ink, whether or not concentrated or solid",Kg,45257.499996,29020.006672,0.02902,6525.852
32151900,"Printing ink, whether or not concentrated  or solid (excl black)",Kg,556461.879977,226651.903013,0.226652,46660.972
32159000,"Other ink, whether or not concentrated or solid, nes",Kg,46786.71904,55490.805211,0.055491,12748.45
33011200,Essential oils of orange (incl concretes  and absolutes),LTR,36.0,102.83928,0.000103,25.061
33011300,Essential oils of lemon (incl concretes ann  absolutes).,LTR,5.0,31.395551,3.1e-05,7.63
33011900,"Essential oils of citrus fruit (incl concretes and absolutes), nes",LTR,1832.0,680.105375,0.00068,165.342
33012400,Essential oils of peppermint (incl concrets and absolutes),LTR,15.2,105.664749,0.000106,25.679
33012500,"Essential oils of mints (incl concretes ann  absolutes), nes",LTR,10.0,37.139809,3.7e-05,9.091
33012900,"Essential oils (incl concretes and absolutes), nes.",LTR,16304.600003,34685.114569,0.034685,5803.936
33013000,Resinoids  .,LTR,25.74,49.28689,4.9e-05,11.98
33019000,"Concentrates of essential oils in fats  aquous distillates, extracted oleoresi",LTR,16741.940008,26400.173993,0.0264,4943.113
33021010,Odorifereous substances used in alcoholic solution in the food or drink industries,LTR,54620.728032,80318.734244,0.080319,26600.117
33021090,"Other odoriferous substances, of kind used for the manufacture of beverage",LTR,86373.720004,127934.382811,0.127934,32802.478
33029000,"Mixtures of,or with a basis of,odoriferous subst's incl alc sol's for use in ind",LTR,184287.270013,330642.766,0.330643,88730.557
33030000,Perfumes and toilet waters,LTR,41163.848226,118878.423045,0.118878,54686.357
33041000,Lip make-up preparations,Kg,19123.159115,89900.05355,0.0899,45760.249
33042000,Eye make-up preparations,Kg,7170.719013,52005.05469,0.052005,26215.824
33043010,Nail Polish,LTR,7206.00102,18895.476021,0.018895,9474.959
33043090,Other Manicure or pedicure preparations,Kg,12592.64001,8528.264514,0.008528,4254.005
33049100,"Powders, whether or not compressed",Kg,20741.287412,25199.843747,0.0252,12495.242
33049910,Face Cream,Kg,94297.029561,332853.008226,0.332853,166845.479
33049930,Body Lotion,Kg,49135.021041,100128.925294,0.100129,50075.197
33049940,Sindur,Kg,16981.107728,2571.333748,0.002571,775.786
33049950,Petrolium Jelly in retail sales packed used to protect skin,Kg,6136.752994,13018.939387,0.013019,6438.89
33049990,Other beauty or make up preparetions,Kg,415731.092758,896785.95518,0.896786,446793.69
33051000,Shampoos,LTR,514355.997576,273342.064659,0.273342,153951.267
33052000,Preparations for permanent waving or straithtening,Kg,9792.559997,11194.715444,0.011195,6407.323
33053000,Hair lacquers,Kg,163911.510072,70885.810516,0.070886,40146.004
33059010,Hair Oil,LTR,185989.180027,101202.121087,0.101202,50064.379
33059020,Hair dye or colour,Kg,231325.809818,226574.885478,0.226575,112027.785
33059030,Hair cream,Kg,18940.82001,12133.369987,0.012133,7333.674
33059040,Hair conditioner,LTR,41447.118009,33647.934231,0.033648,16968.144
33059090,Other preparations for use on the hair,Kg,283846.393253,233712.09287,0.233712,117649.794
33061000,Dentifrices,Kg,209735.642868,148894.753733,0.148895,66135.209
33062000,"Yarn used to clean between the teeth (dental floss),in individual retail package",Kg,894.729,1730.1004,0.00173,843.956
33069000,"Preparations for oral or dental hygiene (incl denture fixative), nes",Kg,11835.698126,11160.455783,0.01116,2878.466
33071000,"Pre-shave, shaving or after-shave preparations",LTR,34586.790008,7064.44053,0.007064,3493.171
33072000,Personal deodorants and antiperspirants,LTR,79691.076187,127557.272281,0.127557,62898.63
33073000,Perfumed bath salts and other bath preparations.,Kg,490.02,322.962854,0.000323,159.699
33074100,Agarbatti and other odiferous preparations which operate by burning.,Kg,245299.664874,48483.857758,0.048484,20184.544
33074900,"Preparations for deodorizing rooms, nes",LTR,65470.605824,59784.163307,0.059784,25701.683
33079000,"Other perfumery, cosmetic or toilet preparations, nes",Kg,51158.839995,27609.043216,0.027609,12025.924
34011100,Soap for toilet use including medicaments,Kg,345444.146382,73693.45222,0.073693,40379.82
34011900,"Other Type of Soaps in the forms of bars, cakes, moulded pieces or shapes",Kg,148785.691462,39548.506624,0.039549,21455.124
34012010,Sodium Fatty Acid Salt (Soap Noodles),Kg,933541.200012,169795.578146,0.169796,61886.78
34012090,"Soap in other forms, nes",Kg,18378.619862,6930.150906,0.00693,3822.907
34013000,"Organic surface-active prod& prep for washing the skin, in the form of liquid",Kg,415077.180449,290211.396936,0.290211,157926.09
34023100,Linear alkylbenzene sulphonic acids and their salts,Kg,1709842.87,458429.174306,0.458429,139819.563
34023900,Other Anionic organic surface active agents,Kg,409563.45,100787.057095,0.100787,47021.676
34024100,Cationic,Kg,15330.0,5250.547707,0.005251,2784.105
34024200,Non-ionic,Kg,114178.1,34942.061721,0.034942,18887.87
34024900,Other organic surface active agents,Kg,119772.0,29229.752388,0.02923,13115.164
34025010,Detergent Powder,Kg,539950.6,52722.523833,0.052723,28605.902
34025090,Others preparations put up for retail sale (excel Detergent powder),Kg,80125.337055,24006.084583,0.024006,12975.658
34029000,"Other Organic surface-active agents, washing preparations, cleaning preparations",Kg,1943563.728142,356774.136742,0.356774,192489.367
34031100,"Lubricating preparation materials, with <70% petroleum oil for textile, leather,",LTR,0.2,0.34625,0.0,0.085
34031900,"Other lubricating preparations, with <70%  petroleum oil, nes",LTR,24737.499962,10837.345227,0.010837,3171.215
34039100,"Preparations for lubricating materials, etc, nes",Kg,6743.200012,5174.095633,0.005174,1549.857
34039900,"Other lubricating preparations, nes",Kg,98584.156991,32631.831797,0.032632,9529.407
34042000,Artificial waxes & prepared waxes of poly(oxyethylene)(polyethylene glycol).,Kg,1825.0,337.200528,0.000337,47.716
34049000,"Artificial waxes and prepared waxes, nes",Kg,41921.100002,14304.166536,0.014304,3073.64
34051000,"Polishes, creams and similar preparations  or footwear or leather",Kg,38199.591702,22880.159003,0.02288,6897.279
34052000,"Polishes, creams and similar preparations or maintenance of woodwork",Kg,15608.0,2903.316729,0.002903,883.175
34053000,Polishes and similar preparations for coac work (excl metal polishes),Kg,1332.614998,619.182433,0.000619,187.084
34054000,Scouring pastes and powders and other scouring preparations,Kg,10567.159999,1223.579309,0.001224,367.37
34059000,"Other polishes, creams and similar preparations, nes",Kg,48453.670031,10977.711693,0.010978,3485.481
34060000,"Candles, tapers and the like",Kg,9072.21,2487.675138,0.002488,759.364
34070010,"Modelling Paste, including those put up for children's amusement",Kg,66493.850008,22758.612492,0.022759,6975.271
34070090,Other preparations for use in dentistry,Kg,1817.404997,2414.898089,0.002415,723.431
35011000,Casein,Kg,1275.4,1325.200972,0.001325,322.156
35019000,Caseinates and other casein derivatives; casein glues,Kg,1930.0,2623.918687,0.002624,636.544
35021100,"Egg albumin,dried",Kg,1.0,5.33719,5e-06,1.298
35021900,Egg albumin(excluding dried egg albumin),Kg,0.049,22.809199,2.3e-05,5.543
35022000,"Milk albumin, including concentrates of two or more whey proteins",Kg,2012.470001,4051.54968,0.004052,984.872
35030000,Gelatin and derivatives; isinglass; glues off animal origin (excl 3501),Kg,3709.0,1717.139706,0.001717,417.535
35040000,"Peptones/protein substances and derivatives, nes; hide powder",Kg,6350.7,6423.090151,0.006423,1505.565
35051000,Dextrins and other modified starches,Kg,308549.780001,16299.239689,0.016299,3471.035
35052000,"Glues based on starches, dextrins or othermodified starches",Kg,80612.5,8306.297456,0.008306,1807.108
35061000,"Products put up as glues or adhesives for retail sale, =<1kg",Kg,343633.521066,178958.868128,0.178959,49796.48
35069100,Adhesives based on polymers of heading 39.01  to 39.13 or on rubber,Kg,1369981.05238,406361.289001,0.406361,104468.688
35069900,"Prepared glues and other prepared adhesive, nes",Kg,459690.470038,66330.193031,0.06633,18067.984
35071000,Rennet and concentrates thereof,Kg,20.0,279.542125,0.00028,52.201
35079000,Enzymes; prepared enzymes (not elsewhere specified or included),Kg,63677.4702,70714.450157,0.070714,12715.531
36020000,"Prepared explosives, (excl propellent powders).",Kg,419000.0,94835.3625,0.094835,738.182
36031000,Safety fuses,Kg,780.0,1500.6055,0.001501,15.007
36032000,Detonating cords,Kg,749.399994,1444.152625,0.001444,14.443
36036000,Electric detonators,Kg,24263.609772,50839.831625,0.05084,497.097
36050000,Matches (excl pyrotechnic articles of 36.04,Kg,20446.800095,4224.827377,0.004225,1981.781
36061000,"Liquid or liquefied-gas fuels in container, for lighters, =<300cm3.",Kg,0.2,3.07,3e-06,1.093
36069000,"Ferro-cerium, pyrophoric alloys; articles off combustible materials, nes.",Kg,12462.0,3360.005818,0.00336,1075.017
37011000,"Photographic plates & film for x-ray, in the flat, unexposed.",SQM,114858.439996,129991.729666,0.129992,22754.361
37012000,"Instant print flat film, unexposed",PCS,600.0,140.065453,0.00014,34.037
37013000,Other plate and film with any side >255mm,SQM,294272.760164,60198.852641,0.060199,11669.995
37023900,"Film, in rolls, non-perforated, of width =  105mm nes",SQM,0.6,1.38447,1e-06,0.338
37025200,PVC film Of a width not exceeding 16mm,SQM,2.0,0.80494,1e-06,0.197
37029800,PVC film Of a width exceeding 35mm,SQM,6.0,77.500344,7.8e-05,18.899
37031000,"Photographic paper, paperboard and textills, in rolls, width >610mm",SQM,6.0,1.08101,1e-06,0.264
37032000,"Other photographic paper, paperboard and textiles for colour photography",SQM,3211.24202,844.471699,0.000844,205.281
37039000,"Photographic paper, paperboard and textiles, nes.",SQM,2760.0,2420.510184,0.002421,588.251
37061000,"Cinematograph film, exposed and developed, width >=35mm",MTR,13.0,73275.777033,0.073276,10787.412
37071000,Sensitising emulsions for photographic use,Kg,734.200001,212.276728,0.000212,39.602
37079010,Toner Powder,Kg,9031.020003,19587.13908,0.019587,3659.79
37079090,"Other chemical preparation for photographic uses, put up for retail sale",Kg,10949.5,4878.504653,0.004879,910.286
38011000,Artificial graphite,Kg,300.5,213.934254,0.000214,39.901
38012000,Colloidal graphite or semi-colloidal graphite,Kg,450.0,102.144523,0.000102,19.117
38013000,Carbonaceous pastes for electrodes and passes for furnace linings,Kg,10.0,5.40105,5e-06,1.603
38019000,"Preparations based on graphite or carbon inthe form of pastes, nes.",Kg,111550.0,5728.410225,0.005728,1392.201
38021000,Activated carbon  .,Kg,52979.0,14193.07394,0.014193,2647.813
38029000,Activated natural mineral products; animal  black,Kg,2101472.37616,113025.64056,0.113026,21083.454
38040000,Residual lyes from the manufacture of wood pulp (excl tall oil),Kg,7855.3,1476.585155,0.001477,275.584
38051000,"Gum, wood or sulphate turpentine oils",LTR,32869.0,2297.29746,0.002297,558.454
38059000,"Other turpenic oils, nes; crude dipentene, crude paracymene, pine oil etc",Kg,45114.339997,13231.918002,0.013232,3032.123
38061000,Rosin and resin acids,Kg,900.0,181.126793,0.000181,44.018
38062000,"Salts of rosin, of resin acids or of derives of rosin or resin acids, excl rosin",Kg,200.0,165.217547,0.000165,40.149
38063000,Ester gums,Kg,30300.0,5669.679297,0.00567,1179.005
38069000,"Derivatives of rosin and resin acids, nes;  rosin spirit and oils, nes",Kg,5453.0,1151.187259,0.001151,242.757
38085900,Other Goods specified in Subheading Note 1 to this Chapter (excel DDT (ISO),Kg,3472.0,932.738795,0.000933,218.418
38086900,Other Goods specified in Subheading Note 2 to this Chapter (excel wt.cont.300G-7.5KG),Kg,5.0,0.80125,1e-06,0.196
38089110,"Products for killing mosquito, cockroach and like household insects",Kg,248761.615354,134326.042298,0.134326,33309.192
38089190,Balinalima paryog hune Kitnashak Bisadiharoo,Kg,1055922.343006,369958.11922,0.369958,54717.733
38089200,Fungicides,Kg,269143.0,183211.289685,0.183211,26734.08
38089310,Herbicides,Kg,249650.24,160086.878246,0.160087,23443.175
38089390,Antisprouting Products & Plant Growth Regulator,Kg,1651452.460226,211013.517799,0.211014,60748.096
38089410,Sanitizer,Kg,762.200001,136.589465,0.000137,25.476
38089490,Other Disinfectants,Kg,95102.710916,64753.719881,0.064754,10727.029
38089911,Rat poision,Kg,12857.5,5314.318438,0.005314,835.56
38089990,Others Rodenticide,Kg,44157.899985,17579.667743,0.01758,3232.958
38091000,"Finishing agents, etc, with a basis of amy  aceous substances nes",Kg,30813.0,6934.002518,0.006934,1681.448
38099100,"Finishing agents, etc, of a kind used in the textile or like industries nes.",Kg,252431.6,58566.912107,0.058567,11930.425
38099200,"Finishing agents, etc, of a kind used in the paper or like industries nes",Kg,247809.0,30594.972004,0.030595,6579.76
38099300,"Finishing agents, etc, of a kind used in the leather or like industries nes.",Kg,8541.9,2067.539989,0.002068,473.58
38101000,"Pickling preparations for metal surfaces; soldering, brazing or welding powders.",Kg,42630.5,7000.89622,0.007001,1528.986
38109000,Other - Pickling preparations for metal surfaces,Kg,163376.1,6951.942529,0.006952,1482.811
38111900,Anti-knock preparations (excl based on lead ),Kg,50.0,66.855008,6.7e-05,20.025
38112100,Additives for lubricating oils with petrolium oils or oil obtain from bituminous,Kg,40818.0,23837.528508,0.023838,5676.302
38112900,Additives for lubricating oils (excl with petroleum oils),Kg,2204.0,589.688084,0.00059,176.743
38119000,"Other additives other than for lubricating  oils, nes",Kg,53014.839999,15446.027232,0.015446,3394.219
38121000,Prepared rubber accelerators  .,Kg,6905.0,3050.925124,0.003051,649.106
38122000,"Compound plasticisers for rubber or plastics, nes",Kg,209470.0,60825.601729,0.060826,12762.239
38123100,"Mixtures of oligomers of 2,2,4-trimethyl-1,2-dihydroquinoline (TMQ)",Kg,775.0,370.401413,0.00037,69.085
38123900,Other Anti-oxidising preparations & oth compound stabilizers for rubber or plastics,Kg,227461.0,101280.681162,0.101281,12890.269
38130000,Preparations for fire-extinguishers; charged fire-extinguishing grenades,Kg,12351.699997,1125.614128,0.001126,264.517
38140000,"Organic composite solvents and thinners, nes; paint or varnish removers.",LTR,422843.202011,46569.110681,0.046569,23946.64
38151100,Supported catalysts with nickel or its compounds as the active substance,Kg,750.0,1352.171383,0.001352,328.907
38151900,"Supported catalysts, nes  .",Kg,19920.0,2242.193532,0.002242,545.12
38159000,"Others - Reactive initiators, accelerators  & catalytic preparations nes.",Kg,14089.045013,6453.544345,0.006454,1562.589
38160000,"Refractory cements, mortars, concretes and similar compositions, including dolomite r",Kg,9676836.330002,171941.511822,0.171942,34923.376
38170000,Mixed alkylbenzenes and mixed alkylnaphthaenes other than those of head 2707 o,Kg,1680.0,460.948695,0.000461,0.0
38190010,Hydraulic Brake Fluid,LTR,49035.639996,18421.600822,0.018422,9077.338
38200000,Anti-freezing preparations and prepared deicing fluids,Kg,124556.309901,29123.135347,0.029123,6869.183
38210000,Prepared culture media for development or maintenance of  microorganisms(includi,Kg,10900.617688,51218.397257,0.051218,12441.878
38221100,For malaria (Diagnostic or laboratory reagent),Kg,1490.709988,2096.53683,0.002097,105.022
38221200,For Zika and other diseases transmitted by mosquitoes of the genus Aedes,Kg,3884.672012,19878.095672,0.019878,995.049
38221300,For blood-grouping (Diagnostic or laboratory reagent),Kg,140.31,2923.185831,0.002923,146.563
38221900,"Other-Diagnostic or laboratory reagents on a backing, prepared diagnostic or laborato",Kg,72838.132003,388912.054,0.388912,16011.908
38229000,"Other Diagnostic or lab reagents on a backing, prepared diagnostic or laboratory",Kg,94598.784351,629520.584622,0.629521,31416.312
38231100,Stearic acid,Kg,52250.0,12085.065877,0.012085,2252.625
38231200,Oleic acid,Kg,6940.0,2129.93332,0.00213,397.499
38231900,Industrial monocarboxylic fatty acids & acid oils from refining nes.,Kg,453659.099976,101692.758723,0.101693,18967.16
38237000,Industrial fatty alcohols,Kg,7510.0,2971.494047,0.002971,449.09
38241000,Prepared binders for foundry moulds or cores,Kg,506363.2,13745.362675,0.013745,2719.585
38243000,Non-agglomerated metal carbides mixed together or with metallic binders.,Kg,25000.4,393.103316,0.000393,95.528
38244000,"Prepared additives for cements, mortars orconcretes",Kg,2813229.700098,243926.764396,0.243927,68837.433
38245000,Non-refractory mortars and concretes,Kg,1382195.959678,30647.671251,0.030648,8465.752
38246000,Sorbitol (excl that of 290544),Kg,168900.0,11543.85275,0.011544,2258.874
38248100,Mixtures and preparation containing oxirane (ethylene oxide),Kg,900.0,208.451234,0.000208,50.72
38248900,Containing short-chain chlorinated paraffins,Kg,161.0,152.569797,0.000153,37.144
38249100,Mixtures and preparations consisting mainlyof,Kg,14531.5,2794.273745,0.002794,679.776
38249200,Polyglycol esters of methylphosphonic acid,Kg,166.440004,404.85693,0.000405,98.384
38249910,Chloromited Paraffin wax,Kg,595187.050003,69839.481179,0.069839,13752.967
38249920,Dialysis bath concentrate in solid or liquid form use for treatment of kidney patient,Kg,111820.0,14564.401391,0.014564,0.52
38249930,Potting soil and conditioner,Kg,27001.0,1440.30358,0.00144,350.062
38249990,Other chemical products and preparations of the chemical or allied industries,Kg,13333499.598753,202108.940179,0.202109,56969.444
38254900,Other waste organic solvents nes  .,Kg,40.0,11.93576,1.2e-05,4.251
38276390,"Other, not included in the subheadings above, containing 40 % or more by mass",Kg,30.0,91.903477,9.2e-05,22.399
39011000,"Polyethylene having a specific gravity <0.94, in primary forms",Kg,3394409.34,665636.03753,0.665636,143503.171
39012000,"Polyethylene having a specific gravity >=0.94, in primary forms.",Kg,7798245.0,1408078.023625,1.408078,277911.826
39013000,"Ethylene-vinyl acetate copolymers, in primary forms",Kg,925343.0,214758.525278,0.214759,37879.447
39014000,"Ethylene-alpha-olefin copolymers, having a specific gravity of less than 0.94",Kg,5255058.5,1023318.042422,1.023318,204825.044
39019000,"Other polymers of ethylene, in primary forms, nes",Kg,224924.36,60858.876387,0.060859,13780.125
39021000,"Polypropylene, in primary forms",Kg,9477332.0,1753523.514933,1.753524,271829.703
39023000,"Propylene copolymers, in primary forms",Kg,1170000.0,228139.173797,0.228139,47406.486
39029000,"Other polymers of propylene or other olefins, in primary forms, nes.",Kg,229665.0,27483.004926,0.027483,4837.93
39031100,"Expansible polystyrene, in primary forms  .",Kg,64750.0,18342.381031,0.018342,4333.317
39031900,"Polystyrene (excl expansible), in primary forms",Kg,185412.0,38013.867733,0.038014,8578.478
39032000,"Styrene-acrylonitrile (san) copolymers, in primary forms",Kg,40000.0,11920.64,0.011921,2896.781
39033000,"Acrylonitrile-butadiene-styrene (abs) copolymers, in primary forms",Kg,56583.800003,14945.135191,0.014945,3343.801
39039000,"Polymers of styrene, in primary forms, nes",Kg,330710.0,52722.404325,0.052722,11882.602
39041000,"Poly(vinyl chloride), not mixed with other N substances, in primary forms",Kg,4310613.899988,575754.038742,0.575754,133299.101
39042100,Non-plasticised poly(vinyl chloride) mixed in primary forms,Kg,285283.0,100891.112055,0.100891,24311.755
39042200,"Plasticised poly(vinyl chloride) mixed, in primary forms",Kg,1725110.9,262107.323826,0.262107,46921.97
39044000,"Vinyl chloride copolymers (excl acetate), in primary forms nes.",Kg,112000.0,18976.826125,0.018977,3214.006
39046100,"Polytetrafluoroethylene, in primary forms",Kg,27.0,69.434481,6.9e-05,17.006
39046900,"Fluoro-polymers (excl polytetrafluoroethylne), in primary forms",Kg,143.0,66.851453,6.7e-05,16.246
39049000,"Polymers of halogenated olefins, in primary forms, nes.",Kg,291600.0,85836.017547,0.085836,20674.228
39051200,Poly(vinyl acetate) in aqueous dispersion in primary forms.,Kg,20759.0,5616.11301,0.005616,1265.738
39051900,"Polyvinyl acetate, not in aqueous dispersions, in primary forms",Kg,75952.0,10985.128578,0.010985,2479.23
39052100,"Vinyl acetate copolymers in aqueous dispersion, in primary forms",Kg,44929.0,10559.951397,0.01056,2275.271
39052900,"Vinyl acetate copolymers, not in aqueous dispersion, in primary forms",Kg,33900.0,7470.268719,0.00747,1633.935
39053000,"Poly(vinyl alcohol), whether or not contaning unhydrolysed acetate groups",Kg,34955.0,15671.566832,0.015672,2999.104
39059100,Copolymers,Kg,29095.16,5331.382031,0.005331,1200.998
39059900,Polymers of other vinyl esters & other vinyl polymers in primary forms nes,Kg,12498.160007,22470.729979,0.022471,643.086
39061000,"Poly(methyl methacrylate), in primary form",Kg,8464.92,2194.264533,0.002194,429.84
39069000,"Acrylic polymers prepared,in primary forms   nes",Kg,630110.900095,152910.872217,0.152911,31704.7
39071000,"Polyacetals, in primary forms",Kg,8257.0,2178.988397,0.002179,529.629
39072100,Bis (polyoxyethylene) methylphosphonate,Kg,210.0,91.571367,9.2e-05,22.253
39072900,Other polyethers,Kg,192104.5,63603.731354,0.063604,14581.117
39073000,Epoxide resines,Kg,101566.229996,43498.102383,0.043498,9894.813
39074000,"Polycarbonates, in primary forms  .",Kg,56525.0,14726.931078,0.014727,3022.917
39075000,"Alkydresins, in primary forms",Kg,897459.599976,220804.194271,0.220804,44889.607
39076100,Having a viscosity number of 78 ml/g or higher,Kg,4639700.0,817840.766062,0.817841,158153.42
39076900,Other Poly(ethylene terephthalate),Kg,232.86,49.881331,5e-05,12.125
39079100,"Unsaturated polyesters, in primary forms,   es",Kg,617614.2,171242.070391,0.171242,34747.894
39079900,"Polyesters, in primary forms, nes",Kg,263295.5,72020.561546,0.072021,14795.759
39081000,"Polyamide -6, -11, -12, -6,6, -6,9, -6,10   r -6,12, in primary forms",Kg,1750.0,762.776508,0.000763,185.487
39089000,"Other polymides, in primary forms, nes",Kg,7698.6,3743.058433,0.003743,776.619
39091000,"Urea resins; thiourea resins, in primary f  rms.",Kg,209059.0,23844.48183,0.023844,5483.912
39092000,"Melamine resins, in primary forms",Kg,12157107.43,563687.497562,0.563687,109790.299
39093100,"Poly (methylene phenyl isocynate) (Crude MDI, polymeric MDI)",Kg,49975.0,18479.254047,0.018479,4293.458
39093900,Others amino-resins,Kg,11254.1,4151.789599,0.004152,778.08
39094000,"Phenolic resins, in primary forms",Kg,258570.03,39649.676173,0.03965,8473.594
39095000,"Polyurethanes, in primary forms",Kg,345661.555009,121333.874097,0.121334,24681.96
39100000,Silicones inprimary forms,Kg,71286.572,44814.982207,0.044815,10846.882
39111000,"Petroleum resins other resins and polyt erp nes, in primary forms",Kg,56198.710007,12789.958273,0.01279,3108.1
39119000,"Polysulphides, polysulphones and other pro  ucts, in primary forms",Kg,3300.799999,701.704507,0.000702,156.92
39121100,"Non-plasticised cellulose acetates, in pri  ary forms",Kg,400.0,644.228551,0.000644,18.044
39122000,"Cellulose nitrated (incl collodions), in  p imary forms.",Kg,460.0,548.908906,0.000549,102.375
39123100,"Carboxymethylcellulose and its salts, in p  imary forms.",Kg,24105.480011,12772.810422,0.012773,2138.906
39123900,"Other cellulose ethers, in primary forms,   es",Kg,133882.360001,84021.261338,0.084021,16480.857
39129000,"Cellulose and its chemical derivatives, in  primary forms, nes",Kg,28967.0,18538.50875,0.018539,938.404
39131000,"Alginic acid, its salts and esters, in pri  ary forms",Kg,1286.0,2308.729326,0.002309,561.223
39139000,"Natural and modified natural polymers, nes  in primary forms",Kg,19078.4,12340.896487,0.012341,2285.397
39140000,"Ion-exchangers based on polymers of 3901  t  3913, in primary forms",Kg,11999.0,4163.830055,0.004164,857.804
39151000,"Waste, parings and scrap, of polymers of e  hylene",Kg,231.699997,23.3696,2.3e-05,11.026
39159000,"Waste, parings and scrap, of other plastic  , nes",Kg,70318.0,3603.97848,0.003604,1690.337
39161000,"Monofilament >1mm, rods and profile sha pes  of polymers of ethylene.",Kg,3509.639991,1766.466608,0.001766,958.534
39162000,"Monofilament >1mm, rods, etc, of polyme rs  f vinyl chloride",Kg,1020166.270794,175467.003572,0.175467,95184.313
39169000,"Monofilament >1mm, rods and profile sha pes  of other plastics, nes",Kg,384472.642114,68407.736411,0.068408,37109.003
39171000,Artificial guts of hardened proteins or ce  lulosic materials,Kg,8382.271062,813.585717,0.000814,304.817
39172100,"Tubes, pipes and hoses, rigid, of polymers  of ethylene.",Kg,129276.344942,28689.038793,0.028689,3659.344
39172200,"Tubes, pipes and hoses, rigid, of polymers  of propylene",Kg,3002.5,1523.999763,0.001524,826.846
39172300,"Tubes, pipes and hoses, rigid, of polymers  of vinyl chloride",Kg,94126.971854,31483.869048,0.031484,14986.501
39172900,"Tubes, pipes and hoses, rigid, of other pl  stics, nes",Kg,26087.95679,10899.543448,0.0109,6018.167
39173100,"Flexible tubes, pipes and hoses, with a bu  st pressure >=276mpa",Kg,15557.824824,8761.56824,0.008762,4769.281
39173200,"Tubes, pipes and hoses, not reinforced, wi  hout fittings, nes",Kg,2501.768002,4484.677541,0.004485,2436.143
39173300,"Tubes, pipes and hoses, not reinforced, wi  h fittings attached, nes.",Kg,755.041997,1227.246162,0.001227,665.914
39173900,"Other tubes, pipes and hoses, nes",Kg,28912.864064,13080.829603,0.013081,7100.258
39174000,"Fittings, for tubes, pipes and hoses, of p  astic",Kg,189589.867316,104360.569026,0.104361,55618.905
39181010,"Floor covering of polymer of vinyl chloride, in roll or in the form of tiles",Kg,195004.7,21388.231016,0.021388,14744.605
39181090,Wall or Celling coverings and others of polymer of vinyl chloride,Kg,599919.379825,69893.360625,0.069893,48202.057
39189010,"Floor covering of other plastic, in roll or in the form of tiles",Kg,19069.0,9171.952549,0.009172,6322.741
39189090,Wall or Celling coverings and others of polymer of other plastic,Kg,9646.0,3134.64918,0.003135,988.021
39191000,"Self-adhesive tape, plates, strip, in r oll , width =<20cm",Kg,62709.826005,29370.478598,0.02937,16170.721
39199000,"Other self-adhesive plates, tape, strip, f  il of plastics, nes.",Kg,220264.372881,88463.049339,0.088463,54622.546
39201010,"printed plates, sheets, film, foil and strip, of ethylene polymer",Kg,198321.790162,36532.541165,0.036533,17531.949
39201090,"other  plates, sheets, film, foil and strip, of ethylene polymer",Kg,855787.159919,124772.557487,0.124773,57070.598
39202010,"Printed plates, sheets, film, foil and strip, of propylene",Kg,33360.513754,19175.629646,0.019176,10109.669
39202090,"Other plates, sheets, film, foil and strip, of propylene",Kg,1836522.231002,489088.580271,0.489089,177084.24
39203010,"Printed plates, sheets, film, foil & strip, of plastics, non-cellular of styrene",Kg,5107.52002,2421.153408,0.002421,1313.427
39203090,"Other  plates, sheets, film, foil and strip, of plastics, non-cellular of styrene",Kg,96574.799999,9114.908843,0.009115,3285.742
39204310,"Printed plates, sheets, film, foil and strip, of poly. vin. chlorid non-cellular <6%",Kg,42.280001,180.803973,0.000181,98.08
39204390,"Other plates, sheets, film, foil and strip, of poly. vin. chlorid <6%",Kg,246435.36,24619.340337,0.024619,8519.33
39204910,"Printed plates, sheets, film, foil and strip, of polymer, >6%",Kg,6090.791005,4128.537792,0.004129,1970.671
39204990,"Other  plates, sheets, film, foil and strip, of polymer, >6%",Kg,663451.841887,144501.55074,0.144502,36239.824
39205110,"Printed plates, sheets, film, foil and strip, of polymethul methacrylate",Kg,26182.199219,6991.932425,0.006992,3792.849
39205190,"Other plates, sheets, film, foil and strip, of polymethul methacrylate",Kg,13501.299919,6464.865459,0.006465,3507.534
39205910,"Printed plates, sheets, film, foil and strip, of other acrylic polymer",Kg,1195.7,1601.70098,0.001602,869.246
39205990,"Other plates, sheets, film, foil and strip, of other acrylic polymer",Kg,2737.870004,1715.310808,0.001715,930.708
39206110,"Printed plates, sheets, film, foil and strip, of Polycarbonate",Kg,756.0,184.180279,0.000184,99.99
39206190,"Other plates, sheets, film, foil and strip, of Polycarbonate",Kg,186063.74973,21809.282565,0.021809,9427.433
39206210,Printed ethylene terephthalate,Kg,22146.780151,5128.94979,0.005129,2786.819
39206290,Other ethylene terephthalate,Kg,1559914.756148,346245.927735,0.346246,130154.746
39206390,"Other plates, sheets, film, foil and strip, of unsaturated polyesters",Kg,6.0,7.43339,7e-06,4.035
39206910,"Printed plates, sheets, film, foil and strip, of other polyester, non cellular",Kg,17220.650024,6005.485496,0.006005,3258.213
39206990,"Other plates, sheets, film, foil and strip, of other polyester, non cellular",Kg,73461.339597,18888.601086,0.018889,7768.035
39207910,"Printed plates, sheets, film, foil and strip, of cellulose derivatives",Kg,123.0,118.137062,0.000118,64.085
39207990,"Other plates, sheets, film, foil and strip, of cellulose derivatives",Kg,1450.0,360.601125,0.000361,110.04
39209190,"Other plates, sheets, film, foil and strip, of Polyvinyl butyral",Kg,14151.0,5972.728625,0.005973,3240.245
39209290,"Other plates, sheets, film, foil and strip, of Polyamides",Kg,5750.700027,3196.95802,0.003197,1254.265
39209490,"Other plates, sheets, film, foil and strip, ofPhenolic resins",Kg,953.0,255.563469,0.000256,138.632
39209910,"Plates, of other plastics, not reinforced, printed one",Kg,38290.8396,15307.854147,0.015308,8304.051
39209990,"Plates, of other plastics, not reinforc ed, etc, nes",Kg,1205782.735913,88878.290389,0.088878,21110.033
39211110,"Printed  plates, sheets, film, foil and strip, of polymers of styrene",Kg,457.34,154.072077,0.000154,70.78
39211190,"Other plates, sheets, film, foil and strip, of polymers of styrene",Kg,17068.329971,7537.235426,0.007537,2959.502
39211290,"Other plates, sheets, film, foil and strip, of  vinyl chloride polymer",Kg,229848.350031,63533.611259,0.063534,29458.195
39211310,"Printed  plates, sheets, film, foil and strip, of  polyurethane",Kg,42168.030021,9777.090379,0.009777,4945.43
39211390,"Other plates, sheets, film, foil and strip, of  polyurethane",Kg,13144.840182,5020.551563,0.005021,2222.989
39211490,"Other plates, sheets, film, foil and strip, of  regenerated cellulose",Kg,1213.0,306.308406,0.000306,166.229
39211910,"Printed  plates, sheets, film, foil and strip, of  other plastic celluler",Kg,18773.28006,5600.308006,0.0056,2698.285
39211990,"Other plates, sheets, film, foil and strip, of  other plastic celluler",Kg,362074.727591,99291.2509,0.099291,46198.673
39219011,Decorative Laminated sheets (sunmica and formica),SQM,504998.90378,134438.586289,0.134439,72985.036
39219019,"Other plates, sheets, film, foil and strip, of  plastics (Cellular)",Kg,135285.691292,28505.113558,0.028505,15020.433
39219091,"Printed  plates, sheets, film, foil and strip, of  thermacol",Kg,21246.139963,5724.170805,0.005724,3105.482
39219092,Decorative Laminated Sunmica & Formica sheets,SQM,203490.770323,19842.055122,0.019842,10763.831
39219099,"Other plates, sheets, film, foil and strip, of  thermacol",Kg,789262.522056,269934.773931,0.269935,115839.282
39221000,"Baths, shower-baths, sinks and wash-basin of plastic",Kg,25050.120724,24773.484274,0.024773,13288.394
39222000,Lavatory seats and covers of plastics,Kg,12642.620013,5574.95359,0.005575,3024.733
39229000,"Bidets, lavatory pans and other sanitaryware of plastics, nes.",Kg,58404.499175,48915.792748,0.048916,26633.115
39231010,Plastic tubes for packing purpose,Kg,113026.454665,109933.375838,0.109933,36988.281
39231020,Egg Crate,Kg,338.4,135.379999,0.000135,51.852
39231090,"Other Boxes, cases, crates and similar articles of plastics",Kg,154795.104655,66858.373269,0.066858,29935.585
39232100,Sacks & bags of polymers of ethylene,Kg,77467.782075,34090.882399,0.034091,14082.56
39232900,Sacks & Bags of other plastics,Kg,43843.19997,16834.452614,0.016834,8791.801
39233010,Pet bottle (bottle pre-form) of plastics,Kg,182784.730518,52379.359228,0.052379,22202.07
39233090,"Other - Carboys, bottles, flasks and similar articles nes of plastics",Kg,175131.950781,72189.540985,0.07219,21557.109
39234090,"Other - spools, cops, bobbins and similar supports nes of plastics",Kg,17037.579967,5700.825397,0.005701,1063.919
39235000,"Stoppers, lids, caps and other closures of  plastics",Kg,269517.780788,164457.435521,0.164457,56106.944
39239010,Composite LPG Cylinder,Kg,0.1,0.23686,0.0,0.138
39239090,Other Packing of goods,Kg,246165.818828,96494.75719,0.096495,49911.846
39241010,Infant feeding bottles,Kg,11195.111391,7447.811136,0.007448,2714.907
39241020,Melamine utensils,Kg,50161.630147,27715.701174,0.027716,15034.398
39241090,Other - Tableware and kitchenware nes of p  astics,Kg,198670.597248,116990.665026,0.116991,60748.824
39249010,Special types of dishes feeding beans and water to chickens,PCS,43244.0,9516.616701,0.009517,441.047
39249090,"other household articles and hygienic or toilet articles, of plastics.",Kg,73739.826914,35861.970238,0.035862,19874.151
39251000,"Reservoirs, tanks, vats and similar containers, of a capacity exceeding 300 L",Kg,4039.140001,1449.313456,0.001449,788.579
39252000,"Doors, windows and their frames and thresholds for doors, of plastics",Kg,61215.439912,14634.602077,0.014635,8009.706
39253000,"Shutters, blinds and similar articles and parts, of plastics",Kg,2385.919999,1144.7246,0.001145,620.327
39259010,Roofing sheet and Roofing Tile,Kg,18940.0,1636.059908,0.001636,887.748
39259020,PUF Sandwitch wall and Roof Panel,Kg,67895.0,12152.008141,0.012152,7067.898
39259030,Aluminium Composite Panel,Kg,419766.269791,62568.853813,0.062569,33942.742
39259090,Other builders wares of plastics,Kg,751035.777307,109016.646462,0.109017,59732.408
39261000,Office or school supplies of plastics,Kg,45795.806694,32559.125451,0.032559,9801.74
39262011,"Gloves, use in medical & surgical purpose (Disposable)",PR,21180.0,629.963338,0.00063,121.422
39262019,Other gloves,PR,20312.0,144.651239,0.000145,78.536
39262021,"Gown, Uses in Medical & Surgical Purpose",PCS,22150.0,4543.515607,0.004544,818.826
39262029,Others gown,PCS,700.0,59.44807,5.9e-05,32.251
39262031,"Apron, Uses in Medical & Surgical Purpose",PCS,1370.0,92.086561,9.2e-05,17.245
39262039,Others apron,PCS,110.0,221.769024,0.000222,120.303
39262041,"Face Shield, Uses in Medical & Surgical Purpose",PCS,25.0,20.925039,2.1e-05,3.904
39262090,Other clothing accessories (plastic),PCS,36369.0,3547.655753,0.003548,1924.835
39263000,"Fittings for furniture, coachwork or the like of plastics",Kg,9780.886401,6273.641136,0.006274,3454.731
39264000,Statuettes and other ornamental articles of plastics,Kg,13555.94998,9770.256366,0.00977,5277.849
39269010,"Bangles,Tika,Tikuli of plastics",GRO,773142.154612,20406.787755,0.020407,2704.043
39269020,Plastic dye for shoe making  and other dye,Kg,16733.800003,5170.357439,0.00517,1251.613
39269031,Urine bag,PCS,161483.0,5531.142817,0.005531,889.882
39269039,Other laboratory equipment of plastic,PCS,17760097.0,54679.487335,0.054679,21602.745
39269091,Tarpaulin and tents made up of plastics,Kg,139722.799386,36366.761918,0.036367,19199.238
39269092,Labels and tags,Kg,27916.954885,28782.864478,0.028783,15616.73
39269093,Insects trap,Kg,2513.499985,1165.15343,0.001165,258.724
39269094,Cloth hanger,Kg,5504.450001,2513.733391,0.002514,1371.938
39269095,Artifical Plastic Grass Turf,SQM,35756.151611,20706.158527,0.020706,11232.767
39269099,Other articles of plastics nes,Kg,974862.23171,459593.903846,0.459594,215430.516
40011000,"Natural rubber latex, in primary forms or   n plates, sheets or strip",Kg,25204.700024,7177.427576,0.007177,1339.467
40012100,Smoked sheets of natural rubber,Kg,40400.0,14708.885813,0.014709,2407.54
40012200,"Technically specified natural rubber, in p  imary forms or in plates, etc",Kg,11065.0,4720.85937,0.004721,668.095
40012900,"Other natural rubber, in primary forms or   n plates, etc, nes",Kg,3724.0,1052.619603,0.001053,58.189
40021100,Latex of styrene-butadiene or carboxylated  styrene-butadiene rubber.,Kg,480333.09,85315.648828,0.085316,7909.444
40021900,"Styrene-butadiene rubber; carboxylated sty  ene-butadiene rubber, nes",Kg,64649.0,24750.915261,0.024751,2217.156
40022000,"Butadiene rubber, in primary forms or in p  ates, sheets or strip",Kg,19881.0,7045.456125,0.007045,1213.381
40023100,Isobutene-isoprene (butyl) rubber,Kg,102.300003,65.32677,6.5e-05,12.185
40023900,Halo-isobutene-isoprene rubber,Kg,1394.0,940.248531,0.00094,159.615
40024900,Chloroprene (chlorobutadiene) rubber (excl  latex),Kg,6500.0,5502.139,0.005502,1026.347
40025900,Acrylonitrile-butadiene rubber (excl late x,Kg,13550.0,5794.139498,0.005794,900.486
40027000,Ethylene-propylene-non-conjugated diene ru  ber.,Kg,8200.0,5167.742938,0.005168,963.917
40028000,Mixtures of any product of 4001 with any  p oduct of 4002,Kg,3.0,1.2812,1e-06,0.241
40029900,"Other synthetic rubber products (excl lat e ), nes",Kg,10161.0,3694.880376,0.003695,689.303
40030000,"Reclaimed rubber in primary forms or in pl  tes, sheets or strip",Kg,30900.0,1918.948079,0.001919,335.658
40040000,"Waste, parings and scrap of rubber (excl  h rd rubber) and powders",Kg,216610.0,20672.91791,0.020673,3024.168
40051000,"Rubber compounded with carbon black or sil  ca, unvulcanized",Kg,1171.0,344.130277,0.000344,64.249
40052000,"Rubber solutions; dispersions, unvulcanize  , nes",Kg,18312.0,3311.968883,0.003312,618.418
40059100,"Plates, sheets and strip of unvulcanized,   ompounded rubber, nes",Kg,54099.5,20272.260234,0.020272,3781.051
40059900,"Compounded rubber, unvulcanized, in primar   forms nes",Kg,4995.0,994.575961,0.000995,185.692
40061000,Camel-back strips for retreading rubber ty  es,Kg,3823.219971,1242.128305,0.001242,241.76
40069000,"Other forms and articles of unvulcanized r  bber, nes",Kg,1655.0,328.396063,0.000328,79.868
40070000,Vulcanized rubber thread and cord,Kg,62005.83622,27395.211227,0.027395,5390.009
40081100,"Plates, sheets and strip of cellular vulca  ized rubber.",Kg,21987.819988,8338.360416,0.008338,1870.982
40081900,"Rods and profile shapes of cellular vulcan  zed rubber, nes.",Kg,945.75,462.794171,0.000463,112.595
40082100,"Plates, sheets and strip of non-cellular,   ulcanized rubber(excl hard)",Kg,30231.599174,6706.756233,0.006707,1591.935
40082900,"Rods and profile shapes of non-cellular, v  lcanized rubber (excl hard)",Kg,3836.454996,1115.399685,0.001115,260.651
40091100,"Tubes,pipewithout fittings, not reinforc ed or otherwise combined with other mat.",Kg,19505.18987,14323.829212,0.014324,3970.69
40091200,"Tubes,pipeswith fittings, not reinforced  o  otherwise combined with other mater.",Kg,5297.000206,3040.675118,0.003041,911.402
40092100,"Tubes, pipeswithout fittings, reinforced  o  otherwise combined only with metal",Kg,34230.049399,13579.054907,0.013579,3718.238
40092200,"Tubes, pipes with fittings, reinforced o r  therwise combined only with metal",Kg,12391.526195,12371.751461,0.012372,3693.687
40093100,"Tubes, pipeswithout fittings, reinforced  o  othewise combined with textile mate.",Kg,17161.361022,9262.624909,0.009263,2522.101
40093200,"Tube,pipewith fittings reinforced or ot her ise combined with textile materials",Kg,3505.172961,2594.626641,0.002595,730.416
40094100,"Tubes, pipes  etc, without fittings, rei nf rced or combined with other material.",Kg,5284.832784,3168.201917,0.003168,949.179
40094200,"Tubes, pipes  etc, with fittings, reinfo rc d or combined with other material",Kg,6328.693573,4976.558104,0.004977,1381.898
40101100,"Conveyor belts or belting,of vulcanized ru  ber reinforced only with metal",Kg,9357.31329,12125.742064,0.012126,2266.644
40101200,"Conveyor belts or belting, of vulcanised r  bber reinforced only with textile mat",Kg,87861.674612,25303.246712,0.025303,4720.492
40101900,"Conveyor belts or belting, of vulcanised r  bber, nes",Kg,6243.041903,2227.041093,0.002227,418.43
40103100,"Endless transm'n belt of trapezoidal cross sec(V-belt),V-ribbed,circum>60cm & <180cm",Kg,13048.355575,14307.428077,0.014307,2570.37
40103200,Endless transm'n belt of trapezoidal cross sec(V-belt) with circumfer >60cm & <180cm,Kg,24543.541996,15066.83647,0.015067,2833.635
40103300,"Eneless transm'n belts of trapezoidal cross sec,V-ribbed with circumfer>180cm &.",Kg,7323.005203,7481.143364,0.007481,1395.702
40103400,Endless transm'n belts of trapazoidal cross sec(V-belts) with circumfer>180cm &.,Kg,5708.890002,4574.754289,0.004575,853.426
40103500,"Endless synchronous belts, of an outside circumference > 60cm and <150cm",Kg,1001.3879,1706.277944,0.001706,318.52
40103600,Endless synchronous belts of an outside circumference >150cm and <198cm.,Kg,3.48,82.51868,8.3e-05,15.395
40103900,Other transmission belts or belting nes,Kg,22726.405649,24623.86854,0.024624,4568.075
40111000,"New pneumatic tyres, of rubber of a kind used on motor cars.",PCS,87833.0,474902.331641,0.474902,169111.968
40112000,"New pneumatic tyres, of rubber of a kind used on buses or lorries",PCS,41771.0,738623.190291,0.738623,262978.776
40113000,"New pneumatic tyres, of rubber for aircraf",PCS,280.0,31968.217593,0.031968,4488.946
40114000,"New pneumatic tyres, of rubber of a kind used on motorcycles",PCS,194635.0,363499.386443,0.363499,129417.541
40115000,"New pneumatic tyres, of rubber of a kind used on bicycles",PCS,186888.0,53296.841382,0.053297,11080.273
40117000,tyre of a kind used on agricultural or forestry vehicles and machines,PCS,4499.0,62269.062278,0.062269,18651.519
40118000,"tyre of kind used on construction, mining or vehicles and machine industrial handling",PCS,40837.0,164226.639838,0.164227,58468.298
40119000,"Other, New pneumatic tyres of rubber",PCS,9808.0,15220.445569,0.01522,5822.58
40121100,"Retreated tyres, of a kind used on motor cars (including station wagons and raci",PCS,2.0,2.40225,2e-06,0.858
40121200,"Retreated tyres, of a kind used on buses or lorries.",PCS,1101.0,1474.549996,0.001475,525.147
40121910,Retreated tyre of a kind used on agriculture tractor,PCS,1.0,3.58736,4e-06,1.076
40121990,Other - Retreated tyre nes,PCS,51.0,236.164336,0.000236,84.141
40129010,Treads of rubber,Kg,380339.902233,136942.632322,0.136943,48754.906
40129020,Flaps of rubber,Kg,58726.433075,19939.112629,0.019939,7099.502
40129090,"Others solid or cushion tyres, tyre treads and tyre flaps, of rubber",Kg,14323.200019,5115.696888,0.005116,1821.757
40131010,"Inner tubes, of rubber of a kind used on motor cars, buses or lorries",PCS,22312.0,18341.680759,0.018342,6533.1
40131090,"Inner tubes, of rubber of a kind used on motor cars, buses or lorries",PCS,49576.0,49888.408309,0.049888,17762.248
40132000,"Inner tubes, of rubber of a kind used on bicycles",PCS,321748.0,33316.136701,0.033316,7232.375
40139010,Inner tubes of a kind used on Agricultural  Tractors.,PCS,17535.0,14726.065295,0.014726,4410.761
40139020,Inner tubes of a kind used on Animal Vehicles,PCS,16217.0,2438.05135,0.002438,592.541
40139030,Of a kind used of aeroplane,PCS,25.0,1740.347922,0.00174,246.311
40139040,Of a kind used in motorcycle and scooters,PCS,57278.0,10245.709446,0.010246,3647.706
40139090,Other inner tubes of rubber nes,PCS,51611.0,20174.55586,0.020175,7190.257
40141000,Sheath contraceptives,PCS,13395172.0,66892.378551,0.066892,1.43
40149000,"Hygienic or pharmaceutical articles of vulcanized rubber, nes",PCS,1955346.0,8767.098899,0.008767,737.514
40151200,"Of a kind used for medical, surgical, dental or veterinary purposes",Kg,198492.285803,131075.354228,0.131075,32282.795
40151900,Gloves mittens and mitts of vulcanized rubber (excl surgical gloves),PR,1312508.0,24884.524781,0.024885,7560.155
40159000,"Articles of apparel and clothing accessories of vulcanized rubber, nes",PCS,23132.0,1337.618273,0.001338,419.645
40161000,Articles of vulcanized rubber of cellular rubber,Kg,1853.7217,646.174055,0.000646,160.284
40169100,"Floor coverings and mats of vulcanized rubber, non-cellular.",Kg,301717.350088,46385.92409,0.046386,12847.157
40169200,"Erasers, of vulcanized rubber",Kg,11456.899997,2855.404458,0.002855,713.105
40169310,"Gaskets, washers and other seals used in motor vehicles",PCS,461569.0,53342.814913,0.053343,14856.626
40169390,"Other gaskets, washers and seals",PCS,11564011.0,117657.65913,0.117658,32721.371
40169400,"Boat or dock fenders, of vulcanized rubber",Kg,288.8,202.49207,0.000202,49.317
40169500,"Inflatable articles, of vulcanized rubber,  nes.",Kg,832.750002,473.815964,0.000474,135.533
40169910,"Rubber Rolls of Articles of vulcanized rubber, nes",Kg,56675.996014,14684.699107,0.014685,4058.306
40169920,Rubber Mould,Kg,70.15,47.609,4.8e-05,11.756
40169990,"Other Articles of vulcanized rubber, nes",Kg,226143.033403,89961.718065,0.089962,24754.04
40170000,Hard rubber (eg ebonite) in all forms; articles of hard rubber,Kg,7280.84,2077.145622,0.002077,621.885
41012000,"Whole hides & skins,<=8kg when dried, 10kg when dry-salted or 16kg when fresh,pres",Kg,37.799999,5.6941,6e-06,1.063
41019000,"Other, including butts, bends and bellies",Kg,70.0,37.121852,3.7e-05,6.99
41039000,"Other hides and skins, fresh or preserved, not tanned, nesÃ ",Kg,12500.0,163.753375,0.000164,30.606
41071100,"Leather  whole hides and skins, full gra in, unsplit (excl leather of heading Ã .",Kg,530.0,750.864879,0.000751,140.107
41071900,"Other, whole hides and skins (excl leather of heading 4114)Ã ...",Kg,1021.0,520.844508,0.000521,97.272
41079900,"Other, including hides (leather) nes",Kg,34173.64,3961.850008,0.003962,741.41
41120000,"Prepared leather inclparchment-dressed leather, of sheep or lamb, excl heading",Kg,1309.7,8096.513226,0.008097,787.821
41132000,"Prepared leather of swine, without wool or  hair on, exclheading 4114",Kg,0.38,0.8251,1e-06,0.157
41141000,chamois (including combination chamois) leather,Kg,16391.0,4407.464672,0.004407,824.564
41151000,"Composition leather with a basis of leatheror leather fibre, in slabs, sheets o",Kg,11786.0,2238.523239,0.002239,440.694
42010000,"Saddlery and harness for any animal, of an   material",PCS,6708.0,806.952868,0.000807,132.141
42021100,"Trunks, suit-cases, etc, with outer surface of leather or of composition leather",PCS,100896.0,9105.175236,0.009105,4291.068
42021210,Vaccine/Blood Carrier,PCS,24.0,9.95868,1e-05,2.994
42021290,Others,PCS,10016.0,22170.04255,0.02217,10399.352
42021900,"Trunks, suit-cases, etc, of other materials",PCS,123107.0,36545.498038,0.036545,17238.011
42022100,Handbags With outer surface of leather or of composition  leather,PCS,4876.0,3642.408715,0.003642,1771.364
42022200,HandbagsWith outer surface of sheeting of plastics or of textile material,PCS,960194.0,213366.567334,0.213367,102213.159
42022910,Hand bags of felt,PCS,2976.0,634.140061,0.000634,339.572
42022990,Hand bags of other,PCS,412555.0,21199.279461,0.021199,10579.581
42023100,"Articles normally carried in pocket or han  bag, of leather",PCS,63991.0,19790.82759,0.019791,9337.264
42023200,"Articles normally carried in pocket or han  bag, of plastics or textiles.",PCS,307503.0,11976.602499,0.011977,5913.336
42023910,Articles of felt (Jamoth) carried in the pocket or handbag,PCS,2532.0,67.56761,6.8e-05,32.163
42023990,Others articles of felt carried in the pocket or handbag,PCS,20524.0,1153.675447,0.001154,546.076
42029100,"Cases and containers, nes, with outer surf  ce of leather",PCS,6818.0,1638.619407,0.001639,453.482
42029200,"Cases and containers, nes, with outer surf  ce ofplastic or textiles.",PCS,79428.0,17066.744011,0.017067,8065.467
42029910,Other bags of felt,PCS,1939.0,566.886099,0.000567,198.738
42029990,"Cases and containers, nes, with outer surf  ce of other materials, nes",PCS,150439.0,9759.394174,0.009759,5712.41
42031000,Articles of apparel of leather,PCS,1923.0,436.942737,0.000437,200.743
42032100,"Gloves, mittens and mitts, specially designed for use in sports, of leather",PCS,7015.0,4333.738538,0.004334,1298.202
42032900,"Protective gloves, mittens and mitts for t  ades, nes, of leather",PCS,103113.0,5953.005797,0.005953,1800.648
42033000,Belts and bandoliers of leather or composi  ion leather,PCS,326463.0,26827.868592,0.026828,8503.232
42034000,"Clothing accessories of leather or composi  ion leather, nes.",PCS,29378.0,2273.782509,0.002274,591.93
42050000,"Articles of leather or of composition leat  er, nes",PCS,38678.0,2509.489505,0.002509,769.88
42060000,"Articles of gut(other than silkworm gut),o   goldbeater's skin,of  bladders or of",PCS,200.0,9.4746,9e-06,2.839
43031000,Articles of apparel and clothing accessori  s of furskins,PCS,20.0,8.61063,9e-06,2.094
43040010,Artificial fur,PCS,16.0,6.60402,7e-06,1.606
43040090,Articles made of artificial fur,PCS,20.0,127.539094,0.000128,0.065
44012190,Coniferous wood in chips or particles,Kg,1.2,1.78336,2e-06,0.44
44014900,"Other, wood waste and scrap, not agglomerated",Kg,5.0,3.205,3e-06,0.79
44021000,Wood charcol wheather or not agglomerated   f bamboo,Kg,119683.0,23898.869805,0.023899,8710.884
44022000,Wood charcoal Of shell or nut,Kg,1200.0,323.24675,0.000323,117.882
44029090,Other - Wood charcol wheather or not agglo  erated,Kg,105286.5,1977.0461,0.001977,648.196
44041000,"Coniferous hoopwood; split poles, etc; woo  en sticks, etc; chipwood.",Kg,3858.0,896.26393,0.000896,277.777
44042000,"Non-coniferous hoopwood; split poles, etc;  wooden sticks, etc; chipwood.",Kg,662.0,100.897092,0.000101,37.291
44050000,Wood wool; wood flour,Kg,116850.0,2830.169711,0.00283,696.395
44071100,"Of pine (Pinus spp)-wood sawn or chipped lenthwise, sliced or peeled >6mm",MTQ,2.2961,1374.886615,0.001375,337.991
44072900,Other tropical wood specified in Subheadin   Note 1 of Chap44 sawn lengthwise>,MTQ,50.0,0.6406,1e-06,0.16
44081000,"Coniferous veneer sheets and sheets for pl  wood, etc, =<6mm thick",FTK,7502564.108398,12815.43325,0.012815,2645.316
44083100,"Dark Red Meranti, Light Red Meranti & Mera  ti Bakau veneer & plywood sheet =<6mm",FTK,1416817.0625,3289.6405,0.00329,736.972
44083900,Tropical veneer sheets and sheets for plyw  od specified in Subhdg Note 1 to Ch44,FTK,128767554.462835,232579.681708,0.23258,50185.219
44089000,"Veneer sheets and sheets for plywood and o  her wood, =<6mm thick, nes",FTK,58668003.048355,97866.413385,0.097866,21174.191
44091000,"Coniferous wood, continuously shaped along  any of its edges or faces",MTQ,0.925,222.91693,0.000223,81.26
44092100,"Non-coniferous,wood continuously shaped along any of edges ends or facesa Of bamboo",MTQ,5018.603,24.07641,2.4e-05,8.78
44092200,"Non-coniferous,wood continuously shaped along any of its edges ends of tropical wood",MTQ,500.0,6.78163,7e-06,2.473
44092900,"Other - Non-coniferous, wood continuously   haped along any of its edges ends or",MTQ,86.525,91.901381,9.2e-05,38.306
44101100,Particle board of wood,MTQ,66441.05404,99583.42191,0.099583,27943.504
44101900,Other - Similar board of wood,MTQ,10.0,6.406,6e-06,2.401
44109000,Particle board and similar board of ligneo  s materials,MTQ,149.6227,3283.693516,0.003284,1078.291
44111200,"Medium density fiberboard (MDF), of a thickness not exceeding 5 mm",MTQ,406393.713092,22670.648526,0.022671,8228.594
44111300,"Medium density fiberboard (MDF), Of a thickness exceeding 5mm but not exceeding 9mm",MTQ,8801.032285,19592.734829,0.019593,7755.419
44111400,"Medium density fiberboard (MDF), Of a thickness exceeding 9 mm",MTQ,12489.127629,26985.186247,0.026985,10030.73
44119200,Other fiberboard of wood or other ligneous materials of a density exceeding 0.8g/cm3,MTQ,7053.726372,21455.433653,0.021455,8320.11
44119400,Other fiberboard of wood or other ligneous materials of a density < 0.5g/cm3,MTQ,57.390401,2661.808325,0.002662,1029.862
44121000,"Plywood, Veneered Panels and similar lamin  ted wood of bamboo",MTQ,527.815001,677.468121,0.000677,291.453
44123100,With at least one outer ply of tropical woo  specified in Subhead. Note 2 to this,MTQ,12096.591527,36320.730354,0.036321,11347.888
44123300,"Other, with at least one outer ply of non-coniferous wood of the species alder (Alnus",MTQ,4080.0,747.723383,0.000748,321.253
44123400,"Other, with at least one outer ply of non-coniferous wood not specified under subhe",MTQ,297.0,49.281148,4.9e-05,21.166
44123900,Other plywood consisting solely of sheets   f wood,MTQ,1075.086702,11122.157124,0.011122,3769.136
44124100,Laminated veneered lumber (LVL) With at least one outer ply of tropical wood,MTQ,50.0,6.97583,7e-06,2.998
44125900,"Blockboard, laminboard & battenboard Other, with both outer plies of coniferous wood",MTQ,0.8483,27.624289,2.8e-05,11.864
44129900,"Other, with both outer plies of coniferous wood",Kg,98577.7,6029.920152,0.00603,1498.927
44130000,"Densified wood, in blocks, plates, strips   r profile shapes",Kg,39.0,7.5443,8e-06,3.247
44141000,"Wooden frames for paintings, photographs, mirrors or similar objects Of tropical wood",Kg,1551.5,280.525,0.000281,103.888
44149000,"Wooden frames for paintings, photographs, mirrors or similar objects of other wood",Kg,7766.08,1647.150812,0.001647,644.286
44151000,"Cases, boxes, crates, drums and similar pa  kings of wood; cable-drums",PCS,14995.0,1917.753329,0.001918,281.699
44152000,"Pallets, box pallets and other load boards  of wood; pallet collars of wood",PCS,7155.0,187.530652,0.000188,47.136
44160000,"Casks, barrets, vats, tubs, etc, and parts  thereof, of wood",PCS,810.0,46915.506838,0.046916,11401.221
44170000,"Tools, broom or brush bodies of wood ; boot or shoe trees of wood",Kg,46211.4,3516.003829,0.003516,889.503
44181900,"Windows, French-windows and their frames of Other wood",PCS,40.0,3.4446,3e-06,1.484
44182100,Doors and their frames and thresholds Of tropical wood,PCS,6169.0,21768.058533,0.021768,7253.912
44182900,Doors and their frames and thresholds of Other wood,PCS,1048.02,6852.452308,0.006852,2670.304
44184000,"Shuttering for concrete constructional wor  , of wood",Kg,122600.0,11375.82416,0.011376,4885.48
44187300,Assembled flooring panels Of bamboo or with at least top layer(wear layer)of bamboo,SQM,294.044403,803.521813,0.000804,345.075
44187400,"Other, for mosaic floors",SQM,5896.5,4414.8675,0.004415,1896.032
44187500,"Other, multilayer",SQM,3021.370056,6231.709154,0.006232,2676.286
44187900,Other assembled flooring panels,SQM,98680.767086,79045.311124,0.079045,32970.546
44189100,"Other Builders' joinery & carpentry, panels, flooring, shingles & shakes Of Bamboo",Kg,7.0,0.5693,1e-06,0.246
44189900,"Other Builders' joinery&carpentry, panels, flooring, shingles&shakes (exl bamboo&wood",Kg,114042.750153,22807.355919,0.022807,9898.961
44191100,"Bread boards, chopping boards and similar boards of bamboo",Kg,31187.94003,9009.920938,0.00901,3359.551
44191200,Chopsticks of bamboo,Kg,1404.549998,400.14013,0.0004,151.173
44191900,Other tableware and kitchenware of bamboo,Kg,6293.670007,2816.267985,0.002816,1019.803
44192000,Tableware and kitchenware Of tropical wood,Kg,990.93,156.669656,0.000157,59.076
44199000,Tableware and kitchenware of other wood,Kg,22683.284003,6431.809664,0.006432,2371.264
44201100,Statuettes and other ornaments Of tropical wood (not falling in Chapter 94,Kg,4.6,2.91001,3e-06,0.305
44201900,Other Statuettes and other ornaments (not falling in Chapter 94),Kg,75.3,147.079407,0.000147,53.614
44209000,"Wood marquetry, inlaid wood; caskets & cases for jewellery a similar article of wood",Kg,2503.121,1266.082798,0.001266,456.776
44211000,Clothes hangers of wood,Kg,21157.700001,6090.954829,0.006091,2225.84
44219130,Tooth-picks,Kg,17539.5,6595.088771,0.006595,2423.055
44219190,other article of bamboo,Kg,41632.52,6240.749925,0.006241,1588.043
44219910,"Spools, bobbins, reels and the like of wood",Kg,3490.36,1140.130832,0.00114,341.609
44219920,Matchsplints of wood,Kg,1410.0,428.512402,0.000429,128.345
44219930,Tooth-Picks of wood,Kg,7360.0,2519.275658,0.002519,965.201
44219990,Others article of wood,Kg,105656.899942,18748.898156,0.018749,6377.889
45019000,"Waste cork; crushed, granulated or ground   ork.",Kg,137.209999,82.89093,8.3e-05,15.465
45031000,Corks and stoppers of natural cork,Kg,2.0,15.49687,1.5e-05,2.891
45039000,"Articles of natural cork, nes",Kg,3.84,3.17955,3e-06,0.959
45041000,"Blocks, tiles of any shape, solid cylin der , of agglomerated cork",Kg,913.7,491.883774,0.000492,147.338
45049000,"Agglomerated cork; articles of agglomerate   cork, nes",Kg,5.01,4.60479,5e-06,1.445
46012100,"Mats, mattings and screens of vegetables m  terials of bamboo",PCS,1032.0,64.56083,6.5e-05,15.691
46012900,"Other - mats, mattings and screens of vege  ables materials.",PCS,256.0,13.81201,1.4e-05,3.371
46019300,Other plaints & similar products of plaiti  g  materials of rattan,PCS,2.0,0.87955,1e-06,0.214
46019900,"Plaiting materials (excl vegetable), in s h et form.",PCS,2000.0,0.15148,0.0,0.0
46021100,"Basket work, wicker work & other articles   f bamboo",PCS,10402.0,234.617172,0.000235,70.38
46021200,"Basket work, wicker work & other articles   f rattan",PCS,13.0,6.37438,6e-06,1.919
46021900,"Other - basket work, wicker work & other a  ticles",PCS,7725.510132,1167.378292,0.001167,259.454
46029000,Articles of plaiting materials (excl of v e etable material),PCS,10.0,23.47687,2.3e-05,7.036
47031100,"Unbleached coniferous chemical wood pulp,   oda or sulphate, nes",Kg,53748.0,5902.7665,0.005903,1100.932
47032100,"Semi-bleached or bleached coniferous chemi  al wood pulp, soda, nes",Kg,271226.300415,46113.176078,0.046113,4008.968
47032900,"Semi- or bleached non-coniferous chemical   ood pulp, soda, nes.",Kg,200742.0,20711.326,0.020711,3277.634
47050000,Wood pulp obtained by a combination of mec  anical & chemical pulping process,Kg,20.0,23.165699,2.3e-05,4.387
47072000,"Paper or paperboard made mainly of bleache   chemical pulp, not coloured in the m",Kg,191372.0,11653.784875,0.011654,1515.254
47073000,"Paper or paperboard made mainly of mechani  al(eg newspapers,journals & simmiler",Kg,144.0,7.04662,7e-06,1.723
47079000,"Recovered (Waste and scrap)  paper or pape  board, nes",Kg,477088.0,26775.20275,0.026775,3481.428
48010000,Newsprint paper in rolls or sheets,Kg,417883.0,53701.1725,0.053701,1725.518
48021000,Hand-made paper and paperboard,Kg,3572.633,786.643855,0.000787,236.602
48022000,Paper and paperboard as a base for photo-s  nsitive paper,Kg,27913.0,2875.48029,0.002875,862.328
48025400,Other paper & paperboard weighing less tha   40 g/m2,Kg,46945.120117,7555.362412,0.007555,2263.937
48025500,"Paper & paperboard weighing 40 g/m2 or mor   but not more than 150 g/m2, in rolls",Kg,1781346.923553,191217.222329,0.191217,56941.472
48025600,"Paper weighing >=40 g/m2 &<= 150 g/m2,in s  eets,sides >= 435mm & <= 297mm,unfold",Kg,2079198.881409,270300.617188,0.270301,80617.068
48025700,Other paper & paperboard weighing 40 g/m2   r more but not more than 150 g/m2,Kg,1384571.710491,152911.513207,0.152912,45802.274
48025800,Paper & paperboard weighing more than 150   /m2.,Kg,816.9,373.803,0.000374,112.189
48026100,"Paper (>10% of mechanical fibres), unco ate , in rolls, nes.",Kg,66744.340098,7749.928369,0.00775,2321.509
48026200,Paperin sheets with one side >= 435mm an d  ther side <= 297mm in the unfolded s.,Kg,310602.5,46072.17172,0.046072,13798.816
48026900,"Other paper or paperboard, >10% of mechani  al or semi mechanical process fibre n",Kg,279640.1,31569.784515,0.03157,9455.934
48030000,"Toilet similar paper used for household  or sanitory purposes, in rolls or shee",Kg,537813.398438,96788.850871,0.096789,25841.569
48041100,"Unbleached kraftliner, uncoated, in rolls   r sheets",Kg,507513.300003,28926.432609,0.028926,6135.044
48041900,"Kraftliner, uncoated (excl unbleached), i n rolls or sheets.",Kg,11559.959998,1078.506991,0.001079,323.019
48042100,"Unbleached sack kraft paper, uncoated, in   olls or sheets",Kg,52902.0,4155.980195,0.004156,1590.889
48042900,"Sack kraft paper (excl unbleached), uncoated, in rolls or sheets",Kg,386.5,85.484741,8.5e-05,25.607
48043100,"Unbleached kraft paper, weighing =<150g /m2",Kg,2007988.000183,120499.527662,0.1205,25671.648
48043900,"Kraft paper (excl unbleached), weighin g =< 50g/m2",Kg,57020.560001,7167.066471,0.007167,1578.548
48044100,"Unbleached kraft paper, weighing >150g/ m2  ut <225g/m2.",Kg,15080.0,1630.749934,0.001631,490.528
48044900,"Kraft paper, weighing >150g/m2 but <225 g/m , nes",Kg,1325.0,101.565797,0.000102,30.487
48045100,"Unbleached kraft paper, weighing >=225g /m2",Kg,97199.299988,5458.854117,0.005459,1172.958
48045900,"Kraft paper, weighing >=225g/m2, nes",Kg,53690.0,4542.139418,0.004542,1553.907
48051900,Other fluting paper,Kg,12468.0,1722.522424,0.001723,516.042
48052400,Papera testliner (recycled liner board) we  ghing 150 g/m2 or less,Kg,275.0,48.615871,4.9e-05,14.562
48053000,"Sulphite wrapping paper, in rolls or sheet",Kg,12481.155,1719.670337,0.00172,515.072
48054000,"Filter paper and paperboard, in rolls or s  eets",Kg,1301.239985,743.940223,0.000744,223.217
48059100,"Other paper, weighing 150 g/m2 or less",Kg,176956.999365,35349.873205,0.03535,9136.122
48059200,"Other paper,weighing more than 150 g/m2 bu   less than 225 g/m2.",Kg,22906.800171,2606.671453,0.002607,480.799
48059300,"Other paper, weighing 225 g/m2 or more",Kg,53777.296366,3910.844122,0.003911,829.639
48062000,"Greaseproof papers, in rolls or sheets",Kg,1509.489994,748.083431,0.000748,224.21
48063000,"Tracing papers, in rolls or sheets",Kg,1562.37,461.062008,0.000461,138.299
48064000,Glassine and other glazed transparent or t  anslucent papers in rolls or sheets,Kg,90.1,24.366631,2.4e-05,7.3
48070000,"Composite paper and paperboard, not surfac  -coated or impregnated, in rools or s",Kg,78086.509992,5472.684469,0.005473,1201.709
48081000,"Corrugated paper and paperboard, whether o   not perforated in rolls or sheets",Kg,767.44,182.851903,0.000183,54.839
48084000,"Kraft paper, creped or crinkled, whether or not embossed or perforated",Kg,31.85,16.5398,1.7e-05,4.956
48089000,"Paper and paperboard, corrugated, creped,   tc, in rolls or sheets, nes",Kg,2896.2,462.205221,0.000462,138.601
48092000,"Self-copy paper, in rolls or sheets",Kg,27976.80069,6028.227844,0.006028,1805.594
48099000,"Carbon paper, Copying or transfer papers,   es, in rolls or sheets",Kg,20305.179658,5878.433583,0.005878,1721.623
48101300,Paperin rolls of a kind used for writin g & printing  <=10% byfibre contant,Kg,29597.130101,5303.607383,0.005304,1887.729
48101400,Paper &In sheets with one side <= 435mm  an  otherside <= 297mm in the unfolded,Kg,551.0,106.457583,0.000106,37.906
48101900,"Other paper & paperboardgarphics purpose ,o  which >10%  or chemi-mechanical p",Kg,459940.448658,53928.426158,0.053928,19199.523
48102200,"Light-weight coated paper&paperboard of a   ind used for writing,printing of whi.",Kg,19563.0,3673.550187,0.003674,1308.313
48102900,"Other Paper & paperboard for writing, p rin ing etc, >10% mechanical fibres, co",Kg,7489.0,1603.810381,0.001604,571.441
48103200,"Kraft paper & paperboard, bleached, >95 % c emical fibres, >150g/m2",Kg,26646.0,2981.027187,0.002981,1061.314
48103900,"Other kraft paper and paperboard, nes",Kg,8065.400085,2041.220311,0.002041,727.072
48109200,Other paper  paperboard: multi-ply,Kg,1007867.339136,105498.523754,0.105499,37560.521
48109900,"Other paper and paperboard, nes",Kg,463758.794749,62543.266584,0.062543,22267.815
48111000,"Tarred, bituminized or asphalted paper and  paperboard",Kg,1036.680007,529.600406,0.00053,188.617
48114100,Self-adhesive paper & paperboard  .,Kg,229397.706403,65276.330209,0.065276,23267.837
48114900,"Other gummed paper & paperboard  celluos e  heading 4803,4809 or 4810",Kg,21856.820117,5285.751851,0.005286,1884.451
48115190,"Paper & paperboard,  celluose bleached , we ghing more than 150 g/m2.",Kg,12066.570226,2567.48111,0.002567,914.174
48115910,Aseptic packaging paper bleached weighing less than 150 gm per square meter,Kg,961415.544586,325295.547986,0.325296,82312.734
48115990,Other packaging paper bleached weighing less than 150 gm per square meter,Kg,50859.790302,12538.586763,0.012539,4464.639
48116000,"Paper and paperboard, coated, impregnated   r covered with wax, paraffin wax, ste",Kg,2021.5,692.94841,0.000693,247.141
48119010,Marbled paper  .,Kg,2560.0,219.568283,0.00022,78.298
48119090,"Other paper & paperboard, cellulose waddin   & webs of cellulose fibres nes",Kg,363149.980361,108607.393499,0.108607,32523.742
48131000,Cigarette paper in the form of booklets or  tubes,Kg,11643.679985,5994.047344,0.005994,1795.417
48132000,Cigarette paper in rolls of a width =<5cm,Kg,55082.660767,21292.313868,0.021292,6377.52
48139000,"Cigarette paper, nes  .",Kg,3628.359901,2165.368827,0.002165,648.665
48142000,"Wallpaper&similar wall coverings, consisti  g,of paper coated with a layer of p",Kg,6733.32,5172.202933,0.005172,2543.9
48149000,"Wallpaper and other wall coverings; window  transparencies of paper, nes.",Kg,602.0,119.499407,0.000119,58.842
48162000,Self-copy paper,Kg,59.49,33.44854,3.3e-05,10.028
48169000,"Carbon paper, copying or transfer paper, n  s; offset plates, of paper",Kg,4803.0,2197.016598,0.002197,658.555
48171000,Envelopes of paper or paperboard  .,Kg,12142.309999,2879.679234,0.00288,1038.16
48172000,"Letter cards, plain postcards and correspo  dance cards of paper or paperboard",Kg,914.42,102.22963,0.000102,38.605
48173000,"Boxes, pouches, wallets & writing, of p ape  or paperboard containing paper sta",Kg,4548.639996,830.060599,0.00083,295.649
48181000,Toilet paper,Kg,23836.630032,7652.926055,0.007653,3148.089
48182000,"Handkerchiefs, cleansing or facial tissues  & towel of paper pulp, paper.",Kg,34573.850153,13484.968945,0.013485,5754.486
48183000,Tablecloths and serviettes of paper,Kg,2103.130003,749.211759,0.000749,317.817
48185000,Articles of apparel and clothing accessori  s of paper,Kg,1757.0,490.664062,0.000491,207.948
48189000,"Household, sanitary or hospital articles o   paper, etc, nes",Kg,68828.890032,24088.399056,0.024088,6426.211
48191010,Egg creates,Kg,4221.0,640.681106,0.000641,0.036
48191090,"Cartons, boxes and cases, of corrugated pa  er or paperboard",Kg,354405.181851,65429.809577,0.06543,17773.023
48192000,"Folding cartons, boxes and cases, of non-c  rrugated paper or paperboard.",Kg,742843.386701,232860.880527,0.232861,45788.498
48193000,"Sacks and bags, having a base of a width o   >=40cm of paper, paperboard.",Kg,19464.571862,5111.414147,0.005111,931.196
48194000,"Sacks and bags, including cones of paper,   aperboard, nes",Kg,18317.899977,4582.893128,0.004583,1335.157
48195000,"Packing containers, including record sleev  s, of paper, nes",Kg,80588.626287,17061.626732,0.017062,3619.346
48196000,"Box files, letter trays, storage boxes, et  , of paper",Kg,57983.470041,11478.497439,0.011478,4094.969
48201000,"Registers,accbooks,note books,order&recei p  books,letpad,memopadofpaper,pap.",Kg,69614.787321,26516.244226,0.026516,13001.68
48202000,Exercise-books of paper,Kg,6398.0,1008.469172,0.001008,359.283
48203000,"Binders (other than book covers), folders   nd file covers of paper or paperboard",Kg,7343.605221,1940.21638,0.00194,917.27
48205000,Albums for stamps or for collections of pa  er or paperboard,Kg,12873.73,4050.333588,0.00405,1910.679
48209000,"Blotting pads, book covers and other artic  es of stationery of paper or paperboa",Kg,3185.922403,1565.239285,0.001565,734.602
48211000,Printed paper or paperboard labels of all   inds,Kg,111826.833237,86750.569615,0.086751,24494.2
48219000,Paper or paperboard labels of all kinds (e  cl printed).,Kg,42415.028793,15061.496355,0.015061,5151.478
48221000,"Bobbins, spools, cops &similar supports, o   paper or paperboard for winding text",Kg,176977.88,21549.105699,0.021549,1460.501
48229000,"Bobbins, spools,cops and similar supports   f paper or paperboard, nes",Kg,18296.800002,2230.79458,0.002231,622.316
48232010,Tea bag filter paper  .,Kg,36.74,32.93993,3.3e-05,8.016
48232090,Other filter paper & paper boards,Kg,804.640001,1677.099216,0.001677,502.596
48234010,"Cardiograph,ultrasonography,spirometre,enc  phalograph and fetal monotering paper",Kg,5284.899966,4515.923147,0.004516,1098.467
48234090,Other self recording apparatus(papers),Kg,2556.41,1956.264014,0.001956,586.117
48236100,"Trays, dishes, plates, cups & the like of   aper or paperboard of bamboo.",Kg,4986.639857,5614.137189,0.005614,2759.984
48236900,"Other - Trays, dishes, plates, cups & the   ike of paper or paperboard",Kg,165771.479589,24252.349331,0.024252,9598.861
48237000,Moulded or pressed articles of paper pulp,Kg,23009.950033,7115.104649,0.007115,2941.707
48239000,"Paper and paperboard, cut to size and arti  les of paper, etc, nes",Kg,113813.659981,31355.156541,0.031355,6770.264
49011000,"Printed books,brochures,leaflets&similar p  inted matter,in single sheets, whethe",PCS,963562.0,50478.202886,0.050478,431.995
49019900,"Printed books, brochures, leaflets and similar printed matter, nes",PCS,208008.0,81236.333857,0.081236,553.545
49029000,"Newspapers, journals and periodicals, appe  ring less than four times a week.",Kg,150.3,797.404503,0.000797,0.715
49030000,"Children's picture, drawing or colouring books",PCS,31820.0,4047.150063,0.004047,721.8
49040000,"Music, printed or in manuscript, whether o   not bound or illustrated",PCS,50.0,32.03,3.2e-05,3.268
49059000,"Maps and hydrographic or similar charts of all kinds, atlases, etc not in book form",Kg,1968.2433,1057.721853,0.001058,257.46
49070040,Passport,Kg,0.4,2.05974,2e-06,0.31
49070050,Excise tickets (Sticker),Kg,25619.0,58290.910922,0.058291,0.13
49070060,"Cheque form, check book",Kg,0.1,4.08977,4e-06,0.679
49070090,"Unused postage, stamp-impressed paper;  ban  note, stock, share, cheque forms,",Kg,638.73,154.96012,0.000155,26.141
49081000,"Transfers (decalcomanias), vitrifiable   .",Kg,1002.33,1295.443393,0.001295,277.8
49089000,Transfers (decalcomanias) (excl vitrifiab l ),Kg,2463.8,1072.915387,0.001073,260.853
49090000,"Printed or illustrated postcards; printed   ards bearing greetings, messages etc.",PCS,22835.0,1209.945646,0.00121,431.234
49100010,Traditional Calender,PCS,32.0,5.38104,5e-06,0.065
49100090,"Other Calendars of any kind, printed, including calendar blocks",PCS,130.0,114.551392,0.000115,22.911
49111000,"Trade advertising material, commercial cat  logues and the like",Kg,44755.310038,16620.647767,0.016621,5956.262
49119100,"Pictures, designs and photographs   .",Kg,14733.039995,3618.221992,0.003618,1353.0
49119910,Computer Software's Printed Manual  .,Kg,57.366,293233.840627,0.293234,54691.318
49119920,Recharge Cards  .,Kg,10950.0,6886.45,0.006886,2451.642
49119930,Printed tickets for travelling purpose,Kg,100.0,55.114199,5.5e-05,19.752
49119990,Other Printed Materials  .,Kg,15324.497015,10411.575689,0.010412,2207.635
50020000,Raw silk (not thrown),Kg,778.660024,2917.46353,0.002917,544.177
50030000,"Silk waste (including cocoons unsuitable fo  reeling,yarn waste and garnetted sto",Kg,9.35,134.401516,0.000134,0.0
50040000,"Silk yarn (excl spun from silk waste), no t put up for retail sale",Kg,151.341001,1958.050462,0.001958,18.846
50050000,"Yarn spun from silk waste, not put up for   etail sale",Kg,9740.739904,36044.29205,0.036044,4069.473
50060000,"Silk yarn & yarn spun from silk waste, put  up for retail sale; silk-worm gut",Kg,2537.899994,6167.533031,0.006168,1150.509
50071000,Woven fabrics of noil silk,SQM,1.0,0.46362,0.0,0.0
50072000,"Woven fabrics of silk,containing>=85% weig  t of silk/of silk waste other than no",SQM,18887.765993,14083.111593,0.014083,118.948
50079000,"Woven fabrics, containing <85% weight of s  lk or of silk waste",SQM,9190.563002,2873.380292,0.002873,728.313
51011100,"Greasy shorn wool, not carded or combed",Kg,2423.5,347.390135,0.000347,45.37
51011900,"Greasy wool (excl shorn), not carded or c o bed.",Kg,22070.0,9100.6654,0.009101,1183.217
51012100,"Degreased shorn wool, not carbonised, not   arded or combed.",Kg,722258.5,446596.932119,0.446597,58060.095
51031000,"Noils of wool or of fine animal hair, not   arnetted stock",Kg,1000.0,1253.29025,0.001253,233.805
51052900,Wool tops and combed wool (excl in fragme n s),Kg,627.899988,1963.28886,0.001963,366.29
51053900,"Other, fine animal hair, carded or combed",Kg,2218.949976,6623.152436,0.006623,1488.163
51054000,"Coarse animal hair, carded or combed  .",Kg,0.28,0.20848,0.0,0.041
51061000,"Yarn of carded wool, not put up for retail  sale, with >=85% weight of wool",Kg,2719.097998,16876.908697,0.016877,729.412
51062000,"Yarn of carded wool, not put up for retail  sale, with <85% weight of wool",Kg,4174.788023,23635.391131,0.023635,2599.893
51071000,"Yarn of combed wool, not put up for retail  sale, with >=85% weight of wool",Kg,59821.397635,67763.722132,0.067764,7215.988
51072000,"Yarn of combed wool, not put up for retail  sale, with <85% weight of wool",Kg,2197.063994,9987.351631,0.009987,803.859
51081010,Carded Pasmina (Cashmere Yarn),Kg,13951.765019,284263.880224,0.284264,16211.786
51081020,Carded Blended Protein Fiber Yarn,Kg,1.0,9.20294,9e-06,1.367
51081090,"Carded yarn of fine animal hair, not put u   for retail sale",Kg,2716.289983,32653.217961,0.032653,1866.512
51082010,Combed Pasmina (Cashmere Yarn),Kg,6563.99203,134098.864465,0.134099,3145.099
51082090,"Combed yarn of fine animal hair, not put u   for retail sale",Kg,1656.010001,25167.48594,0.025167,876.903
51091010,"Pasmina (Cashmere Yarn), Yarn of wool, with >=85% weight of wool or fine animal hair",Kg,1610.980029,2713.28706,0.002713,506.095
51091090,"otherYarn of wool, with>=85% weight of wool or of fine animal hair, put up for retail",Kg,11488.339572,9777.280606,0.009777,1823.669
51099010,"Yarn of wool, with <85% weight of wool or of fine animal hair, put up for retail",Kg,0.6,1.39776,1e-06,0.261
51099090,"other Yarn of wool,with <85% weight of wool or animal hair, put up for ret ex pasmina",Kg,4285.820024,9714.992219,0.009715,1812.006
51111900,"Woven fabrics, with >=85% carded wool or o   fine animal hair, >300g/m2",SQM,8419.911667,3066.398898,0.003066,633.556
51112000,"Woven fabrics of carded wool, mixed with m  n-made filaments",SQM,7229.319092,3553.060383,0.003553,30.783
51113000,"Woven fabrics of carded wool, mixed with m  n-made staple fibres",SQM,1565.520504,370.395365,0.00037,113.265
51119000,"Other woven fabrics of carded wool or card  d fine animal hair, nes",SQM,9858.877075,2276.81418,0.002277,422.351
51121100,"Woven fabrics with >=85% combed wool or of  fine animal hair, =<200g/m2 by weight",SQM,14.4,15.14389,1.5e-05,4.607
51121900,"Woven fabrics with >=85% combed wool or of  fine animal hair, >200g/m2 by weight.",SQM,7076.049991,1345.755079,0.001346,384.311
51129000,"Woven fabrics of combed wool or of combed   ine animal hair, nes",SQM,66.0,8.50071,9e-06,0.065
52010000,"Cotton, not carded or combed  .",Kg,34817.601,9207.887758,0.009208,1464.078
52021000,Yarn waste (including thread waste),Kg,54.0,2.99507,3e-06,0.563
52029100,Garnetted stock of cotton,Kg,1660.0,143.590484,0.000144,26.846
52030000,"Cotton, carded or combed  .",Kg,235950.98999,22582.320033,0.022582,4055.673
52041100,"Cotton sewing thread, with >=85% weight of  cotton, not put up for retail sale",Kg,4288.88,1258.854535,0.001259,239.086
52041900,"Cotton sewing thread, with <85% weight of   otton, not put up for retail sale",Kg,18184.5,3808.46359,0.003808,718.335
52042000,"Cotton sewing thread, put up for retail sa  e",Kg,3126.69,1288.488789,0.001288,246.52
52051100,"Uncombed single cotton yarn, with >=85% co  ton, nprs, <=14mn",Kg,198522.480039,35323.509247,0.035324,5471.571
52051200,"Uncombed single cotton yarn, with >=85% co  ton, nprs, >14mn but <=43mn",Kg,277579.090324,89041.814957,0.089042,13497.5
52051300,"Uncombed single cotton yarn, with >=85% co  ton, nprs, >43mn but <=52mn",Kg,131994.081505,58092.859569,0.058093,8238.826
52051400,"Uncombed single cotton yarn, with >=85% co  ton, nprs, >52mn but <=80mn",Kg,41678.640625,20323.64875,0.020324,2892.591
52051500,"Uncombed single cotton yarn, with >=85% co  ton, nprs, >80mn",Kg,480.0,162.955813,0.000163,30.457
52052100,"Combed single cotton yarn, with >=85% cott  n, nprs, <=14mn.",Kg,5175.750008,2194.821782,0.002195,0.065
52052200,"Combed single cotton yarn, with >=85% cott  n, nprs, >14mn but <=43mn",Kg,129727.91687,63021.985636,0.063022,8914.85
52052300,"Combed single cotton yarn, with >=85% cott  n, nprs, >43mn but <=52mn",Kg,175987.899696,85573.381327,0.085573,12115.035
52052400,"Combed single cotton yarn, with >=85% cott  n, nprs, >52mn but <=80mn",Kg,13938.599951,8345.45929,0.008345,1179.217
52052800,"Combed single cotton yarn, with >=85% cott  n, nprs, >120mn.",Kg,110.0,14.19246,1.4e-05,2.774
52053200,"Uncombed cabled cotton yarn, with >=85% co  ton, nprs, >14mn but <=43mn per singl",Kg,11166.559992,7565.807657,0.007566,1280.718
52053300,"Uncombed cabled cotton yarn, with >=85% co  ton, nprs, >43mn but <=52mn per singl",Kg,5040.0,2548.146656,0.002548,360.254
52053400,"Uncombed cabled cotton yarn, with >=85% co  ton, nprs, >52mn but <=80mn per singl",Kg,70514.0,35034.974656,0.035035,5503.716
52054100,"Combed cabled cotton yarn, with >=85% cott  n, nprs, <=14mn per single yarn",Kg,891.4,623.027717,0.000623,110.739
52054200,"Combed cabled cotton yarn, with >=85% cott  n, nprs, >14mn but <=43mn per single",Kg,2157.199997,1930.25465,0.00193,360.128
52054300,"Combed cabled cotton yarn, with >=85% cott  n, nprs, >43mn but <=52mn per single",Kg,636.099976,550.104,0.00055,77.796
52054400,"Combed cabled cotton yarn, with >=85% cott  n, nprs, >52mn but <=80mn per single",Kg,8726.090005,5440.829739,0.005441,1007.647
52054700,"Combed cabled cotton yarn, with >=85% cott  n, nprs, >94mn but <=120mn per single",Kg,30.62,232.97667,0.000233,43.522
52054800,"Combed cabled cotton yarn, with >=85% cott  n, nprs, >120mn per single yarn",Kg,7378.0,8321.341645,0.008321,1552.197
52061100,"Uncombed single cotton yarn, with <85% cot  on, nprs, <=14mn",Kg,3581.699951,1098.931606,0.001099,205.218
52061200,"Uncombed single cotton yarn, with <85% cot  on, nprs, >14mn but <=43mn",Kg,8224.62001,2484.44025,0.002484,463.618
52061300,"Uncombed single cotton yarn, with <85% cot  on, nprs, >43mn but <=52mn",Kg,11037.5,4082.927625,0.004083,761.535
52061500,"Uncombed single cotton yarn, with <85% cot  on, nprs, >80mn.",Kg,20.0,1.6015,2e-06,0.3
52062100,"Combed single cotton yarn, with <85% cotto  , nprs, <=14mn",Kg,15.0,1.68252,2e-06,0.405
52062200,"Combed single cotton yarn, with <85% cotto  , nprs, >14mn but <=43mn.",Kg,4995.269951,2202.050054,0.002202,402.842
52062300,"Combed single cotton yarn, with <85% cotto  , nprs, >43mn but <=52mn.",Kg,4471.200195,1918.327625,0.001918,357.834
52062400,"Combed single cotton yarn, with <85% cotto  , nprs, >52mn but <=80mn.",Kg,99.700001,65.240031,6.5e-05,12.17
52063200,"Uncombed cabled cotton yarn, with <85% cot  on, nprs, >14mn but <=43mn per single",Kg,18070.0,2775.919949,0.002776,517.989
52064200,"Combed cabled cotton yarn, with <85% cotto  , nprs, >14mn but <=43mn per single y",Kg,67.42,109.50435,0.00011,8.566
52064500,"Combed cabled cotton yarn, with <85% cotto  , nprs, >80mn per single yarn",Kg,616.88,194.329254,0.000194,15.735
52071000,"Cotton yarn (excl sewing), put up for ret a l sale, with >=85% cotton",Kg,724.599994,496.029861,0.000496,92.715
52079000,"Cotton yarn (excl sewing), put up for ret a l sale, with <85% cotton.",Kg,3407.599998,1196.099355,0.001196,223.54
52081100,"Unbleached plain cotton weave, with >=85%   otton, =<100g/m2 by weight",SQM,574213.055021,29994.112875,0.029994,6446.397
52081200,"Unbleached plain cotton weave, with >=85%   otton, >100g/m2 but <200g/m2  by weig",SQM,647863.941376,14727.385026,0.014727,3490.127
52081300,"Unbleached 3 or 4-thread twill, (incl cro s  twill) with >=85% cotton,<200g/m2 by",SQM,896.279999,180.063957,0.00018,33.839
52081900,"Unbleached woven cotton fabrics, nes, with  >=85% cotton, <200 g/m2 by weight",SQM,62568.129999,5882.882676,0.005883,2053.584
52082100,"Bleached plain cotton weave, with >=85% co  ton, =<100g/m2 by weight",SQM,1067837.49585,37546.927021,0.037547,8933.94
52082200,"Bleached plain cotton weave, with >=85% co  ton, >100g/m2 by weight",SQM,165238.136551,14861.718363,0.014862,3429.206
52082300,"Bleached 3 or 4-thread twill (incl cross  t ill), with >=85% cotton, <200 g/m2 by",SQM,2570.475037,441.063117,0.000441,82.26
52082900,"Bleached woven cotton fabrics, nes, with >  85% cotton, <200 g/m2 by weight",SQM,118309.105093,15425.66621,0.015426,4090.273
52083100,"Dyed plain cotton weave, with >=85% cotton   =<100g/m2 by weight",SQM,783707.931442,46614.288049,0.046614,9319.742
52083200,"Dyed plain cotton weave, with >=85% cotton   >100g/m2 but <200 g/m2 by weight",SQM,1272364.101082,83820.830539,0.083821,16493.898
52083300,"Dyed 3 or 4-thread twill (incl cross twil l , with >=85% cotton, <200 g/m2 by wei",SQM,21568.749832,2334.689645,0.002335,628.716
52083900,"Dyed woven cotton fabrics, with >=85% cott  n, <200 g/m2 by weight, nes",SQM,165207.974078,8873.117774,0.008873,2657.718
52084100,"Coloured plain cotton weave, with >=85% co  ton, =<100g/m2 <200 g/m2 by weight",SQM,168130.67041,11761.827961,0.011762,3522.81
52084200,"Coloured plain cotton weave, with >=85% co  ton, >100g/m2 but <200 g/m2 by weight",SQM,8952.711719,1482.159984,0.001482,175.195
52084300,"Coloured 3 or 4-thread twill (incl cross  t ill), with >=85% cotton,<200 g/m2 by",SQM,4069.84993,804.423653,0.000804,193.391
52084900,"Coloured woven cotton fabrics, with >=85%   otton, <200 g/m2 by weight, nes",SQM,8023.980103,1078.057211,0.001078,284.561
52085100,"Printed plain cotton weave, with >=85% cot  on, =<100g/m2 by weight",SQM,155431.05217,10305.087107,0.010305,2780.316
52085200,"Printed plain cotton weave, with >=85% cot  on, >100g/m2 but <200 g/m2 by weight.",SQM,1161439.028155,92644.015165,0.092644,21072.367
52085900,"Printed woven cotton fabrics, with >=85% c  tton, <200 g/m2 by weight, nes",SQM,145924.58625,13518.722767,0.013519,3334.439
52091100,"Unbleached plain cotton weave, with >=85%   otton, >=200g/m2 by weight",SQM,19188.470073,1321.395281,0.001321,396.094
52091200,"Unbleached 3 or 4-thread twill (incl cros s twill),with>=85% cotton,>=200 g/m2 by",SQM,17550.0,4219.321461,0.004219,1263.69
52091900,"Unbleached cotton fabrics, with >=85% cott  n, >=200g/m2 by weight, nes",SQM,31015.0,4400.532408,0.004401,1324.559
52092200,"Bleached 3 or 4-thread twill, >=85% cotton   >=200g/m2 by weight",SQM,5030.880005,1139.084188,0.001139,252.546
52092900,"Bleached woven cotton fabrics, with >=85%   otton, >=200g/m2 by weight, nes",SQM,12413.08017,780.517047,0.000781,121.319
52093100,"Dyed plain cotton weave, with >=85% cotton   >=200g/m2 by weight",SQM,6515.83844,781.629164,0.000782,214.447
52093200,"Dyed 3 or 4-thread twill (incl cross twil l , with >=85% cotton, >=200g/m2 by wei",SQM,450152.875488,53293.985891,0.053294,12098.809
52093900,"Dyed woven cotton fabrics, with >=85% cott  n, >=200g/m2 by weight, nes",SQM,5765.0,379.774563,0.00038,169.698
52094100,"Coloured plain cotton weave, with >=85% co  ton, >=200g/m2 by weight",SQM,98.0,32.33803,3.2e-05,22.983
52094200,"Coloured denim cotton weave, with >=85% co  ton, >=200g/m2 by weight",SQM,3309341.033143,417390.285547,0.41739,86313.204
52094300,"Coloured 3 or 4-thread twill, (incl cross   will) with >=85% cotton, >=200g/m2 by",SQM,43318.73941,7254.628848,0.007255,2169.385
52094900,"Coloured woven cotton fabrics, with >=85%   otton, >200g/m2 by weight.",SQM,69239.22998,10549.666328,0.01055,3160.092
52095100,"Printed plain cotton weave, with >=85% cot  on, >200g/m2 by weight",SQM,50.0,1.12864,1e-06,0.339
52095200,"Printed 3 or 4-thread twill, (incl cross  t ill) with >=85% cotton, >200g/m2 by w",SQM,1362.709961,342.127875,0.000342,0.065
52095900,"Printed woven cotton fabrics, with >=85% c  tton, >200g/m2 by weight",SQM,315403.391113,30535.55513,0.030536,9145.808
52101100,"Unbleached plain cotton weave, with <85% c  tton, =<200g/m2 by weight.",SQM,3745.344971,675.833176,0.000676,202.561
52101900,"Unbleached woven cotton fabrics, nes, with  <85% cotton, =<200g/m2 by weight.",SQM,92.0,44.5217,4.5e-05,13.401
52102100,"Bleached plain cotton weave, with <85% cot  on, =<200g/m2 by weight",SQM,82176.681641,2486.418,0.002486,745.012
52102900,"Bleached woven cotton fabrics, nes, with <  5% cotton, =<200g/m2 by weight",SQM,230.0,19.815359,2e-05,6.001
52103200,"Dyed 3 or 4-thread twill, (incl cross twi l ) with <85% cotton, =<200g/m2 by weig",SQM,13579.499878,3854.395922,0.003854,109.761
52103900,"Dyed woven cotton fabrics, nes, with <85%   otton, =<200g/m2 by weight",SQM,3239.000031,477.186105,0.000477,142.985
52104100,"Coloured plain cotton weave, with <85% cot  on, =<200g/m2 by weight",SQM,353.519989,39.881301,4e-05,11.946
52104900,"Coloured woven cotton fabrics, nes, with <  5% cotton, =<200g/m2 by weight",SQM,1076.304993,128.96848,0.000129,38.628
52111100,"Unbleached plain cotton weave, with <85% c  tton, >200g/m2 by weight",SQM,14.1,7.85448,8e-06,2.356
52111200,"Unbleached 3 or 4-thread twill, (incl cro s  twill) with <85% cotton, >200g/m2 by",SQM,68.339996,47.298879,4.7e-05,14.167
52112000,"Bleached woven fabrics of cotton, with <85   cotton, >200g/m2 by weight",SQM,23.0,54.432582,5.4e-05,14.512
52113200,"Dyed 3 or 4-thread twill, (incl cross twi l ) with <85% cotton, >200g/m2 by weigh",SQM,51916.815918,5977.166375,0.005977,1790.428
52114200,"Coloured denim cotton weave, with <85% cot  on, >200g/m2 by weight",SQM,901001.29126,138736.234762,0.138736,40225.116
52114900,"Coloured woven cotton fabrics, nes, with <  5% cotton, >200g/m2 by weight.",SQM,9971.0,1407.34725,0.001407,438.524
52115100,"Printed plain cotton weave, with <85% cott  n, >200g/m2 by weight.",SQM,182.0,20.47037,2e-05,11.558
52115900,"Printed woven cotton fabrics, nes, with <8  % cotton, >200g/m2 by weight",SQM,5581.5,781.90525,0.000782,234.182
52121100,"Unbleached woven fabrics of cotton, =<200g  m2 by weight, nes.",SQM,655138.217712,30527.877937,0.030528,9072.987
52121200,"Bleached woven fabrics of cotton, =<200g/m   by weight, nes",SQM,1329914.054152,61900.43463,0.0619,18378.327
52121300,"Dyed woven fabrics of cotton, =<200g/m2 by  weight, nes",SQM,469021.507308,37848.97391,0.037849,10214.338
52121400,"Coloured woven fabrics of cotton, =<200g/m   by weight, nes",SQM,469070.795521,27608.706463,0.027609,8272.439
52121500,"Printed woven fabrics of cotton, =<200g/m2  by weight, nes",SQM,1567333.100109,93514.173189,0.093514,27356.829
52122100,"Unbleached woven fabrics of cotton, >200g/  2 by weight, nes",SQM,2066.5,356.862234,0.000357,106.951
52122300,"Dyed woven fabrics of cotton, >200g/m2 by   eight, nes.",SQM,89.639999,118.622243,0.000119,35.601
52122400,"Coloured woven fabrics of cotton, >200g/m2  by weight, nes",SQM,29193.220703,1364.47149,0.001364,408.662
52122500,"Printed woven fabrics of cotton, >200g/m2   y weight, nes.",SQM,149616.0,8638.136064,0.008638,2786.517
53031000,Raw Jute,Kg,2467066.0,418464.539685,0.418465,9.098
53039000,"Jute, etc (excl flax, true hemp and ramie )  nes; tow and waste of these fibres",Kg,6319991.12,1010390.38073,1.01039,10.976
53050000,"Coconut, abaca(Manila hemp or Musa  textil  s Nee), ramie & other vegetable texti",Kg,169891.0,9243.914397,0.009244,1732.418
53061000,Single flax yarn  .,Kg,2929.369995,3357.736937,0.003358,168.149
53062000,Multiple or cabled flax yarn  .,Kg,58.5,405.425779,0.000405,0.066
53071000,Single yarn of jute or of other textile ba  t fibres of heading 5303.,Kg,308500.0,62914.28467,0.062914,366.297
53072000,Multiple or cabled yarn of jute or of othe   textile bast fibres of heading 5303.,Kg,62418.6,12658.308461,0.012658,207.473
53081000,Coir yarn of other vegetable textile fibre,Kg,5.0,2.35119,2e-06,0.573
53091100,"Bleached or unbleached, woven fabrics of f  ax, with >=85% flax",SQM,2286.822823,472.776596,0.000473,72.333
53091900,"Woven fabrics of flax, with >=85% flax, ne",SQM,4161.778629,2316.045208,0.002316,693.735
53092900,"Woven fabrics of flax, with <85% flax, nes",SQM,50.0,1095.3995,0.001095,328.138
53101000,Unbleached woven fabrics of jute or of oth  r textile bast fibre of heading 5303.,SQM,12019.330078,2714.91675,0.002715,407.303
53109000,Woven fabrics of jute or other textile bas   fibres of heading 5303 (excl unble,SQM,32400.0,438.890219,0.000439,131.514
53110000,Woven fabrics of other vegetable textile f  bres; woven fabrics of paper yarn,SQM,22013.716,4866.12264,0.004866,1031.668
54011000,Sewing thread of synthetic filaments  .,Kg,76461.915097,31333.882192,0.031334,5841.024
54012000,Sewing thread of artificial filaments,Kg,86250.930024,24768.298761,0.024768,4327.795
54021100,High tenacity yarn of nylon or other polym  des of aramids,Kg,60.0,12.75938,1.3e-05,2.38
54021900,Other - high tenacity yarn of nylon or oth  r polymides.,Kg,17210.85,8627.101134,0.008627,1609.357
54022000,"High tenacity yarn of polyesters, nprs",Kg,1001.020003,386.825762,0.000387,72.216
54023100,"Textured yarn, of nylon or other polyamide  , =<50tex, nprs.",Kg,26309.0,12281.955716,0.012282,2290.924
54023200,"Textured yarn, of nylon or other polyamide  , >50tex, nprs",Kg,815.550997,711.53883,0.000712,148.976
54023300,"Textured yarn of polyesters, nprs",Kg,1273846.136251,295235.382017,0.295235,52856.609
54023400,"Textured yarn of polypropylene, nprs  .",Kg,34382.520271,11616.33077,0.011616,1333.481
54023900,"Textured yarn, nes, nprs  .",Kg,19497.480011,6522.982664,0.006523,1217.208
54024400,"Elastomeric yarn, single, untwisted or wit   a twist not exceeding 50 turns per m",Kg,14927.759995,10811.078539,0.010811,2016.538
54024600,"Other-of polyesters,partially oriented yar  ,single,untwiste or with a twist<=50t",Kg,356504.927246,71013.535375,0.071014,9233.007
54024700,"Other, of polyesters yarn, single, untwist  d or with a twist <=50 turns per metr",Kg,72243.40007,16396.490262,0.016396,3058.685
54024800,"Other, of polypropylene yarn, single, untw  sted or with a twist <=50 turns per m",Kg,80068.600388,23685.414184,0.023685,4418.143
54025100,Other single yarn of nylon or other polyam  des with a twist >50 turns per metre.,Kg,217.909996,166.318848,0.000166,31.022
54025200,Other single yarn of polyesters with a twi  t >50 turns per metre,Kg,75379.900039,19641.400955,0.019641,3578.21
54025300,Of Polypropylene,Kg,50063.05957,19571.7695,0.019572,1937.309
54026100,"Other yarn, multiple or cabled of nylon or  other polymides.",Kg,14147.430176,5523.5883,0.005524,1030.42
54026200,"Other yarn, multiple or cabled of polyeste  s",Kg,35443.764896,12922.179609,0.012922,541.249
54026300,Of Polypropylene,Kg,13749.599609,5678.787,0.005679,0.065
54026900,"Other yarn, multiple or cabled, nes",Kg,37921.640854,8995.198678,0.008995,1664.111
54033100,"Single yarn of viscose rayon untwisted or   ith a twist, with =<120turns/m, nprs.",Kg,1094.550026,1071.737344,0.001072,200.012
54033300,"Single yarn of cellulose acetate, nprs",Kg,4000.0,1098.0,0.001098,204.842
54034100,"Multiple or cabled yarn of viscose rayon,   prs.",Kg,16.02,172.698965,0.000173,0.065
54034900,"Multiple or cabled artificial yarn, nes, n  rs",Kg,343.0,197.155311,0.000197,37.16
54041200,"Other, of polypropylene monofilament  .",Kg,10379.399979,3359.222445,0.003359,626.631
54041900,Other - monofilament  .,Kg,26433.75,5737.241609,0.005737,1070.401
54049000,Strip and the like of synthetic textile ma  erials,Kg,75.0,20.69938,2.1e-05,3.862
54060000,"Manmade filament yarn (other than sewing t  read), put up for retail sale",Kg,20787.96,2859.677184,0.00286,575.179
54071000,Woven fabric obtained from high tenacity y  rn of nylon or other polymides or of,SQM,638267.62265,51952.010271,0.051952,15488.294
54072000,Woven fabrics obtained from synthetic stri   or the like,SQM,433819.030945,14856.01081,0.014856,4475.823
54073000,Fabrics of synthetic filament yarn specifi  d in note 9 to section xi.,SQM,10259.375984,3549.12925,0.003549,13.508
54074100,"Unbleached or bleached woven fabrics, >=85   nylon or other polyamides",SQM,80619.101562,2122.12575,0.002122,635.841
54074200,"Dyed woven fabrics of synthetic filament y  rn, >=85% nylon",SQM,2071.990021,823.92645,0.000824,107.689
54074400,"Printed woven fabrics of synthetic filamen   yarn, >=85% nylon",SQM,42035.460938,5605.17098,0.005605,1678.759
54075100,"Unbleached or bleached woven fabrics, >=85   textured polyester filament",SQM,6685.726074,262.347725,0.000262,79.716
54075200,"Dyed woven fabrics of synthetic filament y  rn, >=85% textured polyester filament",SQM,2997643.985075,70146.478257,0.070146,18202.255
54075300,"Coloured woven fabrics of synthetic yarn,   =85% textured polyester filament.",SQM,13588.762509,2553.137322,0.002553,764.995
54075400,"Printed woven fabrics of synthetic yarn, >  85% textured polyester filament",SQM,584021.705513,31647.173669,0.031647,9516.129
54076100,"Other woven fabrics of synthetic yarn, >=8  % non-textured polyester filaments",SQM,640950.474457,24617.306538,0.024617,5407.045
54076900,"Other woven fabrics of synthetic yarn, >=8  % polyester filaments.",SQM,2689.200012,755.088071,0.000755,407.921
54077100,"Unbleached or bleached woven fabrics, >=85   synthetic filaments",SQM,137.37,7.84539,8e-06,3.005
54077200,"Dyed woven fabrics, >=85% synthetic filame  ts.",SQM,662192.864996,36900.131083,0.0369,11052.618
54077400,"Printed woven fabrics, >=85% synthetic fil  ments",SQM,2710.1,131.578853,0.000132,39.41
54078200,"Dyed woven fabrics, <85% synthetic filamen  s, mixed with cotton",SQM,1125.529995,339.862429,0.00034,109.602
54078300,"Coloured woven fabrics, <85% synthetic fil  ments, mixed with cotton",SQM,480.910004,93.885749,9.4e-05,28.189
54078400,"Printed woven fabrics, <85% synthetic fila  ents, mixed with cotton",SQM,1675.25,140.72373,0.000141,44.702
54079200,"Dyed woven fabrics of synthetic filament y  rn, nes",SQM,11453.335015,4052.547497,0.004053,1214.15
54079400,"Printed woven fabrics of synthetic filamen   yarn, nes.",SQM,28942.288086,8890.292234,0.00889,2662.911
54081000,"Woven fabrics of high tenacity artificial   ilament yarn, of viscose rayon",SQM,392266.914879,36617.150168,0.036617,10877.809
54082100,"Unbleached or bleached woven fabrics, >=85   artificial filaments.",SQM,1123.689011,181.684582,0.000182,54.421
54082200,"Dyed woven fabrics, >=85% artificial filam  nts",SQM,506864.385315,15303.457392,0.015303,4620.43
54082400,"Printed woven fabrics, >=85% artificial fi  aments.",SQM,136878.599976,12569.679383,0.01257,3764.89
54083200,"Dyed woven fabrics of artificial filament   arn, nes",SQM,5012.5,868.963516,0.000869,260.324
54083400,"Printed woven fabrics of artificial filame  t yarn, nes",SQM,7892.855835,732.451906,0.000732,219.569
55013000,"Synthetic filament tow, acrylic or modacry  ic",Kg,100.0,116.903031,0.000117,21.871
55021000,Artificial filament tow Of cellulose acetate,Kg,58961.0,69061.732,0.069062,12880.081
55031100,Synthetic staple fibres of nylon or other   olyamides of aramids,Kg,1281.0,450.403278,0.00045,84.067
55032000,"Synthetic staple fibres, of polyesters, no   carded, etc",Kg,10473854.98772,1800320.887031,1.800321,21135.297
55033000,"Acrylic or modacrylic synthetic staple fib  es, not carded, etc.",Kg,625057.505859,200580.283015,0.20058,217.746
55034000,"Synthetic staple fibres, of polypropylene,  not carded, etc.",Kg,13017.899902,4519.288635,0.004519,642.775
55039000,"Synthetic staple fibres, nes, not carded,   tc",Kg,17574.400146,4101.644655,0.004102,766.712
55041000,"Artificial staple fibres, of viscose rayon   not carded, etc",Kg,1888015.992188,580392.337766,0.580392,104.73
55061000,"Synthetic staple fibres, of nylon or other  polyamides, carded, etc",Kg,41.0,58.730281,5.9e-05,0.0
55062000,"Synthetic staple fibres, of polyesters, ca  ded, etc",Kg,44799.0,7633.898877,0.007634,1424.105
55063000,"Acrylic or modacrylic synthetic staple fib  es, carded, etc.",Kg,6488.219849,533.89743,0.000534,100.138
55081000,Sewing thread of synthetic staple fibres  .,Kg,25393.339913,17280.208907,0.01728,3199.137
55082000,Sewing thread of artificial staple fibres,Kg,8235.290005,2426.223264,0.002426,456.412
55091100,"Single yarn, with >=85% staple fibres of n  lon or other polyamides, nprs",Kg,604.0,95.365981,9.5e-05,17.789
55091200,"Multiple or cabled yarn, >=85% staple fibr  s of nylon, etc, nprs",Kg,150.0,37.218449,3.7e-05,6.942
55092100,"Single yarn, with >=85% polyester staple f  bres, nprs",Kg,190542.909927,56130.112015,0.05613,10470.48
55092200,"Multiple or cabled yarn, with >=85% polyes  er staple fibres, nprs",Kg,108545.90001,37131.429889,0.037131,6609.773
55093100,"Single yarn, with >=85% acrylic or modacry  ic staple fibres, nprs",Kg,207.5,467.220801,0.000467,87.336
55093200,"Multiple or cabled yarn, >=85% acrylic or   odacrylic staple fibres, nprs",Kg,74120.75,43456.268437,0.043456,8105.524
55094200,"Multiple or cabled yarn, with >=85% synthe  ic staple fibres, nes, nprs",Kg,2351.799973,801.88225,0.000802,149.684
55095100,"Other yarn, <85% polyester staple fibres,   ith artificial staple fibres, nprs",Kg,386555.590718,167261.105705,0.167261,31197.146
55095200,"Other yarn, <85% polyester staple fibres,   ith wool or fine animal hair, nprs",Kg,58.730002,95.540278,9.6e-05,0.0
55095300,"Other yarn, <85% polyester staple fibres,   ixed with cotton, nprs",Kg,29619.0,7910.116,0.00791,1475.435
55095900,"Other yarn, <85% polyester staple fibres,   es, nprs",Kg,1890.789978,571.681859,0.000572,106.686
55096100,"Other yarn, <85% acrylic or modacrylic sta  le fibres, with wool or fine animal h",Kg,6.68,1.26541,1e-06,0.24
55096900,"Other yarn, <85%acrylic or modacrylic stap  e fibres, nes, nprs.",Kg,15184.84996,6797.367775,0.006797,1268.388
55099100,"Other yarn, <85% synthetic staple fibres,   es, mixed with wool or fine animal ha",Kg,1951.700012,10022.843098,0.010023,180.389
55099900,"Other yarn, <85% synthetic staple fibres,n  s, nprs.",Kg,6373.239982,4332.734562,0.004333,808.735
55101100,"Single yarn (other than sewing thread), wi  h >=85% artificial staple fibres, npr",Kg,7151.180036,3925.673036,0.003926,567.257
55101200,"Multiple or cabled yarn, with >=85% artifi  ial staple fibres, nprs",Kg,3.92,10.15877,1e-05,0.0
55103000,"Other yarn, with <85% artificial staple fi  res, mixed with cotton, nprs.",Kg,499.0,114.475349,0.000114,21.352
55109000,"Other yarn, with <85% artificial staple fi  res, nes, nprs",Kg,6064.820034,6160.04414,0.00616,568.847
55111000,"Yarn, with >=85% synthetic staple fibres,   ut up for retail sale",Kg,11217.099995,9433.811643,0.009434,1760.28
55112000,"Yarn, <85% synthetic staple fibres, put up  for retail sale.",Kg,76.199997,62.921379,6.3e-05,11.736
55121100,"Unbleached or bleached woven fabrics, >=85   polyester staple fibres",SQM,60817.439112,4422.36178,0.004422,1324.971
55121900,"Other woven fabrics, >=85% polyester stapl   fibres",SQM,7797613.164429,445849.005226,0.445849,135467.403
55122100,"Unbleached or bleached woven fabrics, >=85   acrylic or modacrylie staple fibres.",SQM,59686.699854,2430.54007,0.002431,837.013
55122900,"Other woven fabrics, >=85% acrylic or moda  rylie staple fibres",SQM,183036.936914,16021.159353,0.016021,4815.777
55129100,"Unbleached or bleached woven fabrics, >=85   synthetic staple fibres, nes.",SQM,1.0,4.8045,5e-06,1.44
55129900,"Other woven fabrics, >=85% synthetic fibre  , nes",SQM,450842.129846,19629.551089,0.01963,5886.883
55131100,Unbleached or bleached plain weave fabrics  <85% polyester staple fibres+cotton=<,SQM,73672.421143,4405.031531,0.004405,1319.575
55131200,"3 or 4-thread twill weave fabric, <85% pol  ester staple fibres + cotton =<170g/m",SQM,3660.0,269.791625,0.00027,0.0
55131300,"Woven fabrics, nes, <85% polyester staple   ibres + cotton =<170g/m2",SQM,8874.900391,371.577795,0.000372,111.289
55131900,"Other woven fabrics, <85% synthetic staple  fibres + cotton =<170g/m2 nes.",SQM,21282.16223,2304.780797,0.002305,695.649
55132100,"Dyed plain weave fabrics, <85% polyester f  bres + cotton =<170g/m2",SQM,26750.5,2682.786031,0.002683,803.63
55132300,"Dyed woven fabrics, nes, <85% polyester fi  res + cotton =<170g/m2",SQM,13322.370019,3055.966922,0.003056,915.264
55133100,"Coloured plain weave fabrics, <85% polyest  r staple fibres + cotton =<170g/m2",SQM,3108.319977,392.564641,0.000393,117.578
55133900,"Coloured woven fabrics, <85% synthetic fib  es + cotton =<170g/m2 nes.",SQM,589.281189,108.095211,0.000108,32.376
55134900,"Printed woven fabrics, <85% synthetic fibr  s + cotton =<170g/m2 nes",SQM,13829.599609,431.503375,0.000432,129.301
55141100,"Plain weave fabrics, <85% polyester staple  fibres + cotton, >170g/m2.",SQM,67824.700195,9896.722631,0.009897,3096.96
55141900,"Woven fabrics, <85% synthetic staple fibre   + cotton >170g/m2 nes",SQM,4259738.0,140511.802195,0.140512,42084.15
55142900,"Dyed woven fabrics, <85% synthetic fibres    cotton >170g/m2  nes.",SQM,123179.193996,14992.839091,0.014993,4610.502
55143000,"Dyed woven fabrics, <85% synthetic fibres   cotton >170g/m2 of yarns of different",SQM,393043.0,33541.328973,0.033541,10450.757
55144100,"Printed plain weave fabrics, <85% polyeste   fibres + cotton >170g/m2.",SQM,16279.950195,3354.197719,0.003354,1004.583
55144900,"Printed woven fabrics, <85% synthetic fibr  s + cotton >170g/m2 nes",SQM,9604513.849586,656398.882954,0.656399,197163.808
55151100,"Woven fabrics, of polyester staple fibres,  with viscose rayon staple fibres.",SQM,366167.614294,37527.086805,0.037527,11383.955
55151200,"Woven fabrics of polyester staple fibres,   ixed with man-made filaments",SQM,16716.796112,2445.458226,0.002445,756.094
55151300,"Woven fabrics of polyester staple fibres,   ixed with wool or fine animal hair",SQM,2230.002422,1571.960661,0.001572,470.962
55151900,"Woven fabrics of polyester staple fibres,   es.",SQM,28044.32998,2101.134455,0.002101,643.741
55152100,"Woven fabrics of acrylic or modacrylic fib  es, with man-made filaments",SQM,8029.550003,417.073428,0.000417,124.983
55159100,"Woven fabrics of synthetic staple fibres,   es, with man-made filaments",SQM,3803.5,396.392531,0.000396,118.722
55159900,"Woven fabrics of synthetic staple fibres,   es.",SQM,5013.0,494.160266,0.000494,148.068
55161100,"Unbleached or bleached woven fabrics, >=85   artificial staple fibres.",SQM,64390.868835,4129.279355,0.004129,1237.19
55161200,"Dyed woven fabrics, >=85% artificial stapl   fibres",SQM,37441.549561,3531.176894,0.003531,1057.722
55161400,"Printed woven fabrics, >=85% artificial st  ple fibres.",SQM,550871.783218,48858.225574,0.048858,15082.925
55162200,"Dyed woven fabrics, <85% artificial fibres   with man-made filaments",SQM,548.604004,141.666516,0.000142,42.431
55164300,"Coloured woven fabrics, <85% artificial st  ple fibres, mixed with cotton.",SQM,567.400024,194.804922,0.000195,58.411
55164400,"Printed woven fabrics, <85% artificial sta  le fibres, mixed with cotton",SQM,374.850006,71.013547,7.1e-05,21.335
55169400,"Printed woven fabrics, <85% artificial sta  le fibres, nes",SQM,1336688.59375,54084.123813,0.054084,16198.594
56012100,Cotton wadding and articles thereof,Kg,9678.379856,6145.946631,0.006146,2207.774
56012200,Wadding of man-made fibres and articles th  reof,Kg,2914.277401,11957.616682,0.011958,4104.09
56012900,"Wadding and articles of wadding, nes  .",Kg,7281.970195,987.819705,0.000988,351.738
56013000,Textile flock and dust and mill neps  .,Kg,685.399994,494.938016,0.000495,194.771
56021000,Needleloom felt and stitch-bonded fibre fa  rics,Kg,35009.000026,4173.216155,0.004173,1202.761
56022100,"Felt of wool or fine animal hair (excl im p egnated, coated, etc)",Kg,829.799988,590.534896,0.000591,177.004
56022900,"Felt of textile materials (excl impregnat e , coated, etc)",Kg,588.550006,313.322643,0.000313,93.916
56029000,"other Felt, whether or not impregnated, coated, covered or laminated. nes  .",Kg,242.88,111.373153,0.000111,33.501
56031100,"Nonwovens, of man-made filaments, weighing  <=25g/m2",Kg,3466.010012,868.811871,0.000869,260.376
56031200,"Nonwovens, of man-made filaments, weighing  >25g/m2 but <=70g/m2",Kg,65927.206335,12231.542538,0.012232,2997.511
56031300,"Nonwovens, of man-made filaments, weighing  >70g/m2 but <=150g/m2",Kg,124624.100952,32221.732186,0.032222,7286.132
56031400,"Nonwovens, of man-made filaments, weighing  >150g/m2",Kg,106368.5,39282.152847,0.039282,7533.664
56039100,"Nonwovens, not of man-made filaments, weig  ing <=25g/m2",Kg,276736.610516,91690.728622,0.091691,12283.409
56039200,"Nonwovens, not of man-made filaments, weig  ing >25g/m2 but <=70g/m2.",Kg,68215.700474,22269.144761,0.022269,6017.993
56039300,"Nonwovens, not of man-made filaments, weig  ing >70g/m2 but <=150g/m2",Kg,38484.199974,12134.726314,0.012135,1430.549
56039400,"Nonwovens, not of man-made filaments, weig  ing >150g/m2",Kg,43914.089998,7462.7621,0.007463,1970.99
56041000,"Rubber thread and cord, textile covered",Kg,9139.179801,4468.252712,0.004468,833.559
56049000,"Textile yarn and strip, etc, impregnated o   coated.",Kg,342.0,249.48607,0.000249,75.652
56050000,"Metallized yarn, being textile yarn, or st  ip, etc, in thread",Kg,1290.429993,368.167333,0.000368,89.889
56060000,Gimped yarn and strip; chenille yarn; loop  wale-yarn,Kg,1734.88,1127.697706,0.001128,274.108
56072100,"Binder or baler twine of sisal, etc, of th   genus agave",Kg,12725.300171,1277.407818,0.001277,280.672
56072900,"Twine, cordage, rope and cables, of sisal,  etc, of the genus agave, nes.",PCS,6511.0,1067.214446,0.001067,315.447
56074100,Binder or baler twine of polyethylene or p  lypropylene.,Kg,920.399994,274.589457,0.000275,82.31
56074900,"Twine, cordage, rope and cables, of polyet  ylene or polypropylene",Kg,90929.919986,14345.403563,0.014345,3446.599
56075000,"Twine, cordage, rope and cables, of synthe  ic fibres, nes",Kg,16312.78997,155312.972482,0.155313,2554.641
56079000,"Twine, cordage, rope and cables, nes  .",Kg,112595.802025,18414.762512,0.018415,5504.795
56081100,Made up fishing nets of man-made textile m  terials.,Kg,17279.619994,4928.744436,0.004929,673.627
56081900,Knotted netting of man-made textile materi  ls (excl fishing nets),Kg,2686.779991,1513.20249,0.001513,453.497
56089000,"Knotted netting of twine, cordage or rope   f textile materials, nes.",Kg,7005.747969,2633.842011,0.002634,789.413
56090000,"Articles of yarn, strip, etc, twine, corda  e, rope or cables, nes",Kg,384371.122011,37026.432807,0.037026,7704.373
57011000,"Carpets and other textile floor coverings,  of wool or fine animal hair, knotted.",SQM,655.664995,2299.93129,0.0023,1080.231
57019000,"Carpets and other textile floor coverings,  of other textiles, knotted",SQM,2557.5,130.599098,0.000131,61.855
57021000,"Kelem, schumacks, karamanie and other simi  ar hand-woven rugs",SQM,7.0,0.45024,0.0,0.213
57022000,Floor coverings of coconut fibres (coir)  .,SQM,301.95,45.624762,4.6e-05,21.531
57023200,"Pile floor coverings of man-made textiles,  woven, not made up",SQM,914.400002,172.841831,0.000173,87.601
57023900,"Pile floor coverings of other textiles, wo  en, not made up, nes.",SQM,332.0,149.29166,0.000149,70.042
57024200,"Pile floor coverings of man-made textiles,  woven, made up",SQM,1122.280001,304.86128,0.000305,163.653
57024910,Carpets and floor covering of felt (Jamoth),SQM,2397.542419,1143.288793,0.001143,546.169
57024990,Carpets and floor covering of other textiles materials,SQM,6203.509999,665.778859,0.000666,312.257
57025000,"Other textile floor coverings not of pile   onstruction, not made up.",SQM,11196.0,2297.8327,0.002298,1076.398
57029200,"Non-pile floor coverings of man-made texti  es, woven, made up",SQM,23.63,53.382578,5.3e-05,26.866
57029900,"Non-pile floor coverings of other textile   aterials, woven, made up, nes",SQM,2151.0,381.302003,0.000381,104.931
57031000,Of wool or fine animal hair,SQM,222.0,292.505023,0.000293,138.913
57032100,Turf,SQM,52.862,60.43573,6e-05,28.41
57032900,Carpets and other testile floor coverings Of nylon or other polyamides,SQM,607.88,47.00711,4.7e-05,31.917
57033100,Turf Of other man-made textile materials,SQM,8300.059946,2630.515112,0.002631,1307.274
57033900,carpet & other textile floor coverings of other man-made textile materials,SQM,23466.660382,3727.66922,0.003728,1748.609
57039010,Floor Covering of Cotton (Other textile materials),SQM,25489.800826,665.360984,0.000665,199.444
57039090,Other floor covering (excluding cotton) nes,SQM,345165.21012,29381.158429,0.029381,13707.058
57041000,"Carpet tiles =<03m2 surface area, of felt , not tufted or flocked",SQM,7449.979946,2276.830096,0.002277,1076.368
57049000,"Floor coverings of felt, nes, not tufted o   flocked",SQM,173288.730726,39440.355854,0.03944,18735.175
57050000,"Other carpets and other textile floor cove  ngs, nes",SQM,194075.383501,14210.806763,0.014211,6723.118
58011000,Woven pile fabrics and chenille fabrics of  wool or fine animal hair,SQM,17448.852051,2699.192906,0.002699,808.478
58012200,Cut corduroy of cotton,SQM,83701.376167,14951.848395,0.014952,4229.449
58012300,"Weft pile fabrics of cotton, nes  .",SQM,5879.54633,735.466269,0.000735,221.667
58012600,"Chenille fabrics, of cotton",SQM,1271.189941,453.438531,0.000453,135.871
58012700,warp pile fabrics of cotton,SQM,7918.886841,1745.722594,0.001746,102.525
58013100,Uncut weft pile fabrics of man-made fibres   nes,SQM,10.0,11.37288,1.1e-05,3.407
58013200,"Cut corduroy of man-made fibres, nes  .",SQM,48717.02002,9225.068,0.009225,2763.041
58013600,Chenille fabrics of man-made fibres,SQM,37237.701202,5456.174837,0.005456,1297.342
58013700,Warp pile fabrics of man made fibre,SQM,204378.08654,27797.696203,0.027798,6055.647
58019000,"Woven pile and chenille fabrics of other t  xtiles, nes",SQM,26566.360504,2712.794678,0.002713,819.901
58021000,"Terry towelling and similar woven terry fabrics, of cotton",SQM,700.650002,222.584538,0.000223,66.867
58022000,"Terry towelling and similar woven terry fa  rics, of other textiles materials",SQM,4124.0,478.358641,0.000478,143.336
58023000,Tufted textile fabrics,SQM,968.0,106.073437,0.000106,31.771
58030000,"Gauze, other than narrow fabrics of  Headi  g 5806.",SQM,1047.0,25.57102,2.6e-05,7.735
58041000,Tulles and other net fabrics  .,Kg,116009.659998,62759.810443,0.06276,18970.146
58042100,"Lace of man-made fibres in piece, in strip   or in motifs, machine made",Kg,14212.750019,5549.30136,0.005549,1607.671
58042900,"Lace of other textiles in piece, in strips  or in motifs, machine made",Kg,59894.809988,20225.426084,0.020225,6062.201
58043000,"Hand-made lace in pieces, in strips or in   otifs",Kg,32452.600022,7220.018376,0.00722,2249.217
58050000,"Hand-woven tapestries of the type Gobelins   Flandres, aubusson, beauvaisa",SQM,5413.0,335.847369,0.000336,102.985
58061000,Narrow woven pile fabrics and chenille fab  ics,Kg,33166.119997,7109.236644,0.007109,2223.443
58062000,"Narrow woven fabrics, with >=5% elastomeric  yarn or rubber thread",Kg,23103.619995,8278.993807,0.008279,2034.706
58063100,"Narrow woven fabrics of cotton, nes",Kg,12108.09999,2948.169965,0.002948,914.033
58063200,"Narrow woven fabrics of man-made fibres, n  s",Kg,61855.19019,18634.502515,0.018635,5294.58
58063900,"Narrow woven fabrics of other textiles mat  rials, nes.",Kg,19497.079998,8140.580991,0.008141,1633.585
58064000,Fabrics with warp without weft assembled b   means of an adhesive (bolducs),Kg,5318.0,1812.4875,0.001812,549.521
58071000,"Labels, badges of textiles, woven, in p iec , not embroidered.",Kg,5610.711801,5736.707174,0.005737,1212.385
58079000,"Labels, badges of textiles, unwoven, in  pi ce, not embroidered",Kg,5802.360297,2275.181518,0.002275,706.239
58081000,"Braids, in the piece  .",Kg,14033.7,3739.29756,0.003739,1101.93
58089000,"Ornamental trimmings in the piece; tassels   pompons, etc, nes",Kg,5337.86,1661.05088,0.001661,493.023
58090000,"Woven fabrics of metal thread and woven fa  rics of metallised yarn, nes",SQM,19046.263512,9122.049225,0.009122,2760.71
58101000,Embroidery without visible ground,Kg,7.55,15.30646,1.5e-05,4.652
58109100,"Cotton embroidery, in the piece, in strips  or in motifs",Kg,35.08,39.600682,4e-05,11.929
58109200,"Embroidery of man-made fibres, in the piec  , in strips or in motifs",Kg,98.65,86.745968,8.7e-05,26.297
58109900,"Embroidery of other textiles, in the piece   in strips or in motifs",MTR,325253.81001,39906.111283,0.039906,12157.973
58110000,Quilted textile products in the piece (exc   embroidery of 5810),SQM,101627.0,14811.127643,0.014811,4417.051
59011000,"Textile fabrics coated with gum or amylace  us substances for books, etc.",SQM,123849.89994,6308.240326,0.006308,1908.071
59019000,"Tracing cloth; prepared painting canvas; b  ckram, etc",SQM,321897.008256,10898.486126,0.010898,3318.637
59021000,Tyre cord fabric of high tenacity yarn of   ylon or other polyamides.,SQM,1074.0,499.987355,0.0005,93.381
59022000,Tyre cord fabric of high tenacity yarn of   olyesters,SQM,278.878,613.075105,0.000613,114.552
59029000,Tyre cord fabric of high tenacity yarn of   iscose rayon,SQM,352.0,136.501516,0.000137,25.459
59031000,"Textile fabrics impregnated, coated covere   or laminated with poly(vinyl chlor",SQM,822170.11782,50796.905773,0.050797,15101.432
59032000,"Textile fabrics impregnated, coated covere   or laminated with polyurethane",SQM,335235.694727,41981.911452,0.041982,12011.612
59039000,"Textile fabrics impregnated, coated covere   or laminated with plastics,nes",SQM,2172768.575266,202102.982079,0.202103,60585.806
59049000,Other floor coverings consisting of a coat  ng/covering applied on a textile back,SQM,60.0,4.81782,5e-06,2.261
59050000,Textile wall coverings,SQM,1598.809998,368.621784,0.000369,131.235
59061000,Adhesive tape of a width =<20cm,SQM,8727.221913,3945.708535,0.003946,1212.847
59069100,Knitted or crocheted rubberized textile fa  rics (excl adhesive tape),SQM,908.0,163.171819,0.000163,48.944
59069900,"Rubberized textile fabrics, nes",SQM,5379075.010315,181701.24899,0.181701,54444.972
59070000,"Textile fabrics otherwise impregnated, coa  ed or covered, painted canvasa",SQM,117776.3425,6876.939371,0.006877,2062.332
59080000,"Textile wicks, woven,plaited or knitted fo   lamps,stovesincandescent gas mantl",Kg,581.1,186.900489,0.000187,35.006
59090000,"Textile hosepiping & similar tubing, wi th  r without lining, etc, of other mat",Kg,28196.049988,11475.967089,0.011476,2136.698
59100000,"Transmission or conveyor belts or belting,  of textile material.",PCS,8526.0,8057.57027,0.008058,1499.235
59111000,"Textile fabrics,combined with rubber,le ath r or other material technical pu.",Kg,14580.317228,6096.595654,0.006097,1673.213
59112000,"Bolting cloth whether or not made up, for   echnical uses",SQM,1121.327986,3534.105986,0.003534,785.163
59113100,"Textile fabrics and felts, for paper-makin   machines, <650g/m2.",SQM,1967.675026,2817.121096,0.002817,659.785
59113200,"Textile fabrics and felts, for paper-makin   machines, >=650g/m2",SQM,4119.0,6264.861156,0.006265,1831.694
59114000,"Filtering or straining cloth of a kind used in oil presses or the like, including tha",Kg,2309.450002,2025.444506,0.002025,607.368
59119000,"Textile products & articles for technical   ses, nes, as specified in Chapter Not",Kg,23034.155333,15578.848256,0.015579,4309.727
60011000,"Long pile fabrics, knitted or crocheted",SQM,56418.209961,9999.954461,0.01,2995.661
60012100,"Looped pile fabrics of cotton, knitted or   rocheted",SQM,500.1,918.215845,0.000918,275.074
60012200,"Looped pile fabrics of man-made fibres, kn  tted or crocheted",SQM,28034.600098,5318.59413,0.005319,1593.249
60019100,"Pile fabrics of cotton, nes, knitted or cr  cheted",SQM,832.099991,1454.793094,0.001455,435.78
60019200,"Pile fabrics of man-made fibres, nes, knit  ed or crocheted.",SQM,137079.810905,20003.421488,0.020003,5992.911
60019900,"Pile fabrics of other textile materials, n  s, knitted or crocheted",SQM,63935.881836,9705.39525,0.009705,2906.967
60024000,"Fabric, >=5% by weight of elastomeric yarn  but without rubber thread, of a width",SQM,506.899986,245.821121,0.000246,73.627
60029000,"Knitted or crosheted fabrics, nes width = < 0cm containing rubber thread.",SQM,54929.129997,452.741607,0.000453,44.582
60031000,Knitted or crosheted fabrics of wool or fi  e animal hair,Kg,1190.0,505.243844,0.000505,151.322
60032000,Knitted or crosheted fabrics of cotton,Kg,43544.299988,17273.065731,0.017273,5173.695
60033000,Knitted or crosheted fabrics of synthetic   ibres,Kg,57081.899963,22864.211461,0.022864,6848.192
60039000,"Other knitted or crosheted fabrics, of a w  dth=<30cm (except heading 6001 & 600.",Kg,2339.099976,800.769509,0.000801,239.901
60041000,"Fabric, >=5% by weight of elastomeric yarn  but without rubber thread, of a width",Kg,476.200003,392.515523,0.000393,117.721
60049000,"Other knitted or crosheted fabrics, nes w i th >30cm containing rubber thread",Kg,57301.599365,22574.563478,0.022575,6761.298
60052100,Unbleached or bleached wrap knit fabric of  cotton,Kg,31.0,27.276141,2.7e-05,8.172
60052200,Dyed  wrap knit fabric of cotton  .,Kg,972.299988,318.194375,0.000318,95.366
60053600,"Other, unbleached or bleached Of synthetic fibres",MTR,12912.000244,1537.167672,0.001537,460.451
60053700,"Other, dyed Of synthetic fibres",Kg,78992.402191,33751.384784,0.033751,10127.383
60053900,"Other, printed Of synthetic fibres",Kg,39076.240137,22553.555731,0.022554,6755.349
60054200,Dyed wrap knit fabric of artificial fibres,Kg,3861.23002,1690.842898,0.001691,506.886
60054400,Printed wrap knit fabric of artificial fibers,Kg,70.09,80.118633,8e-05,23.998
60059000,Wrap knit fabric (incl those made on gall o  knitting machine) except heading 60.,Kg,76635.950016,24826.999082,0.024827,7484.898
60061000,Other kintted or crocheted fabrics of wool  or fine animal hair.,Kg,10672.220024,4309.126082,0.004309,1237.676
60062100,Unbleached or bleached kintted or crochete   fabrics of cotton nes,Kg,42189.050171,15075.69955,0.015076,4506.879
60062200,Dyed kintted or crocheted fabrics of cotto   nes,Kg,467838.578476,187148.474846,0.187148,49581.427
60062300,Kintted or crocheted fabrics of yarns of d  fferent colours of cotton nes,Kg,4305.300049,1693.722687,0.001694,507.337
60062400,Printed kintted or crocheted fabrics of co  ton nes.,Kg,8855.650001,3626.277347,0.003626,1038.243
60063100,"Unbleached or bleached kintted or crochete   fabrics of synthetic fibres, nes",Kg,53734.034706,18925.420287,0.018925,5669.268
60063200,"Dyed kintted or crocheted fabrics of synth  tic fibres, nes.",Kg,4076532.849058,1599717.264909,1.599717,478025.373
60063300,Other kintted or crocheted fabrics of yarn   of different colours of synthetic fi,Kg,17009.760223,7045.450579,0.007045,2110.449
60063400,"Printed kintted or crocheted fabrics of sy  thetic fibres, nes",Kg,163224.050613,54049.178815,0.054049,16188.995
60064100,"Unbleached or bleached kintted or crochete   fabrics of artificial fibres, nes",Kg,2192.900024,1000.687172,0.001001,299.709
60064200,"Dyed  kintted or crocheted fabrics of arti  icial fibres, nes",Kg,134866.799561,51767.463603,0.051767,15505.095
60064300,"Kintted or crocheted fabrics of yarns of d  fferent colours of artificial fibres,",Kg,665.779999,676.596031,0.000677,202.708
60064400,"Printed kintted or crocheted fabrics of ar  ificial fibres, nes.",Kg,24087.640397,9362.590573,0.009363,2804.236
60069000,"Other kintted or crocheted fabrics, nes",Kg,298324.354711,113512.076473,0.113512,33710.424
61012000,"Men's or boys' coats, capes, cloaks, wind-  ackets, etc, of cotton, knitted or cr",PCS,2371.0,2100.475493,0.0021,753.704
61013000,"Men's or boys' coats, capes, cloaks, etc,   f man-made fibres, knitted or crochet",PCS,4267.0,4129.938098,0.00413,1470.606
61019000,"Men's or boys' coats, capes, cloaks, etc,   f other textiles, knitted or crochete",PCS,28206.0,13573.763268,0.013574,4834.631
61021000,"Woman's or girls' coats, capes,cloaks,wind  jacket, etc, of wool, knitted or cr",PCS,7.0,7.20293,7e-06,2.569
61022000,"Woman's or girls' coats, capes,cloaks,wind  jacket,etc, of cotton, knitted or cro",PCS,1461.0,1242.281444,0.001242,468.391
61023000,"Woman's or girls' coats, capes, cloaks, et  , of man-made fibres, knitted or croc",PCS,75.0,344.118578,0.000344,122.51
61029000,"Woman's or girls' coats, capes, cloaks, et  , of other textiles, knitted or croch",PCS,27.0,44.38083,4.4e-05,15.269
61031000,Men's or boys' suits  . .,PCS,172.0,177.6788,0.000178,63.514
61032200,"Men's or boys' ensembles of cotton, knitte   or crocheted",PCS,249.0,116.90683,0.000117,49.624
61032300,"Men's or boys' ensembles of synthetic fibr  s, knitted or crocheted",PCS,6.0,56.514719,5.7e-05,0.0
61033100,"Men's or boys' jackets and blazers of wool  or fine animal hair, knitted or croch",PCS,1195.0,1067.264025,0.001067,380.146
61033200,"Men's or boys' jackets and blazers of cott  n, knitted or crocheted",PCS,1565.0,1080.51682,0.001081,406.482
61033300,"Men's or boys' jackets & blazers of synthe  ic fibres, knitted or crocheted",PCS,2393.0,2884.532378,0.002885,1038.262
61033900,"Men's or boys' jackets & blazers of other   extiles, nes, knitted or crocheted",PCS,23852.0,22602.812766,0.022603,7254.429
61034100,"Men's or boys' trousers, bib & brace, shor  s, etc, of wool, knitted or crochet",PCS,265.0,124.700852,0.000125,48.956
61034200,"Men's or boys' trousers, bib & brace, shor  s, etc, of cotton, knitted or crochet",PCS,20173.0,10438.038596,0.010438,3754.306
61034300,"Men's or boys' trousers, bib&brace,shorts,  tc, of synthetic fibres, knitted or c",PCS,25642.0,21519.041596,0.021519,7658.101
61034900,"Men's or boys' trousers, bib & brace,short  ,etc, of other textiles, knitted or c",PCS,12888.0,7405.103601,0.007405,2648.641
61041300,"Women's or girls' suits of synthetic fibre  , knitted or crocheted",PCS,124.0,70.46833,7e-05,25.267
61041900,"Women's or girls' suits of other textiles   aterials, nes, knitted or crocheted",PCS,37721.0,23672.490653,0.023672,8583.436
61042200,"Women's or girls' ensembles, of cotton, kn  tted or crocheted",PCS,636.0,361.756066,0.000362,161.076
61042300,"Women's or girls' ensembles, of synthetic   ibres, knitted or crocheted",PCS,778.0,387.201616,0.000387,137.912
61042900,"Women's or girls' ensembles, of other text  les, knitted or crocheted",PCS,180.0,327.328062,0.000327,116.53
61043100,"Women's or girls' jackets & brazers of woo   or fine animal hair, knitted or croc",PCS,38.0,24.59376,2.5e-05,8.756
61043200,"Women's or girls' jackets & brazers of cot  on, knitted or crocheted.",PCS,22.0,19.047931,1.9e-05,6.784
61043300,"Women's or girls' jackets & brazers of syn  hetic fibres, knitted or crocheted",PCS,1.0,1.49518,1e-06,0.534
61043900,"Woman's or girls' jackets & brazers of oth  r textiles, knitted or crocheted.",PCS,14876.0,32434.213301,0.032434,11550.867
61044100,"Woman's or girls' dresses of wool or fine   nimal hair, knitted or crocheted.",PCS,124.0,59.000912,5.9e-05,21.071
61044200,"Woman's or girls' dresses of cotton, knitt  d or crocheted",PCS,310.0,188.652932,0.000189,69.063
61044300,"Woman's or girls' dresses of synthetic fib  es, knitted or crocheted.",PCS,5047.0,3621.762509,0.003622,1314.115
61044400,"Woman's or girls' dresses of artificial fi  res, knitted or crocheted",PCS,2.0,1.2812,1e-06,0.458
61044900,"Woman's or girls' dresses of other textile  material, knitted or crocheted",PCS,10727.0,1795.168298,0.001795,823.06
61045100,"Woman's or girls' skirts and divided skirt   of wool or fine hair, knitted or cro",PCS,248.0,64.735998,6.5e-05,37.608
61045200,"Woman's or girls' skirts and divided skirt   of cotton, knitted or crocheted.",PCS,665.0,330.117241,0.00033,126.769
61045300,"Woman's or girls' skirts and divided skirt   of synthetic fibres, knitted or croc",PCS,200.0,99.417575,9.9e-05,36.213
61045900,"Woman's or girls' skirts and divided skirt   of other textiles, nes, knitted or c",PCS,1191.0,496.978096,0.000497,192.663
61046100,"Women's or girls' trousers, bib & brace, s  orts, etc, of wool, knitted or cro",PCS,3935.0,921.600689,0.000922,328.204
61046200,"Women's or girls' trousers, bib & brace, s  orts, etc, of cotton, knitted or croc",PCS,3381.0,2427.408998,0.002427,889.443
61046300,"Women's or girls' trousers, bib & brace, s  orts, etc, of synthetic, knitted or c",PCS,9284.0,4604.047894,0.004604,1649.076
61046900,"Women's or girls' trousers,bib&brace,short  , etc, of other textile, knitted or c",PCS,21832.0,8131.633958,0.008132,2945.007
61051000,"Men's or boys' shirts of cotton, knitted o   crocheted",PCS,11842.0,5484.983757,0.005485,1955.614
61052000,"Men's or boys' shirts of man-made fibres,   nitted or crocheted",PCS,9939.0,13674.92931,0.013675,4861.838
61059000,"Men's or boys' shirts of other textiles, n  s, knitted or crocheted",PCS,1971.0,1323.940097,0.001324,482.654
61061000,"Women's or girls' blouses, shirts & shirt-  louses of cotton, knitted or crochete",PCS,16411.0,4576.292701,0.004576,1630.365
61062000,"Women's or girls' blouses, shirt &shirt-bl  uses of man-made fibres, knitted or c",PCS,7310.0,804.368588,0.000804,286.511
61069000,"Women's or girls' blouses,shirt&shirt-blou  es of other textiles nes,knitted or c",PCS,89218.0,41039.278441,0.041039,14839.161
61071100,"Men's or boys' underpants and briefs of co  ton, knitted or crocheted",PCS,323541.0,30951.632559,0.030952,11086.909
61071200,"Men's or boys' underpants and briefs of ma  -made fibres, knitted or crocheted",PCS,10677.0,918.747712,0.000919,354.031
61071900,"Men's or boys' underpants and briefs of ot  er textiles nes, knitted or crocheted",PCS,64789.0,4829.964152,0.00483,1718.073
61072100,"Men's or boys' night shirts & pyjamas of c  tton, knitted or crocheted",PCS,8529.0,4526.492899,0.004526,1616.575
61072200,"Men's or boys' night shirts & pyjamas of m  n-madefibres, knitted or crocheted",PCS,5961.0,3346.96225,0.003347,1191.629
61072900,"Men's or boys' night shirts & pyjamas of o  her textiles, nes, knitted or crochet",PCS,4765.0,2008.361502,0.002008,715.018
61079100,"Men's or boys' dressing gowns, etc, of cot  on, nes knitted or crocheted.",PCS,257636.0,49262.260637,0.049262,17546.331
61079900,"Men's or boys' dressing gowns, of other te  tiles,nes, knitted or crocheted",PCS,2033.0,896.57762,0.000897,316.693
61081100,"Women's or girls' slips & petticoats etc,   f man-made fibres, knitted or crochet",PCS,11246.0,3618.844713,0.003619,1288.687
61081900,"Women's or girls' slips & petticoats etc,   f other textiles,nes, knitted or croc",PCS,6283.0,1298.400906,0.001298,462.482
61082100,"Women's or girls' briefs and panties of co  ton, knitted or crocheted",PCS,84931.0,8754.006963,0.008754,3142.487
61082200,"Women's or girls' briefs & panties of man-  ade fibres, knitted or crocheted.",PCS,27388.0,8920.944135,0.008921,3715.905
61082900,"Women's or girls' briefs & panties of othe   textiles,nes, knitted or crocheted",PCS,162630.0,8945.173574,0.008945,3318.413
61083100,"Women's or girls' nightdresses & pyjamas o   cotton, knitted or crocheted",PCS,9084.0,3038.913334,0.003039,650.844
61083200,"Women's or girls' nightdresses & pyjamas o   man-made fibres, knitted or crochete",PCS,471.0,169.376277,0.000169,65.115
61083900,"Women's or girls' nightdresses & pyjamas o   other textiles, knitted or crocheted",PCS,2845.0,1226.060817,0.001226,444.993
61089100,"Women's or girls' dressing gowns, of co tto , knitted or crocheted",PCS,8383.0,443.399571,0.000443,158.543
61089200,"Women's or girls' dressing gowns of man -ma e fibre, knitted or crocheted",PCS,2305.0,1775.682822,0.001776,632.319
61089900,"Women's or girls' dressing gowns of oth er  extiles,nes, knitted or crocheted",PCS,110430.0,3473.142508,0.003473,1457.395
61091000,"T-shirts, singlets and other vests, of cot  on, knitted or crocheted.",PCS,1575542.0,529950.242658,0.52995,191662.919
61099000,"T-shirts, singlets & other vests of other   extiles, nes, knitted or crocheted",PCS,2600054.0,839938.674669,0.839939,301856.613
61101100,"Jerseys,pullovers,cardigans,waistcoats & s  milar articles of wool, knitted or cr",PCS,26814.0,20790.041034,0.02079,7441.192
61101200,"Jerseys,pullovers,cardigans,waistcoats&sim  lar articles of Kashmir(cashmere) goa",PCS,22.0,15.82747,1.6e-05,5.703
61101900,"Other jerseys,pullovers,cardigans,waistcoa  s&similar articles,knitted or crochet",PCS,427432.0,219845.458588,0.219845,78665.624
61102000,"Jerseys, pullovers, cardigans, waistcoats,  etc, of cotton, knitted or crocheted.",PCS,18558.0,11802.183869,0.011802,4302.006
61103000,"Jerseys, pullovers, cardigans, waistcoats,  etc, of man-made fibres, knitted or c",PCS,293981.0,165515.553188,0.165516,59022.087
61109000,"Jerseys, pullovers,cardigans, waistcoats,   tc,of other textiles,nes,knitted or c",PCS,77331.0,42360.149011,0.04236,15087.489
61112000,"Babies' garments & clothing accessories of  cotton, knitted or crocheted.",PCS,550949.0,94067.620904,0.094068,33934.914
61113000,"Babies' garments & clothing accessories of  synthetic fibres, knitted or crochete",PCS,20887.0,6495.615693,0.006496,2531.467
61119000,"Babies' garments & clothing accessories of  other textiles,nes, knitted or croche",PCS,58114.0,18403.663428,0.018404,6591.814
61121100,"Track-suits of cotton, knitted or crochete  .",PCS,6049.0,5604.744843,0.005605,2019.27
61121200,"Track-suits of synthetic fibres, knitted o   crocheted",PCS,7069.0,9415.202701,0.009415,3352.01
61121900,"Track-suits of other textiles,nes, knitted  or crocheted.",PCS,23189.0,53793.068281,0.053793,19151.406
61122000,"Ski-suits, knitted or crocheted   .",PCS,358.0,383.620828,0.000384,136.571
61123100,"Men's or boys' swimwear of synthetic fibre  , knitted or crocheted",PCS,49.0,45.25068,4.5e-05,13.174
61123900,"Men's or boys' swimwear of other textiles,  excl synthetic) knitted or crocheted.",PCS,21671.0,11522.461019,0.011522,4102.13
61124100,"Women's or girls' swimwear of synthetic fi  res, knitted or crocheted",PCS,33.0,13.37625,1.3e-05,4.978
61124900,"Women's or girls' swimwear of other textil  s,(excl synthetic) knitted or crochet",PCS,627.0,165.727879,0.000166,59.017
61130000,"Garments made up of knitted or crocheted f  brics of heading 5903, 5906, 5907",PCS,190.0,54.093369,5.4e-05,19.26
61142000,"Garments of cotton, knitted or crocheted,   es",PCS,15563.0,5982.066852,0.005982,2182.142
61143000,"Garments of man-made fibres, knitted or cr  cheted, nes",PCS,206.0,146.97678,0.000147,52.367
61149000,"Garments of other textiles, knitted or cro  heted, nes",PCS,2718.0,883.47357,0.000883,314.589
61151000,Graduated compression hosiery (for example   stockings for varicose veins),PR,206187.0,12269.907172,0.01227,4312.235
61152100,"Other Panty hose & tights of synthetic fib  es, measuring per single yarn < 67 de",PR,10.0,0.48313,0.0,0.1
61152200,"Other panty hose&tights of synthetic fibre  ,measuring per single yarn 67 decitex",PR,12.0,3.7155,4e-06,1.328
61152900,Other Panty hose & tights of other textile  materials,PR,7386.0,1191.984959,0.001192,424.954
61153000,"Other women's full length or knee length h  siery, measuring per single yarn <67",PR,43333.0,3026.089681,0.003026,1163.458
61159400,Other hosiery of wool or fine animal hair   .,PR,270.0,228.641593,0.000229,96.37
61159500,Other hosiery of Cotton   .,PR,239144.0,24139.929672,0.02414,8623.868
61159600,Other hosiery of synthetic fibres   .,PR,14664.0,836.859124,0.000837,302.788
61159900,"Hosiery and footwear, of other textiles, k  itted or crocheted, nes",PR,3723599.0,134347.95907,0.134348,48055.209
61161000,"Impregnated, coated, covered or laminated with plastics or rubber",PR,283489.0,9870.221351,0.00987,3536.393
61169100,"Gloves, mittens and mitts, of wool or fine  animal hair, knitted or crocheted",PR,9713.0,193.413601,0.000193,71.304
61169200,"Gloves, mittens and mitts, of cotton, knit  ed or crocheted",PR,409229.0,10459.464277,0.010459,3753.367
61169300,"Gloves, mittens and mitts, of synthetic fi  res, knitted or crocheted",PR,8612.0,1750.86103,0.001751,624.171
61169900,"Gloves, mittens and mitts, of other textil  s, knitted or crocheted",PR,178334.0,2672.75733,0.002673,955.517
61171000,"Shawls, scarves, mufflers, mantillas, veil  , etc, knitted or crocheted",PCS,3137.0,697.031634,0.000697,254.571
61178000,"Other clothing accessories, knitted or cro  heted, nes",PCS,5904.0,924.917164,0.000925,281.246
61179000,"Parts of garments or clothing accessories,  knitted or crocheted",PCS,20.0,8.1343,8e-06,3.55
62012000,"Men's or boys' coats, capes, cloaks, jackets,etc, Of wool or fine animal hair <>62.03",PCS,1322.0,2453.245955,0.002453,875.341
62013000,"Men's or boys' coats, capes, cloaks, wind jackets, etc, Of cotton other than 62.03",PCS,152.0,250.126814,0.00025,78.596
62014000,"Men's or boys' coats, capes, cloaks, wind jackets, etc Of man-made fibres <> 62.03",PCS,7948.0,21012.794506,0.021013,7488.12
62019000,"Men's or boys' coats, capes, cloaks, jackets, etc Of other textile material <> 62.03",PCS,24804.0,16648.327827,0.016648,5980.955
62022000,"Men's or boys' coats, capes, cloaks, jackets,etc, Of wool or fine animal hair <>62.04",PCS,313.0,140.277051,0.00014,50.027
62023000,"Men's or boys' coats, capes, cloaks, wind jackets, etc, Of cotton other than 62.04",PCS,16.0,12.40743,1.2e-05,4.578
62024000,"Men's or boys' coats, capes, cloaks, wind jackets, etc Of man-made fibres <> 62.04",PCS,828.0,3572.161759,0.003572,1277.349
62029000,"Men's or boys' coats, capes, cloaks, jackets, etc Of other textile material <> 62.04",PCS,25621.0,23484.642658,0.023485,8410.429
62031100,Men's or boys' suits of wool or fine anima   hair,PCS,28.0,24.55961,2.5e-05,12.138
62031200,Men's or boys' suits of synthetic fibres  . .,PCS,233.0,56.473271,5.6e-05,20.115
62031900,"Men's or boys' suits of other textiles, ne  .",PCS,14903.0,6865.586061,0.006866,2551.973
62032200,Men's or boys' ensembles of cotton   .,PCS,273263.0,193086.199682,0.193086,68794.626
62032300,Men's or boys' ensembles of synthetic fibr  s,PCS,1.0,6.16578,6e-06,2.261
62032900,"Men's or boys' ensembles of other textiles  materials, nes",PCS,5373.0,6494.486348,0.006494,2311.929
62033100,Men's or boys' jackets and blazers of wool  or fine animal hair,PCS,2265.0,1698.013206,0.001698,605.065
62033200,Men's or boys' jackets and blazers of cott  n,PCS,54477.0,48562.399872,0.048562,16972.828
62033300,Men's or boys' jackets and blazers of synt  etic fibres,PCS,518947.0,404596.29676,0.404596,145006.175
62033900,"Men's or boys' jackets and blazers of othe   textiles materials, nes.",PCS,225350.0,217330.016536,0.21733,77711.018
62034100,"Men's or boys' trousers, bib&brace overall   breeches&shorts, of wool or fine ani",PCS,1675.0,778.585375,0.000779,277.179
62034200,"Men's or boys' trousers, bib & brace overa  l, breeches & shorts of cotton",PCS,868652.0,439220.245562,0.43922,156217.496
62034300,"Men's or boys' trousers, bib & brace overa  l, breeches & shorts of synthetic fib",PCS,10046.0,9064.9869,0.009065,2940.717
62034900,"Men's or boys' trousers, bib & brace overa  l, breeches & shorts of other textile",PCS,22969.0,19023.580137,0.019024,6279.404
62041100,Women's or girls' suits of wool or fine an  mal hair.,PCS,819.0,486.64356,0.000487,173.386
62041200,Women's or girls' suits of cotton   .,PCS,66750.0,36062.882726,0.036063,13317.709
62041300,Women's or girls' suits of synthetic fibre  .,PCS,214873.0,136956.632995,0.136957,49182.378
62041900,"Women's or girls' suits of other textiles   aterials, nes",PCS,1161758.0,545544.481113,0.545544,195232.644
62042100,Women's or girls' ensembles of wool or fin   animal hair.,PCS,3411.0,1053.137836,0.001053,374.988
62042200,Women's or girls' ensembles of cotton   .,PCS,134193.0,75687.763363,0.075688,27237.965
62042300,Women's or girls' ensembles of synthetic f  bres.,PCS,3579.0,2273.334845,0.002273,810.948
62042900,"Women's or girls' ensembles of other texti  es materials, nes",PCS,618753.0,326738.189142,0.326738,117555.009
62043100,Women's or girls' jackets and blazers of w  ol or fine animal hair,PCS,104.0,125.07684,0.000125,44.67
62043200,Women's or girls' jackets and blazers of c  tton.,PCS,2456.0,2429.504498,0.00243,893.013
62043300,Women's or girls' jackets and blazers of s  nthetic fibres,PCS,27649.0,23166.378834,0.023166,8336.208
62043900,"Women's or girls' jackets and blazers of o  her textiles materials, nes",PCS,14365.0,12591.221132,0.012591,4688.665
62044100,Women's or girls' dresses of wool or fine   nimal hair,PCS,3271.0,2399.056697,0.002399,854.6
62044200,Women's or girls' dresses of cotton   .,PCS,511002.0,282593.028876,0.282593,101912.883
62044300,Women's or girls' dresses of synthetic fib  es,PCS,26937.0,10411.914425,0.010412,3715.445
62044400,Women's or girls' dresses of artificial fi  res,PCS,848.0,1469.201869,0.001469,523.053
62044900,"Women's or girls' dresses of other textile  , nes",PCS,58947.0,44499.82405,0.0445,16159.084
62045100,Women's or girls' skirts and divided skirt   of wool or fine animal hair.,PCS,462.0,213.5705,0.000214,76.106
62045200,Women's or girls' skirts and divided skirt   of cotton,PCS,9296.0,2689.901061,0.00269,959.516
62045300,Women's or girls' skirts and divided skirt   of synthetic fibres.,PCS,42513.0,20651.248117,0.020651,7388.367
62045900,"Women's or girls' skirts and divided skirt   of other textiles materials, nes",PCS,22958.0,10274.64515,0.010275,3690.024
62046100,"Women's or girls' trousers, breeches, etc,  of wool or fine animal hair",PCS,347.0,139.375399,0.000139,55.677
62046200,"Women's or girls' trousers, breeches, etc,  of cotton",PCS,39483.0,23470.652555,0.023471,8453.1
62046300,"Women's or girls' trousers, breeches, etc,  of synthetic fibres",PCS,5742.0,3144.67586,0.003145,1135.088
62046900,"Women's or girls' trousers, breeches, etc,  of other textiles materials, nes.",PCS,147701.0,69357.007874,0.069357,25420.25
62052000,Men's or boys' shirts of cotton   .,PCS,401690.0,211836.372904,0.211836,75844.569
62053000,Men's or boys' shirts of man-made fibres  . .,PCS,805.0,744.903415,0.000745,265.336
62059000,"Men's or boys' shirts of other textiles ma  erials, nes",PCS,84701.0,29125.213874,0.029125,10577.058
62061000,"Women's or girls' blouses, shirts, shirt-b  ouse of silk or silk waste",PCS,40145.0,6354.460979,0.006354,2281.087
62062000,"Women's or girls' blouses, shirts, shirt-b  ouse of wool or fine animal hair.",PCS,80128.0,25381.409766,0.025381,9120.186
62063000,"Women's or girls' blouses, shirts, shirt-b  ouse of cotton",PCS,82961.0,32272.036187,0.032272,11614.413
62064000,"Women's or girls' blouses, shirts, shirt-b  ouse of man-made fibres",PCS,26492.0,4600.777422,0.004601,1638.439
62069000,"Women's or girls' blouses, shirts, shirt-b  ouse of other textiles, nes",PCS,176798.0,59362.948208,0.059363,21535.257
62071100,Men's or boys' underpants and briefs of co  ton,PCS,54746.0,2907.978209,0.002908,1042.545
62071900,"Men's or boys' underpants and briefs of te  tile materials, nes",PCS,50139.0,4612.944603,0.004613,1646.072
62072100,Men's or boys' nightshirts and pyjamas of   otton,PCS,5399.0,3374.55214,0.003375,1201.492
62072200,Men's or boys' nightshirts and pyjamas of   an-made fibres,PCS,14603.0,5412.431469,0.005412,1926.882
62072900,"Men's or boys' nightshirts and pyjamas of   extile materials, nes",PCS,18517.0,8778.697061,0.008779,3169.954
62079110,"Men's or boys' singlets dressing gowns,  et , of cotton",PCS,1.0,0.37638,0.0,0.071
62079190,Other gowns and similar articles of cotton,PCS,29830.0,1536.892517,0.001537,547.205
62079910,Gowns of other textile materials used for medical and surgical purpose,PCS,2775.0,590.132469,0.00059,110.128
62079990,Other gown and similar articles of other textile materials,PCS,5045.0,1317.691052,0.001318,587.881
62081100,Women's or girls' slips and petticoats of   an-made fibres,PCS,45753.0,11050.070753,0.01105,3952.51
62081900,"Women's or girls' slips and petticoats of   ther textiles materials, nes.",PCS,129195.0,43463.211665,0.043463,15559.697
62082100,Women's or girls' nightdresses and pyjamas  of cotton,PCS,100508.0,21126.05003,0.021126,7531.801
62082200,Women's or girls' nightdresses and pyjamas  of man-made fibres,PCS,3074.0,1215.749471,0.001216,436.011
62082900,"Women's or girls' nightdresses and pyjamas  of textile materials, nes",PCS,568007.0,214904.655519,0.214905,78237.507
62089110,"Gowns of cotton, use for medical and surgical purposes",PCS,1.0,1.7421,2e-06,0.327
62089190,Other gowns and similar articles of cotton,PCS,1546.0,1228.316004,0.001228,437.357
62089210,Gowns of man made fibre use for medical and surgicla purposes,PCS,1.0,0.69014,1e-06,0.13
62089290,Other gowns and similar articles of man made fibre,PCS,1670.0,838.842047,0.000839,298.697
62089910,Gowns of other textiles materials use for medical and surgical purposes,PCS,4560.0,525.974875,0.000526,98.164
62089990,"Women's or girls' dressing gowns, panties,  etc, of other textiles, nes",PCS,2894026.0,142689.42378,0.142689,50930.909
62092000,Babies' garments and clothing accessories   f cotton.,PCS,186124.0,46201.144825,0.046201,16534.266
62093000,Babies' garments and clothing accessories   f synthetic fibres,PCS,1863997.0,573888.261582,0.573888,207051.071
62099000,"Babies' garments and clothing accessories   f other textiles, nes",PCS,701503.0,170113.516593,0.170114,61753.919
62101010,Garments use in medical & surgical purposes made of fabric of heading 5602 or 5603,PCS,224772.0,3358.067183,0.003358,626.978
62101090,"Garments, made up of fabrics of 5602 or 5 6 3",PCS,4925.0,1334.623176,0.001335,121.982
62102010,Other garments use in medical & surgical purpose of heading 62.01,PCS,23172.0,2239.717174,0.00224,417.917
62102090,Other garments of the type described in heading 62.01,PCS,494.0,3276.455789,0.003276,1075.057
62103010,Â  Other garments use in medical & surgical purpose of heading 62.02,PCS,500000.0,330.181258,0.00033,61.649
62103090,Â  Other garments type described in heading 62.02,PCS,424830.0,2833.123519,0.002833,1008.68
62104010,Other men's or boy's garments used for medical & surgical purposes,PCS,840.0,1135.234459,0.001135,211.801
62104090,"Other men's or boys' garments made up of f  brics of 5903, 5906 or 5907",PCS,75601.0,34139.477298,0.034139,12180.218
62105090,"Other women's or girls' garments made up o   fabrics of 5903, 5906 or 5907",PCS,187961.0,103061.119078,0.103061,37047.482
62111100,Men's or boys' swimwear   .,PCS,9934.0,5426.998711,0.005427,1973.787
62111200,Women's or girls' swimwear   .,PCS,2505.0,965.144271,0.000965,343.694
62112000,Ski suits  . .,PCS,266.0,70.65447,7.1e-05,25.421
62113220,Lungi and dhoti men's or boys'  of cotton,PCS,106123.0,19228.867197,0.019229,4798.509
62113290,"Other garments, men's or boys of cotton   .",PCS,1631.0,767.233074,0.000767,273.647
62113310,Aprons of man made fibre use for medical surgical purposes,PCS,10.0,1.55949,2e-06,0.291
62113320,Lungi and dhoti mens' or boys' Of man-made fibres,PCS,5317.0,676.444897,0.000676,168.099
62113390,Men's or boys' garments of man-made fibres   nes.,PCS,22064.0,9893.380269,0.009893,3643.264
62113910,Aprons of other textiles materials use for medical and surgical purposes,PCS,320.0,47.881019,4.8e-05,8.933
62113990,"Men's or boys' garments of other textiles   aterials, nes",PCS,20737.0,9185.567094,0.009186,3274.568
62114210,"Aprons of cottons use for medical and surgical purpose, for women's or girl's",PCS,4572.0,168.716604,0.000169,69.525
62114220,"Saree, Lungi & Dhoti women's or girls' of cotton",PCS,943775.0,317158.387218,0.317158,77776.11
62114290,"Other garments, women's or girls of cotton  .",PCS,41741.0,49174.45175,0.049174,17660.096
62114310,Apron of man made fibres (Use of Medical & Surgical Purpose),PCS,351.0,623.307705,0.000623,116.328
62114320,"Saree, lungi & dhoti women's or girls' or manmade fibres",PCS,1631823.0,818784.392595,0.818784,200997.554
62114390,"Other garments, women's or girls of manmad   fibres",PCS,5699.0,5797.24538,0.005797,2102.918
62114910,Apron of other textile materials,PCS,9696.0,2009.359226,0.002009,380.041
62114990,Other garments of other textiles material,PCS,142847.0,60184.409553,0.060184,16178.345
62121000,Brassieres   .,PCS,2158645.0,97495.461199,0.097495,35041.953
62122000,Girdles and panty-girdles   .,PCS,254286.0,12396.807076,0.012397,4466.346
62123000,Corselettes   .,PCS,80.0,12.16313,1.2e-05,7.609
62129010,"Belt, knee cap, anklet, wrist band, waist band & similar articles",PCS,222166.0,34215.686639,0.034216,6429.603
62129090,"Corsets, braces, garters, suspenders and s  milar articles",PCS,434076.0,6435.92749,0.006436,2391.497
62132000,Handkerchiefs of cotton   .,PCS,409990.0,5773.566015,0.005774,2133.627
62139000,"Handkerchiefs of other textiles, nes  . .",PCS,436782.0,5880.200799,0.00588,2254.209
62141000,"Shawls, scarves, mufflers, mantillas, veil  , etc, of silk or silk waste.",PCS,452715.0,52170.497647,0.05217,18963.961
62142000,"Shawls, scarves, mufflers, mantillas, veil  , etc, of wool or fine animal hair",PCS,16120.0,2794.023882,0.002794,999.515
62143000,"Shawls, scarves, mufflers, mantillas, veil  , etc, of synthetic fibres",PCS,3821.0,627.144614,0.000627,224.06
62144000,"Shawls, scarves, mufflers, mantillas, veil  , etc, of artificial fibres",PCS,167139.0,26127.714252,0.026128,9504.458
62149000,"Shawls, scarves, mufflers, mantillas, veil  , etc, of other textiles materials, n",PCS,1245533.0,90670.581895,0.090671,33454.321
62151000,"Ties, bow ties and cravats of silk or silk  waste",PCS,11281.0,1442.96858,0.001443,519.226
62152000,"Ties, bow ties and cravats of man-made fib  es",PCS,1488.0,29.51031,3e-05,16.664
62159000,"Ties, bow ties and cravats of other textil  s materials, nes.",PCS,23811.0,429.017905,0.000429,157.607
62160000,"Gloves, mittens and mitts   .",PCS,1086575.0,50481.76439,0.050482,18287.141
62171000,"Other made up clothing accessories, nes",PCS,141803.0,3560.722874,0.003561,1120.821
62179000,"Parts of garments or of clothing accessori  s, other than those of heading 6212,",PCS,110451.0,1297.248609,0.001297,436.376
63011000,Electric blankets   .,PCS,51174.0,6405.318284,0.006405,688.23
63012000,"Blankets (excl electric blankets) and tra v lling rugs, of wool or fine animal ha",PCS,7787.0,6548.012794,0.006548,475.044
63013000,"Blankets (excl electric blankets) and tra v lling rugs, of cotton",PCS,30162.0,7537.554811,0.007538,2528.705
63014000,Blankets (excl electric blankets) & trave l ing rugs of synthetic fibres.,PCS,209969.0,75141.759726,0.075142,22529.888
63019000,"Other blankets and travelling rugs, nes   .",PCS,158971.0,76484.649859,0.076485,14298.017
63021010,"Pillow cover, knitted or crocheted",PCS,2366.0,731.435335,0.000731,219.05
63021090,"Bed linen, knitted or crocheted",PCS,8837.0,4059.49753,0.004059,1221.952
63022110,"Pillow cover, Printed of cotton (excl knitted or crocheted).",PCS,15614.0,2243.316262,0.002243,678.684
63022190,"Bed linen, printed of cotton (excl knitted or crocheted).",PCS,35365.0,12470.975463,0.012471,3769.585
63022210,"Pillow cover, man-made fibres(excl knitted or crocheted & printed).",PCS,46.0,8.02489,8e-06,6.458
63022290,"Bed linen, man-made fibres (excl knitted or crocheted & printed).",PCS,568.0,257.794874,0.000258,77.286
63022910,"Pillow cover, of other textile materials (excl knitted or crocheted & printed)",PCS,316.0,102.278059,0.000102,30.638
63022990,"Bed linen, of other textile materials (excl knitted or crocheted & printed).",PCS,33212.0,14281.176494,0.014281,4281.431
63023110,"Other Pillow cover, Printed of cotton (excl knitted or crocheted).",PCS,75.0,46.11007,4.6e-05,14.535
63023190,"Other Bed linen, printed of cotton (excl knitted or crocheted).",PCS,2141.0,2569.714275,0.00257,1125.974
63023210,"Other Pillow cover, man-made fibres(excl knitted or crocheted & printed).",PCS,120.0,4.85646,5e-06,1.456
63023290,"Other Bed linen, man-made fibres (excl knitted or crocheted & printed).",PCS,92.0,77.473411,7.7e-05,23.464
63023910,"Other Pillow cover, of other textile materials (excl knitted or crocheted & printed)",PCS,28.0,4.85995,5e-06,1.458
63023990,"Other Bed linen, of other textile materials (excl knitted or crocheted & printed).",PCS,4279.0,4282.287078,0.004282,1282.554
63024000,"Table linen, knitted or crocheted   .",PCS,408.0,131.795382,0.000132,40.41
63025100,Other Table linen of cotton (excl knitted or crocheted),PCS,1373.0,174.430978,0.000174,54.401
63025300,Other Table linen of man-made fibres (excl knitted or crocheted),PCS,648.0,254.80125,0.000255,115.927
63025900,"Other Table linen of other textiles, nes (excl  knitted or crocheted)",PCS,22473.0,5966.256366,0.005966,1786.947
63026000,"Toilet linen and kitchen linen, of terry f  brics, of cotton.",PCS,123540.0,24042.109461,0.024042,7294.072
63029100,"Toilet linen and kitchen linen of cotton,   es",PCS,181136.0,14450.149237,0.01445,4362.393
63029300,"Toilet linen and kitchen linen of man-made  fibres, nes",PCS,94413.0,4090.199108,0.00409,1252.76
63029900,"Toilet linen and kitchen linen of other te  tiles materials, nes.",PCS,132473.0,7196.678004,0.007197,2227.78
63031200,"Curtains, interior blinds, bed, valances o   synthetic fibres, knitted or crochet",PCS,78240.0,17944.04251,0.017944,5743.242
63031900,"Curtains, interior blinds, bed, valances o   textile materials, knitted or croche",PCS,4383.0,1140.111289,0.00114,347.723
63039100,Curtains and interior blinds; curtain or b  d valances of cotton,PCS,6029.0,1178.206764,0.001178,356.097
63039200,Curtains and interior blinds; curtain/bed   alances of synthetic fibres,PCS,12659.0,5233.64992,0.005234,1568.19
63039900,Curtains and interior blinds; curtain/bed   alances of other textiles materials,PCS,8926.0,5158.542412,0.005159,1561.699
63041100,Knitted or crocheted bedspreads   .,PCS,6742.0,361.893764,0.000362,108.698
63041900,Bedspreads (excl knitted or crocheted)   .,PCS,117182.0,37951.912695,0.037952,11604.222
63042000,"Bed nets, of warp knit fabrics",PCS,13641.0,1798.429959,0.001798,584.238
63049100,"Knitted or crocheted furnishing articles,   es",PCS,9948.0,2016.084996,0.002016,739.965
63049210,Cushion cover of cottion not knitted or croacheted,PCS,6869.0,479.20396,0.000479,143.611
63049290,Others of cotton not kintted or croacheted,PCS,25192.0,3910.384747,0.00391,1172.292
63049310,Cushion cover of synthetic fibre,PCS,1573.0,82.437227,8.2e-05,24.695
63049390,Other of synthetic fibre,PCS,4488.0,2200.621629,0.002201,659.237
63049910,Cushion cover of other textile materials,PCS,6954.0,940.51873,0.000941,299.59
63049990,Others of other textile materials,PCS,49411.0,5849.501498,0.00585,1858.184
63051000,Sacks and bags of jute,Kg,1895.5,1419.938938,0.00142,425.48
63052000,"Sacks and bags, used for packing goods, of  cotton",Kg,420.360001,67.150169,6.7e-05,20.253
63053200,"Flexible intermediate bulk containers, of   an-made textile materials",Kg,170.0,440.649313,0.000441,132.041
63053300,"Sacks and bags,used for packing goods, of   olyethylene or polypropylene strip",Kg,246552.250036,74198.909802,0.074199,27044.022
63053900,"Sacks and bags, used for packing goods, of  man-made textile fibres, nes.",Kg,751.11,388.302574,0.000388,116.37
63059000,"Sacks and bags, used for packing goods, of  other textiles, nes",Kg,2153.949987,835.55924,0.000836,261.017
63061200,"Tarpaulins, awnings and sunblinds, of synt  etic fibres",PCS,7648.0,2876.609796,0.002877,649.899
63061900,"Tarpaulins, awnings and sunblinds, of othe   textiles materials, nes.",PCS,2039.0,515.778521,0.000516,290.002
63062200,Tents of synthetic fibres   .,PCS,3940.0,65105.983012,0.065106,1313.61
63062900,"Tents of other textiles, (excl cotton or  synthetic fibres)",PCS,7391.0,118737.837385,0.118738,1910.858
63064000,Pneumitic mattresses  .,PCS,181.0,1107.175718,0.001107,511.254
63069000,Other tents,PCS,3069.0,37432.8966,0.037433,383.011
63071000,"Floor-cloths, dish-cloths, dusters and sim  lar cleaning cloths.",PCS,834588.0,10957.35486,0.010957,2696.06
63072000,Life-jackets and life-belts   .,PCS,10189.0,6536.245851,0.006536,1571.159
63079010,"Cloth, cut into triangular shape in the fo  m to cover umbrella ribs.",PCS,29850.0,1232.113167,0.001232,310.914
63079020,Face mask,PCS,214594.0,1508.665798,0.001509,415.091
63079090,Others made up textile article,PCS,223815.0,18603.262047,0.018603,2900.401
63080000,"Sets of woven fabric & yarn, for making up  into rugs, tapestries, embroidered et",Kg,30.13,42.55709,4.3e-05,12.83
63090000,Worn clothing and other worn articles,Kg,74546.219976,42391.070084,0.042391,11649.954
63101000,"Sorted Used or new rags,scrap twine, cordage,rope&cable&worn out article of twine etc",Kg,571.0,180.351168,0.00018,130.145
63109000,"Other Used or new rags,scrap twine,cordage,rope& cable&worn out article of twine etc,",Kg,415.0,291.7731,0.000292,70.148
64011000,Waterproof footwear incorporating a protective metal toe-cap,PAIR,2579.0,1418.102747,0.001418,811.154
64019200,Waterproof footwear covering the ankle but not the knee,PAIR,1038.0,643.987711,0.000644,147.651
64019900,Other waterproof footwear (not covering the ankle),PAIR,1797.0,400.792413,0.000401,229.248
64021200,"Ski-boots, cross-country ski footwear and snowboard boots, of rubber or plastics",PAIR,3502.0,1956.223972,0.001956,1118.852
64021900,"Sport footwear, nes, of rubber or plastics",PAIR,166206.0,199151.576566,0.199152,113968.168
64022000,"Footwear with upper straps or thongs plugged into soles, of rubber or plastics",PAIR,69538.0,15020.76364,0.015021,9010.447
64029100,"Other footwear, covering the ankle of rubber or plastics",PAIR,106563.0,18499.578723,0.0185,10652.909
64029900,"Other footwear, nes, not covering the ankle, of rubber or plastics",PAIR,1400499.0,502233.56263,0.502234,290302.863
64031200,"Ski-boots,snowboard boots,with rubber,  plastics, leather soles, & leather uppers",PAIR,15.0,43.02193,4.3e-05,24.668
64031900,"Sports footwear, with rubber, plastics, leathersoles, leather uppers",PAIR,4640.0,3647.163164,0.003647,2230.896
64032000,"Sandles, with leather soles and straps (over instep, around big toe)",PAIR,3584.0,3795.57785,0.003796,2171.153
64034000,"Other footwear, incorporating a protective metal toe-cap",PAIR,8584.0,9494.928886,0.009495,5455.934
64035100,"Footwear with leather soles and uppers, covering the ankle",PAIR,1511.0,2362.574139,0.002363,1354.761
64035900,"Footwear with leather soles and uppers, not covering the ankle",PAIR,24743.0,4049.990136,0.00405,2323.561
64039100,"Footwear with rubber soles and leather uppers, covering the ankle",PAIR,577.0,2058.537297,0.002059,1058.76
64039900,"Footwear with rubber soles, leather uppers  not covering the ankle",PAIR,10427.0,14238.730055,0.014239,8375.386
64041110,Canvas shoes having the upper parts of  cotton,PAIR,1468.0,111.557843,0.000112,62.485
64041190,Sport footwear Having the upper parts of other fabrics,PAIR,25737.0,17203.615932,0.017204,9928.59
64041900,"Sports footwear, with rubber or plastic soles and textile uppers",PAIR,509889.0,158903.185301,0.158903,92145.075
64042000,Footwear with outer soles of leather or composition leather,PAIR,7779.0,2596.016391,0.002596,818.514
64051000,"Footwear, nes, with leather or composition leather uppers",PAIR,33944.0,18373.219232,0.018373,11193.536
64052010,Other footware with uppers of cotton textile materials,PAIR,558.0,367.089164,0.000367,205.419
64052091,Footwear of felt (Jamoth),PAIR,201.0,364.457882,0.000364,208.48
64052099,Other footware with uppers of other textile materials other than cotton,PAIR,80.0,0.9609,1e-06,0.551
64059000,"Footwear, nes",PAIR,565169.0,273382.889638,0.273383,156811.585
64061000,"Uppers & parts of footwear, other than stiffeners",PR,2888372.700001,350689.254907,0.350689,65744.668
64062000,Outer soles and heels of rubber and plastics,PR,3330642.0,305148.099161,0.305148,80283.092
64069000,Other shoe parts,PR,2572346.0,96361.673132,0.096362,16776.953
65010000,"Hat-forms, hat bodies and hoods of felt; p  ateaux and manchons of felt",PCS,16252.0,3910.16196,0.00391,1171.302
65020000,"Hat-shapes, plaited or made by assembling   trips of any material",PCS,221.0,15.83448,1.6e-05,4.744
65040000,"Hats and other headgear, plaited or assemb  ed by strips of any material.",PCS,25947.0,1745.814974,0.001746,550.159
65050011,Disposable hairnets used for surgical or medical purpose,Kg,986.490002,379.26477,0.000379,71.604
65050019,Other hair nets,Kg,5160.06,2058.620987,0.002059,482.839
65050021,Cap of felt (Jamoth),PCS,40.0,0.96,1e-06,0.288
65050029,Cap of other,PCS,16977.0,1043.901773,0.001044,321.101
65050030,Sun cap,PCS,36753.0,11534.521099,0.011535,3497.701
65050090,Other cap,PCS,1517748.0,105898.775089,0.105899,32545.035
65061000,Safety headgear,PCS,107708.0,126763.24917,0.126763,44953.498
65069100,"Other headgear, of rubber or plastics",PCS,22548.0,1644.531111,0.001645,428.954
65069900,"Other headgear of other materials, nes",PCS,88198.0,4915.925857,0.004916,1862.265
65070000,"Head-bands, linings, covers, hat foundations, etc, for headgear.",Kg,21791.856517,15361.562382,0.015362,3940.298
66011000,Garden or similar umbrellas   .,PCS,9527.0,7380.721991,0.007381,3621.161
66019100,"Umbrellas and sun umbrellas, having a telescopic shaft",PCS,2766.0,686.721932,0.000687,207.698
66019900,"Umbrellas and sun umbrellas, nes",PCS,132904.0,21893.519461,0.021894,6568.04
66020010,White cane to be used by people with visual impairement,PCS,426.0,93.000919,9.3e-05,0.0
66020090,"Walking-sticks, seat-sticks, whips, riding  crops and the like",PCS,35602.0,9654.818143,0.009655,1801.107
66032000,"Umbrella frames, including frames mounted   n shafts (sticks)",Kg,5.0,1.2812,1e-06,0.241
66039000,"Parts, trimmings and accessories of articl  s of 6601 or 6602, nes",Kg,2451.0,333.768881,0.000334,62.389
67010000,"Skins & other parts of birds with other fe  thers or down, feathers, etc.",Kg,10.8,5.78956,6e-06,1.082
67029010,"Artificial flowers, foliage, etc and artic  es thereof of other materials",Kg,1632.0,564.078229,0.000564,278.53
67029090,"Artificial flowers, foliage, etc and artic  es thereof of other materials",Kg,2616.1,1128.258608,0.001128,555.712
67030000,"Human hair, dressed, etc; animal hair and   ther textile materials for wigs",Kg,231.42,13236.358884,0.013236,2286.124
67041100,Complete wigs of synthetic textile materia  s,Kg,568.884001,2593.593404,0.002594,153.031
67041900,"False beards, eyebrows and eyelashes, etc,  of synthetic fibres.",Kg,510.236,3297.130396,0.003297,590.986
67042000,"Wigs, false beards, eyebrows, etc and arti  les, nes, of human hair",Kg,219.075,722.190096,0.000722,261.587
67049000,"Wigs, false beards, eyebrows, etc, nes of   ther materials",Kg,655.206,942.20568,0.000942,336.558
68010000,"Setts, curbstones and flagstones, of natur  l stone (except slate)",Kg,650.0,202.942062,0.000203,49.316
68021000,"Tiles, cubes and similar articles, whether or not rectangular (including square), the",Kg,3224.22,364.668642,0.000365,251.956
68022100,"Marble, travertine, alabaster, cut/sawn, w  th flat/even surface",Kg,272106.14,5434.897172,0.005435,3771.469
68022300,"Granite, cut/sawn, with flat/even surface",Kg,3137723.0,85004.311183,0.085004,57371.836
68022900,"Monumental/building stone, nes, cut/sawn,   ith flat/even surface",Kg,3455.0,214.225061,0.000214,161.986
68029100,"Marble, travertine and alabaster, worked  .",Kg,2904.0,282.53808,0.000283,201.944
68029200,"Calcareous stone (excl marble, travertine   nd alabaster), worked",Kg,8.0,0.9609,1e-06,0.664
68029300,Worked granite,Kg,339250.0,7598.981021,0.007599,5238.931
68029900,"Monumental/building stone, nes, worked",Kg,4994.0,433.641633,0.000434,299.228
68030000,Worked slate and articles of slate or of a  glomerated slate,Kg,316.0,41.191992,4.1e-05,10.077
68041000,"Millstones and grindstones for milling, gr  nding or pulping",Kg,408001.067662,12770.852888,0.012771,3105.208
68042100,"Millstones, grindstones, etc, of agglomera  ed synthetic or natural diamond",Kg,9770.290009,11962.897826,0.011963,2597.748
68042200,"Millstones, grindstones, etc, of other agg  omerated abrasives or of ceramics",Kg,232419.728338,114914.448173,0.114914,27767.279
68042300,"Millstones, grindstones, grinding wheels &  the like of natural stone",Kg,6498.11,2094.749226,0.002095,509.163
68043000,Hand sharpening or polishing stones   .,Kg,17005.049982,4544.346995,0.004544,1100.764
68051000,"Natural or artificial abrasive powder/grai  , on  a base of woven textile fabric",Kg,31198.220014,15481.515434,0.015482,4540.896
68052000,"Natural or artificial abrasive powder/grai  , on paper/paperboard",Kg,46283.305306,14453.677908,0.014454,4027.88
68053000,"Natural or artificial abrasive powder/grai  , on a base of materials, nes",Kg,16324.492884,6353.528261,0.006354,1742.206
68061000,"Slag wool, rock wool, etc (incl intermixt u es) in bulk, sheets or rolls.",Kg,68000.2,7777.479815,0.007777,1828.474
68062000,"Exfoliated vermiculite, expanded clays, et   (incl intermixtures)",Kg,5320.0,786.154848,0.000786,191.699
68069000,Mixtures and articles of heat/sound-insula  ing materials,Kg,91391.601562,17973.270348,0.017973,4234.011
68071000,Articles of asphalt or of similar material   in rolls,Kg,29452.560059,4304.707656,0.004305,1392.335
68079000,Articles of asphalt or of similar material  (excl in rolls).,Kg,28409.0,3355.588598,0.003356,920.344
68080010,"Boards/pannels made of mixtures of dust,ce  ent and different chemical binders",SQM,91.0,124.302502,0.000124,53.451
68080090,"Other boards/pannelsmade of other binders,  nes.",SQM,7.4348,35.53934,3.6e-05,15.266
68091100,"Boards, sheets, tiles, of plaster, r einfor ed with paper or paperboard only.",SQM,924384.751366,202278.844866,0.202279,68091.485
68091900,"Boards, sheets, tiles, of plaster or co mpo itions based on plaster, nes.",SQM,94226.160278,18545.952243,0.018546,7964.906
68099000,"Articles of plaster or compositions based   n plaster, nes",Kg,803.0,163.2512,0.000163,70.185
68101110,Autoclaved aerated concrete blocks (A.A.C. block),PCS,42071.0,270.107099,0.00027,116.214
68101190,Other Building blocks and bricks,PCS,11147.0,9666.946344,0.009667,4151.754
68101910,Unfried modified clay material (M.C.M.) travertine,SQM,0.4,0.9978,1e-06,0.69
68101990,"Flagstones and similar articles of cement,  concrete or artificial stone.",PCS,1264.0,11680.134571,0.01168,3720.274
68109100,"Prefabricated structural components for bu  lding, etc, of cement",Kg,5.5,12.07471,1.2e-05,4.437
68109900,"Articles of cement, concrete or artificial  stone, nes",Kg,83784.900002,4886.148992,0.004886,1378.747
68118100,Corrugated sheets not containing asbestos,Kg,558535.949219,16106.692225,0.016107,5116.104
68118200,"Other sheets, panels, tiles and similar ar  icles, not containing asbestos",Kg,5041170.019923,129211.466752,0.129211,41404.322
68118900,"Other articles, not containing asbestos",Kg,26.0,9.27462,9e-06,1.022
68132010,Break Lining and Pads containing asbestos,PCS,5768.0,6359.042675,0.006359,2024.997
68132090,Frictional material & articles there of containing asbestos,PCS,5900.0,464.958062,0.000465,170.781
68138100,"Brake linings and pads, not containing asbestos",PCS,210377.0,77313.683336,0.077314,26094.653
68138900,"Othe friction material & article, not containing asbestos",PCS,549.0,1288.060697,0.001288,473.322
68141000,"Plates, sheets and strips of agglomerated   r reconstituted mica",Kg,228.99,170.233084,0.00017,51.057
68149000,"Worked mica and articles of mica, nes",Kg,7136.660001,576.56607,0.000577,163.25
68151100,Carbon fibres,Kg,1530.0,4579.154,0.004579,1371.523
68151200,Fabrics of carbon fibres,Kg,4110.0,13316.625281,0.013317,3920.036
68151300,Other articles of carbon fibres,Kg,330.0,2378.2985,0.002378,712.366
68151900,Other carbon fibres,Kg,611.624996,1533.168559,0.001533,453.353
68159100,"Containing magnesite, magnesia in the form of periclase, dolomite including in the fo",Kg,200.0,17.6165,1.8e-05,5.342
68159900,"Articles of stone or other mineral substan  es, nes.",Kg,241929.814979,6793.788156,0.006794,1792.356
69010000,"Bricks, blocks, tiles of siliceous foss il  eals or earths",Kg,8184.0,467.530687,0.000468,113.677
69021000,"Refractory bricks, blocks, tiles, >50%  MgO  CaO, Cr2O3",Kg,175056.32,17039.557563,0.01704,3434.459
69022000,"Refractory bricks, blocks, >50% silica  (Si 3) or alumina (Al2O3)",Kg,1179017.570435,75657.252451,0.075657,15187.081
69029000,"Refractory bricks, blocks, tiles, etc, nes",Kg,585013.05,20595.632418,0.020596,4428.011
69031000,"Containing, by weight, more than 50 % of free carbon",Kg,15050.59,3645.103473,0.003645,140.367
69032000,"Refractory ceramic goods, nes, >50% of alu  ina (Al2O3) or silica (SiO2).",Kg,103374.799805,24431.302603,0.024431,5261.539
69039000,"Other refractory ceramic goods, nes",Kg,261116.050019,16487.726011,0.016488,3497.438
69041000,Ceramic building bricks,PCS,3058.0,317.881743,0.000318,77.386
69049000,"Ceramic flooring blocks, support or filler  tiles and the like",Kg,604.0,24.29476,2.4e-05,11.463
69051000,Ceramic roofing tiles,Kg,742751.6,11231.097045,0.011231,2985.484
69059000,"Ceramic chimney-pots and ceramic constr uct onal goods,nes",Kg,160.0,11.70185,1.2e-05,2.846
69072100,Of a water absorption coefficient by weight not exceeding 0.5 %,SQM,63467.024587,50936.285425,0.050936,35443.035
69072200,Of a water absorption coefficient by weight exceeding 0.5 % but not exceeding 10 %,SQM,6280.720064,3496.16757,0.003496,2410.565
69072300,Of a water absorption coefficient by weight exceeding 10 %,SQM,139593.189885,53611.680845,0.053612,36961.906
69073000,"Mosaic cubes and the like, other than those of subheading 6907.40",SQM,752.416298,1911.85184,0.001912,1318.141
69074000,Finishing Ceramics,SQM,355386.444549,192685.436819,0.192685,132964.87
69091100,"Ceramic wares for laboratory use, of po rce ain or china",PCS,1281.0,56.24405,5.6e-05,16.854
69091200,"Ceramic wares for laboratory use, havin g a hardness >=9 on the Mohs scale",PCS,2554.0,9770.315125,0.00977,2926.407
69091900,Ceramic wares for laboratory use(exclp orce ain or china)having a hardness <9,PCS,8535.0,829.918252,0.00083,248.865
69099000,"Ceramic (agricultural) troughs, tubs; c era ic pot, jars, nes",PCS,25.0,15.19664,1.5e-05,4.604
69101000,"Ceramic sinks, wash basin, and other sa nit ry fixtures, of porcelain or china",PCS,169853.0,320784.37373,0.320784,114751.038
69109000,"Ceramic sinks, wash basins, baths and o the  sanitary fixtures, nes",PCS,30876.0,130166.374316,0.130166,46464.928
69111000,"Tableware and kitchenware, of porcelain or  china",PCS,1136574.0,67566.430261,0.067566,24123.976
69119000,"Household and toilet articles, nes, of por  elain or china",PCS,2405.0,296.195471,0.000296,105.468
69120000,"Ceramic tableware, kitchenware, other hous  hold articles (excl porcelain or chin",PCS,121432.0,4453.443536,0.004453,1591.823
69131000,Statuettes and other ornamental ceramic ar  icles of porcelain or china,PCS,63493.0,7756.287526,0.007756,2955.448
69139000,Statuettes and other ornamental articles (  xcl porcelain or china),PCS,22073.0,2275.535952,0.002276,842.608
69141000,"Ceramic articles, nes, of porcelain or chi  a",PCS,1787.0,116.261218,0.000116,43.88
69149000,"Ceramic articles, nes (excl porcelain or  c ina).",PCS,38133.0,18364.067264,0.018364,5739.47
70010000,"Cullet and other waste and scrap of glass, excluding glass from cathode ray tubes or",Kg,52.0,13.65708,1.4e-05,3.388
70021000,"Balls of glass, unworked  .",Kg,20.0,5.65094,6e-06,1.377
70022000,"Rods of glass, unworked",Kg,5730.0,800.622316,0.000801,194.562
70023200,Tubes of other glass with a lce =<5x10-6/k   unworked,Kg,49042.600006,6712.053147,0.006712,1631.178
70023900,"Tubes of glass, unworked, nes",Kg,168.65,71.74664,7.2e-05,26.424
70031200,"Non-wired unworked sheets of cast/rolled g  ass, coloured, opacified, flashed or",SQM,6856.632599,4122.823422,0.004123,2236.654
70031900,"Non-wired unworked sheets of cast/rolled g  ass, nes",SQM,2463.990059,1869.765861,0.00187,1014.346
70032000,Wired unworked sheets of cast/rolled glass,SQM,3.0,0.7314,1e-06,0.398
70042000,"Unworked drawn/blown glass, coloured, opac  fied,flashed or with absorbant lay",SQM,68.5,141.620911,0.000142,77.029
70049000,"Unworked drawn/blown glass (excl coloured , opacified, etc), nes.",SQM,103029.002297,24547.733583,0.024548,13316.765
70051000,"Non-wired unworked sheets of float/ground/  olished glass, with absorbant layer",SQM,442655.723464,317238.329321,0.317238,172100.371
70052100,"Non-wired unworked sheets of float/ground/  olished glass, coloured",SQM,51227.176663,44114.3403,0.044114,22617.352
70052900,"Non-wired unworked sheets of float/ground/  olished glass, nes",SQM,314932.769656,230537.366946,0.230537,116912.755
70053000,Wired unworked sheets of float/ground/poli  hed glass.,SQM,28.35,15.35365,1.5e-05,8.332
70060000,"Glass of 7003, 7004 or 7005, bent, edge -wo ked, engraved, etc",Kg,1875.389207,1543.173446,0.001543,837.451
70071100,"Toughened (tempered) safety glass for use   n vehicles, aircraft, etc",Kg,33412.98938,15835.626966,0.015836,7996.886
70071900,"Toughened (tempered) safety glass, nes",SQM,14699.923019,8407.448981,0.008407,4605.109
70072100,"Laminated safety glass for vehicles, aircr  ft, spacecraft or vessels",Kg,38522.009984,16177.169996,0.016177,8786.666
70072900,"Laminated safety glass, nes",SQM,104358.4877,13713.7953,0.013714,8515.539
70080000,Multiple-walled insulating units of glass,PCS,24756.0,3078.708649,0.003079,1676.553
70091000,"Rear-view mirrors for vehicles, of glass  . .",PCS,177888.0,33207.214358,0.033207,18455.73
70099100,Unframed glass mirrors (excl rear-view fo r vehicles),PCS,54859.0,56870.147872,0.05687,31043.334
70099200,Framed glass mirrors (excl rear-view for  v hicles),PCS,100629.0,7398.513211,0.007399,4215.319
70101000,Glass ampoules,GRO,31182.453434,16391.001668,0.016391,176.635
70102000,"Stoppers, lids and other closures of glass",GRO,40.0,6.71431,7e-06,5.608
70109000,"Carboys, bottles, flasks, jar, pot, phials  etc of glass, nes",GRO,724213.212516,606010.575195,0.606011,155975.719
70111000,"Open glass envelopes (incl bulbs and tube s , for electric lighting",PCS,202212.0,583.908403,0.000584,115.765
70119000,"Open glass envelopes (incl bulbs and tube s , nes",PCS,2.0,86.44332,8.6e-05,25.891
70131000,"Glass-ceramic objects, used for table, kitchen, toilet, office, indoor decoration",PCS,63947.0,5376.696605,0.005377,1715.926
70132800,"Other stemware drinking glases, other than  of glass - ceramics.",PCS,722118.0,28271.097529,0.028271,10274.763
70133300,"Other drinking glasses, other than of glas   ceramic of lead crystal.",PCS,1381.0,144.432859,0.000144,51.549
70133700,"Other drinking glasses, other than of glas   ceramics",PCS,794229.0,56763.874857,0.056764,20215.112
70134100,Glassware of a kind used for tableor kitch  n purpose of lead crystal,PCS,5794.0,1212.202723,0.001212,432.241
70134200,Glassware for table of glass having a line  r coefficient of expansion<=5x10-6 pe,PCS,11067.0,622.049537,0.000622,221.484
70134900,Other - glassware of a kind used for table,PCS,1219859.0,66210.465785,0.06621,23666.479
70139100,"Glassware for toilet, office, indoor decor  tions, etc, of lead crystal",PCS,3887.0,550.885895,0.000551,196.634
70139900,"Other -  glassware, nes",PCS,179021.0,15263.143545,0.015263,5443.69
70140000,"Signalling glassware and optical elements   f glass, not optically worked",PCS,14.0,1.45042,1e-06,0.272
70151000,"Glasses for corrective spectacles, not opt  cally worked",PCS,972.0,28.3005,2.8e-05,5.352
70159000,"Clock or watch glasses, glass for non-corr  ctive spectacles, etc, now",PCS,108.0,214.252095,0.000214,40.048
70161000,"Glass cubes and other glass smallwares, fo   decorative purposes",PCS,38923.0,4156.640921,0.004157,1245.46
70169000,"Paving blocks, slabs, briks,tilesof gla ss, for building or construction purpos",PCS,14032.0,3191.779319,0.003192,956.217
70171000,"Laboratory, hygienic or pharmaceutical gla  sware, of fused quartz or other fused",Kg,125.875002,121.00221,0.000121,23.372
70172000,"Laboratory, hygienic or pharmaceutical gla  sware, lce =<5x10-6/k",Kg,4.0,67.169011,6.7e-05,12.531
70179000,"Laboratory, hygienic or pharmaceutical gla  sware, nes",Kg,21667.397295,15544.633513,0.015545,2901.693
70181010,"Bangles,tika ,tikuli & beds",GRO,890286.051903,157458.67614,0.157459,20517.119
70181020,Glass beads (Pote),Kg,141163.05,65594.490014,0.065594,19988.285
70181090,other glass smallwares,Kg,65696.999951,19835.833947,0.019836,6010.272
70182000,Glass microspheres =<1mm in diameter  .,Kg,102.0,13.57516,1.4e-05,4.07
70189010,Glass statuette and ornamental articles,PCS,4180.0,364.186737,0.000364,129.744
70189090,"Glass statuettes and other ornaments of la  p-worked glass,  nes",Kg,1862.5,528.871611,0.000529,190.959
70191100,"Chopped strands, of a length of not more than 50 mm",Kg,8054.700012,785.388996,0.000785,190.984
70191200,Rovings,Kg,24000.0,1825.05025,0.001825,443.49
70191300,"Other yarn, slivers",Kg,270.0,14.14125,1.4e-05,3.569
70191500,Chemically bonded mats,Kg,32566.399506,5835.6403,0.005836,1326.98
70191900,"Other Slivers, rovings, yarn and chopped strands and mats thereof",Kg,2811.0,1097.92284,0.001098,251.948
70196100,losed woven fabrics of rovings,Kg,219.0,39.37141,3.9e-05,8.1
70196200,Other closed fabrics of rovings,Kg,4.0,30.108569,3e-05,7.385
70196400,"Closed woven fabrics, plain weave, of yarns, coated or laminated",Kg,53.0,165.134809,0.000165,40.132
70196500,Open woven fabrics of a width not exceeding 30 cm,Kg,2.0,1.93933,2e-06,0.472
70196600,Open woven fabrics of a width exceeding 30 cm,Kg,1683.0,1665.7586,0.001666,404.782
70196900,Other Mechanically bonded fabrics,Kg,290.0,131.53982,0.000132,27.615
70197100,Veils (thin sheets) -Chemically bonded fabrics,Kg,480.0,394.206813,0.000394,95.793
70197300,Other open fabrics -Chemically bonded fabrics,Kg,3200.0,1006.18025,0.001006,199.088
70198000,Glass wool and articles of glass wool,Kg,2969.407997,1500.892708,0.001501,365.117
70199000,Other Chemically bonded fabrics,Kg,37522.39981,13657.149523,0.013657,3312.694
70200000,"Other articles of glass, nes  .",PCS,16407.0,1264.726442,0.001265,450.909
71011000,"Natural pearls (excl strung, mounted or s e )",Kg,0.8,657.338375,0.000657,92.948
71012100,"Unworked cultured pearls, (excl strung, m o nted or set)",Kg,1.35,1227.203551,0.001227,228.954
71012200,"Worked cultured pearls, (excl strung, mou n ed or set)",Kg,30.0,704.29275,0.000704,99.517
71023900,"Other non-industrial diamonds, not mounted  or set, nes",CAR,9561.849995,432652.776966,0.432653,61135.922
71031000,"Precious(excldiamonds)or semi-precious stones,unworked or simply sawn or roughly",Kg,51.72,52.781969,5.3e-05,12.932
71039900,"Precious or semi-precious stones, worked but not set, nes",CAR,112.0,123.792393,0.000124,23.235
71042100,Diamonds unworked or simply sawn or roughly shaped,CAR,451.860002,8128.207882,0.008128,1148.627
71049100,Diamonds (excel unworked or simply sawn or roughly shaped),Kg,0.36,0.77982,1e-06,0.146
71049900,Other precious or semi-precious stones (excel diamond),Kg,0.303,226.609695,0.000227,55.133
71061000,Powder of silver,GRM,2300000.0,661922.42,0.661922,132385.265
71069100,Unwrought silver (incl silver plated with   old or platinum),GRM,2146363.329021,652319.851947,0.65232,130466.135
71069200,Silver,GRM,10315.085,405.284932,0.000405,81.256
71081200,"Other unwrought gold (incl gold plated wi t  platinum), non-monetary.",GRM,2607.009804,56438.653465,0.056439,11335.562
71081300,Gold,GRM,50000.0,1012654.784,1.012655,202531.08
71131100,Articles of jewellery and parts thereof of silver,GRM,13729.132609,3122.026234,0.003122,339.338
71131910,"Jewellery of Gold, including parts",GRM,7742.916794,164234.93775,0.164235,18179.869
71131990,"Jewellery of other precious metal, including parts",GRM,1.0,1.6015,2e-06,0.481
71132000,Articles of jewellery & parts thereof of b  se metal clad with precious metal,GRM,59.0,174.064656,0.000174,52.285
71141100,Articles of goldsmiths' or silversmiths' w  res of silver,GRM,200.0,2.35478,2e-06,0.0
71159000,Articles of metal clad with precious metal   nes,GRM,40901.0,253.92129,0.000254,61.711
71162000,Articles of precious or semi-precious ston  s (excl pearls).,GRM,757622.15,522.011532,0.000522,128.063
71171100,Cuff-links and studs of base metal (incl  p ated),Kg,62.72,138.179013,0.000138,50.917
71171900,"Imitation jewellery of base metal (incl p l ted), nes",Kg,125230.568043,102002.512668,0.102003,39481.99
71179000,Imitation jewellery (excl of base metal)  n s,Kg,16402.102,20610.175306,0.02061,7815.917
72011000,"Non-alloy pig iron containing, =<05% phos p orus, in pigs, blocks or other primer",Kg,17702310.0,1095978.243625,1.095978,154873.763
72015000,"Alloy pig iron;spiegeleisen; in pigs, bloc  s or other primary forms.",Kg,215.5,31.816661,3.2e-05,6.683
72021100,"Ferro-manganese, containing by weight >2%   arbon",Kg,500.0,82.377906,8.2e-05,15.364
72021900,"Ferro-manganese, containing by weight =<2%  carbon",Kg,2000.0,528.391891,0.000528,98.676
72022100,"Ferro-silicon, containing by weight >55% o   silicon",Kg,10950.0,1999.471509,0.001999,308.381
72022900,"Ferro-silicon, containing by weight =<55%   f silicon",Kg,500.0,128.071195,0.000128,23.953
72023000,Ferro-silico-manganese,Kg,3236080.0,396470.90711,0.396471,56025.102
72029900,"Ferro-alloys, nes",Kg,2710.0,730.587555,0.000731,136.387
72031000,"Ferrous products obtained by direct reduct  on of iron ore,in lumps,pellets or si",Kg,236165190.0,10192848.428625,10.192848,1440310.778
72039000,"Spongy ferrous products, nes, and 9994% p u e iron, in lumps, pellets or similar",Kg,6.0,0.56053,1e-06,0.106
72041000,Waste and scrap of cast iron  .,Kg,1630.0,108.12581,0.000108,20.176
72044900,"Ferrous waste and scrap, nes  .",Kg,3567180.0,218111.69243,0.218112,30852.713
72051000,"Granules, of pig iron, spiegelelsen, iron   r steel.",Kg,9250.0,1186.485286,0.001186,221.547
72052900,"Powders of pig iron, spiegeleisen, iron or  steel (excl alloy steel).",Kg,5.0,9.90733,1e-05,1.849
72061000,"Ingots of iron and non-alloy steel, nes",Kg,173.0,83.806311,8.4e-05,16.316
72069000,"Iron and non-alloy steel, in primary forms  (excl ingots), nes",Kg,23.3,5.92261,6e-06,2.112
72071100,"Semi-finished products of iron/steel, <02 5  carbon, of squarish section, width <",Kg,15.0,9.98417,1e-05,1.864
72071900,"Semi-finished products of iron or non-allo   steel, <025% carbon, nes",Kg,23852085.0,1632716.830313,1.632717,304509.09
72081000,"Flat/hot-rolled iron/steel,in coils, width  >=600mm, with patterns in relief.",Kg,132310.0,12036.053211,0.012036,2244.794
72082500,"Flat/hot-rolled iron/steel,in coils, width  >=600mm, pickled, >=475 mm thick.",Kg,17175.0,2323.057953,0.002323,433.386
72083600,"Flat/hot-rolled iron/steel,in coils, width  >=600mm, not pickled, > 10mm thicknes",Kg,287500.0,24240.7075,0.024241,4520.962
72083700,"Flat/hot-rolled iron/steel,in coils, width  =600mm,not pickled,>=475mm but<=10mm",Kg,3077885.0,262877.625969,0.262878,49027.709
72083800,"Flat/hot-rolled iron/steel,in coils, width  =600mm,not pickled,>=3mm but<475mm th",Kg,4752290.0,406835.425781,0.406835,74214.951
72083900,"Flat/hot-rolled iron/steel,in colis, width  >=600mm, not pickled,<3mm thickness",Kg,39658996.0,3297993.630125,3.297994,560498.659
72085100,"Flat/hot-rolled iron/steel,not in coils, w  dth >=600mm, > 10mm thickness",Kg,4226017.5,448140.289142,0.44814,41929.739
72085200,"Flat/hot-rolled iron/steel,not in coils, w  dth >=600mm, >=475mm but <=10mm thick",Kg,219667.5,22442.155576,0.022442,2005.015
72085300,"Flat/hot-rolled iron/steel,not in coils, w  dth >=600mm, >=3mm but <475mm thickne",Kg,8620.0,821.729422,0.000822,153.32
72089000,"Flat/hot-rolled iron/steel, width >=600mm   es (inclfurther worked than hot-rolle",Kg,1027.7,547.561388,0.000548,102.813
72091500,"Flat/cold-rolled iron/steel, in coils, wid  h >=600mm, >=3mm thickness",Kg,11800.0,2240.123,0.00224,730.986
72091600,"Flat/cold-rolled iron/steel, in coils, wid  h >=600mm, >1mm but <3mm thickness",Kg,92388.149994,9562.048838,0.009562,2366.034
72091700,"Flat/cold-rolled iron/steel, in coils, wid  h >=600mm, >=05mm but <=1mm thickness",Kg,513080.0,48134.24825,0.048134,11586.122
72092500,"Flat/cold-rolled iron/steel, not in coils,  width >=600mm, >=3mm thickness",Kg,6250.0,543.562063,0.000544,194.579
72099000,"Flat/cold-rolled iron or non-alloy steel,   idth >=600mm, not clad, plated or coa",Kg,1591.0,546.322933,0.000546,171.93
72101100,"Flat-rolled iron/steel, width >=600mm, >=   5mm thickness,clad,plated or coated w",Kg,4716.36,3145.5994,0.003146,586.66
72101200,"Flat-rolled iron/steel, width >=600mm, <0 5 m thickness, clad, plated or coated w",Kg,9506424.0,1523104.305557,1.523104,51524.152
72102000,"Flat-rolled iron/steel, width >=600mm, pla  ed or coated with lead, including ter",Kg,27118.0,2769.741,0.00277,1299.075
72103000,"Flat-rolled iron/steel, width >=600mm, ele  trolytically-plated or coated with zi",Kg,11325.0,1839.132938,0.001839,862.621
72104100,"Flat-rolled iron/steel,width >=600mm, plat  dwith zinc,(exclelectro-plated)cor",Kg,66232.0,7019.731437,0.00702,3629.247
72104900,"Flat-rolled iron/steel,width >=600mm, plat  d or coated with zinc(exclelectro-pla",Kg,70486.429999,10326.25409,0.010326,4843.377
72106900,"Rolled iron/steel, width >=600mm, otherwis   plated or coated with aluminium, nes",Kg,52.5,18.02123,1.8e-05,8.453
72107000,"Rolled iron/steel, width >=600mm, painted,  varnished or coated with plastics",Kg,79097.0,28076.441983,0.028076,3465.086
72109000,"Rolled iron/steel, width >=600mm, otherwis   clad,plated or coated nes",Kg,12783.0,2134.176946,0.002134,1001.129
72111300,"Hot-rolled iron/steel, on 4 faces, width >  50mm but <600mm, >=4mm thick,not in c",Kg,70.0,11.58008,1.2e-05,6.026
72111400,"Flat/hot-rolled iron/steel, width <600mm,   =475mm thick, not clad or plated etc.",Kg,210.0,33.381079,3.3e-05,17.438
72111900,"Flat/hot-rolled iron or non-alloy steel, w  dth <600mm, <475mm thick,not clad,",Kg,80.150001,27.58928,2.8e-05,14.179
72112300,"Flat/cold-rolled iron/steel, width <600mm,  containing by weight < 025% carbon",Kg,358.699997,71.86936,7.2e-05,36.754
72112900,"Flat/cold-rolled iron/steel, width <600mm,  containing by weight >=025% carbon",Kg,13334.599976,1911.183812,0.001911,568.767
72119000,"Flat-rolled iron or non-alloy steel, width  <600mm, nes (inclfurther worked than",Kg,1952.71,468.034577,0.000468,192.679
72121000,"Flat-rolled iron or non-alloy steel, width  <600mm, plated or coated with tin",Kg,325.0,47.92473,4.8e-05,11.647
72122000,"Flat-rolled iron or non-alloy steel, width  <600mm, electro-plated or coated with",Kg,13250.0,1503.727094,0.001504,705.512
72123000,"Flat-rolled iron/steel, width <600mm, plat  d or coated with zinc (excl electro-p",Kg,84790.0,10058.856282,0.010059,4702.974
72124000,"Flat-rolled iron/steel, width <600mm, pain  ed, varnished or coated with plastics",Kg,25000.0,4036.152312,0.004036,1893.156
72125000,"Flat-rolled iron or non-alloy steel, width  <600mm, plated or coated, nes",Kg,164334.0,20296.887248,0.020297,9550.066
72126000,"Flat-rolled iron or non-alloy steel, width  <600mm, clad",Kg,420.0,34.610578,3.5e-05,19.99
72139110,"Bar & rods, hot-rolled circular cross-sect  on measuring <=8mm in diameter",Kg,27486440.0,1962379.593625,1.96238,504708.652
72139900,"Hot-rolled iron or non-alloy steel bars &   ods, in irregularly wound coils, nes.",Kg,1285.5,402.067259,0.000402,6.075
72141000,"Iron or non-alloy steel bars and rods, for  ed,.",Kg,55252.311982,5245.516712,0.005246,2611.77
72142000,"Iron/steel bars & rods, hot-rolled,twis ted  or with deformations from rolling",Kg,206380.0,16960.886461,0.016961,48.104
72143000,"Bars and rods of free-cutting steel, hot-r  lled,hot-drawn or hot-extruded, ne",Kg,23.0,2.21007,2e-06,1.104
72149100,"Iron/steel bars and rods, hot-rolled,of  re tangular (other than square) x-sect",Kg,330.0,47.080898,4.7e-05,23.08
72149910,"Re-rollable bar & rod length >=1800mm, wid  h 60mm & >=5mm thickness.",Kg,7693.0,928.134407,0.000928,299.718
72149990,"Other re-rollable bar & rod, nes  .",Kg,7514.27,1240.743216,0.001241,599.587
72151000,"Bars and rods of free-cutting steel, not f  rther worked than cold-formed/cold-fi",Kg,291.599998,61.674639,6.2e-05,30.023
72155000,"Bars and rods of iron/steel, not further w  rked than cold-formed or cold-finishe",Kg,1110.0,213.096675,0.000213,103.084
72159000,"Other bars&rods of iron/steel, nes (incl  f rther worked than cold-formed/cold fi",Kg,3285.700005,1280.070947,0.00128,609.981
72161000,"U, I or H sections of iron/steel, hot-roll  d, <80mm high",Kg,26012.479996,3625.579307,0.003626,1084.052
72162100,"L sections of iron/steel, hot-rolled, < 80m  high",Kg,1538.0,201.920724,0.000202,100.09
72163100,"U sections of iron/steel, hot-rolled, > =80 m high",Kg,249275.699947,28490.018203,0.02849,8260.317
72163200,"I sections of iron/steel, hot-rolled, > =80 m high",Kg,463565.0,39844.516203,0.039845,13296.678
72163300,"H sections of iron/steel, hot-rolled, > =80 m high",Kg,50525.0,8447.369969,0.008447,4390.083
72164000,"L or T sections of iron/steel, hot-rolled , >=80mm high.",Kg,65.0,0.8446,1e-06,0.949
72165000,"Angles, shapes and sections of iron/steel,  not further worked than hot-rolled,",Kg,86995.199997,7554.201763,0.007554,2353.691
72166900,"Angles,shapes & sections of iron/steel,not  further worked than cold-formed/finis",Kg,595.0,83.498127,8.3e-05,44.206
72169100,"Anglessections of iron/steel,cold-forme d/f nished from flat-rolled products ne",Kg,510.0,43.36077,4.3e-05,24.66
72169900,"Angles, shapes and sections of iron or non  alloy steel, nes",Kg,68505.9,15270.052208,0.01527,6572.949
72171000,"Wire of iron or non-alloy steel,not plated  or coated, whether or not polished",Kg,157036.750046,15989.967915,0.01599,5297.609
72172000,"Wire of iron or non-alloy steel,plated or   oated with zinc.",Kg,17252.200001,3460.749266,0.003461,815.66
72173000,"Wire of iron or non-alloy steel,plated or   oated with base metals (excl zinc)",Kg,2100.0,234.257135,0.000234,133.664
72179000,"Wire of iron or non-alloy steel, nes  .",Kg,12530.950002,2305.012372,0.002305,940.612
72189100,"Semi-finished products of stainless steel,  f rectangular (other than square) x-s",Kg,9000.0,2466.943563,0.002467,599.535
72189900,"Semi-finished products of stainless steel,  es",Kg,0.53,0.50777,1e-06,0.124
72191100,"Hot-rolled stainless steel, in coils, >=60  mm width & >10mm thickness",Kg,313.0,367.238764,0.000367,68.558
72191200,"Hot-rolled stainless steel, in coils, >=60  mm width & >=475 & <=10mm thickness",Kg,34961.199997,27333.005311,0.027333,5097.681
72191300,"Hot-rolled stainless steel, in coils, >=60  mm width & >=3 & <475mm thickness",Kg,3423.0,663.947141,0.000664,123.894
72191400,"Hot-rolled stainless steel, in coils, >=60  mm width & <3mm thickness",Kg,68959.0,9559.165437,0.009559,26.095
72192100,"Hot-rolled stainless steel, uncoiled, >=60  mm width & >10mm thickness",Kg,26082.200001,8592.196016,0.008592,1602.72
72192200,"Hot-rolled stainless steel, uncoiled, >=60  mm width & >=475 & <=10mm thickness",Kg,6739.709976,2142.488133,0.002142,399.777
72192300,"Hot-rolled stainless steel, uncoiled, >=60  mm width & >=3 & <475mm thickness",Kg,4084.399994,1734.757844,0.001735,323.605
72193300,"Cold-rolled stainless steel,  >=600mm widt   & >1 & <3mm thickness",Kg,25151.199951,8799.032818,0.008799,1641.358
72193400,"Cold-rolled stainless steel,  >=600mm widt   & >=05 & <=1mm thickness",Kg,139989.300001,49589.890247,0.04959,7363.905
72193500,"Cold-rolled stainless steel,  >=600mm widt   & >05mm thickness",Kg,333979.0,61425.544844,0.061426,2670.624
72199000,"Flat-rolled products of stainless steel, >  600mm wide, nes.",Kg,3290370.500004,711026.244567,0.711026,119171.886
72201100,"Hot-rolled stainless steel, <600mm width &  >=475mm thickness",Kg,4564.400002,2553.711632,0.002554,476.341
72201200,"Hot-rolled stainless steel, <600mm width &  <475mm thickness",Kg,30661.0,7786.26475,0.007786,1452.272
72202000,"Cold-rolled stainless steel, <600mm width",Kg,2520830.099998,419057.472672,0.419057,47990.98
72209000,"Flat-rolled products stainless steel, <600  m wide, nes.",Kg,52106.5,9632.624542,0.009633,1232.714
72210000,"Stainless steel bars & rods, hot-rolled, i   irregularly wound coils.",Kg,1011.400024,241.54902,0.000242,58.701
72221100,"Stainless steel bars & rods, not further w  rked than hot-rolled,of circular x-s.",Kg,49880.232987,8418.207685,0.008418,1870.168
72221900,"Stainless steel bars & rods, not further w  rked than hot-rolled,not circular x-.",Kg,418.299997,157.57394,0.000158,38.481
72222000,"Stainless steel bars & rods, cold-formed/f  nished",Kg,5079.699977,1574.00566,0.001574,359.432
72223000,"Stainless steel bars and rods, nes",Kg,495.89,502.457402,0.000502,122.306
72224000,"Angles, shapes and sections of stainless s  eel.",Kg,38664.0,15099.952676,0.0151,3669.448
72230000,Wire of stainless steel,Kg,104209.939839,19465.289235,0.019465,4469.603
72249000,"Semi-finished products, of alloy steel (ex  l stainless)",Kg,14.3333,258.271841,0.000258,62.902
72254000,"Hot-rolled steel alloys, nes, uncoiled, >=  00mm wide",Kg,1755503.66,184732.06627,0.184732,1848.241
72255000,"Cold-rolled steel alloys, nes, >=600mm wid",Kg,507.0,114.596047,0.000115,56.391
72261100,"Flat-rolled products of silicon-electrical  steel, <600mm wide, grain-oriented",Kg,167444.5,57896.769031,0.057897,2841.644
72262000,"Flat-rolled high speed steel, <600mm wide",Kg,196.0,41.325438,4.1e-05,10.11
72269200,"Flat-rolled products of alloy steel, not f  rther worked than cold-rolled,<600mm",Kg,4.0,0.83074,1e-06,0.203
72269900,"Flat-rolled products of other alloy steel,  <600mm wide, nes",Kg,622.400024,318.023487,0.000318,64.754
72281000,"Bars and rods, of high-speed steel",Kg,8763.799805,1283.834844,0.001284,279.501
72282000,Bars and rods of silico-manganese steel,Kg,226269.0,23787.45275,0.023787,4856.414
72283000,"Bars and rods of alloy steel, nes, hot-rol  ed, hot-drawn or extruded",Kg,38067.779902,4556.8696,0.004557,1107.669
72284000,"Bars and rods of alloy steel, nes, simply   orged",Kg,1234.800002,201.322132,0.000201,49.057
72286000,"Bars and rods of alloy steel, nes",Kg,6.0,10.53057,1.1e-05,2.561
72292000,Wire of silico-manganese steel,Kg,24990.0,3684.022918,0.003684,965.883
72299000,"Wire of alloy steel, nes  .",Kg,38737.984501,7140.678903,0.007141,1612.813
73011000,"Sheet piling of iron or steel, whether or   ot crilled, punched.",Kg,86245.705909,9736.377425,0.009736,2163.271
73012000,"Welded angles, shapes and sections of iron  or steel",Kg,25575.88,6353.29963,0.006353,1979.706
73021000,Railway rails of iron or steel,Kg,135773.26,26753.119623,0.026753,1931.447
73029000,"Railway track construction material of iro   or steel, etc, nes.",Kg,400.7,386.844723,0.000387,106.826
73030000,"Tubes, pipes and hollow profiles, of cast   ron.",Kg,82557.629883,6397.475686,0.006397,2085.654
73041100,Line pipe used for oil or gas pipelines of  stainless steel.,Kg,830.099998,478.365207,0.000478,170.375
73041900,Other - Line pipe used for oil or gas pipe  ines,Kg,10906.020037,2792.294111,0.002792,974.316
73042200,Drill pipe of stainless steel used in dril  ing for oil or gas,Kg,3044.0,1247.33225,0.001247,444.116
73042300,Other drill pipe used in drilling for oil   r gas,Kg,12302.929993,8579.236521,0.008579,3156.543
73042400,"Other, casing tubing of stainless steel",Kg,108.0,156.493308,0.000156,55.715
73042900,Seamless iron/steel casing or tubing (excl  rill pipe)of a kind used in oil/gas d,Kg,305.0,223.957083,0.000224,79.907
73043100,"Seamless iron/steel tubes/pipes/profiles,   ircular, cross section, cold-drawna",Kg,174.37,332.20469,0.000332,118.471
73043900,"Seamless iron/steel tubes/pipes/profiles,   ircular, cross section, nes",Kg,15954.487503,3762.128218,0.003762,1339.739
73044100,"Seamless stainless steel tubes/pipes/profi  es, circular, cross section, cold-dra",Kg,1814.2,1555.082822,0.001555,553.82
73044900,"Seamless stainless steel tubes/pipes/profi  es, circular, cross section, nes.",Kg,677.0,777.59159,0.000778,278.901
73045900,"Seamless alloy steel tubes/pipes/profiles,  nes.",Kg,205.200001,267.964562,0.000268,95.409
73049000,Seamless iron/steel tubes/pipes/profiles o   non-circular x-section,Kg,10563.5,2588.418677,0.002588,921.769
73051100,"Iron/steel line pipe, longitudinally subme  ged arc welded, circular x-section >4",Kg,365.0,88.328701,8.8e-05,31.45
73051200,"Iron/steel line pipe, longitudinally welde  , nes,circular x-section, >4064mm ext",Kg,4.0,2.21183,2e-06,0.789
73051900,"Iron/steel line pipe, spirally  welded, ci  cular x-section,>4064mm ext diam.",Kg,1910.0,318.729411,0.000319,113.535
73053100,"Iron/steel tubes and pipes, (exclline pip e  longitudinally welded,>4064mm extd",Kg,860898.532227,97898.679562,0.097899,1746.3
73053900,"Iron/steel tubes and pipes, spirally welde  , >4064mm external diameter",Kg,51700.0,5728.477297,0.005728,57.549
73059000,"Iron/steel tubes, riveted, >4064mm extern a  diameter",Kg,3805125.3,461817.348022,0.461817,4425.239
73061100,"Line pipe for oil or gas pipelines welded,  of stainless steel",Kg,20993.24,721.444834,0.000721,72.946
73061900,Other - Line pipe for oil or gas pipelines,Kg,71357.389946,9085.731727,0.009086,4262.775
73062100,"Cashing & tubing used in drilling for oil   r gas welded, of stainless steel.",Kg,10.33,10.76997,1.1e-05,5.054
73062900,Other -Cashing & tubing used in drilling f  r oil or gas,Kg,101.0,8.35357,8e-06,4.492
73063000,"Other tubes,pipes&hollow profile, welded,o   circular crosssection,of iron/nonall",Kg,346636.010005,47645.589643,0.047646,17912.237
73064000,"Other tubes, pipes&hallow profile, welded,  of circular crosssection, of  stainle",Kg,36861.600174,20427.489184,0.020427,9581.869
73065000,"Other tubes, pipes&hollow profile,welded,   f circular crosssection, of other all",Kg,550.0,46.79598,4.7e-05,21.948
73066100,"Tube, pipesa, welded, of non ciruclar cros  section of square or rectangular cros",Kg,12811.800003,1287.061534,0.001287,603.793
73066900,"Tube, pipes a, welded, of non ciruclar cro  ssection of other noncircular crossse",Kg,2796.0,540.922703,0.000541,253.762
73069010,Ductile Iron pipe .,Kg,256808.640814,20701.281455,0.020701,9709.787
73069090,"Others welded, of non-circular cross-section pipe",Kg,93133.23056,15933.514416,0.015934,7259.384
73071100,Cast tube or pipe fittings of non-malleabl   cast iron,Kg,30409.835133,6743.64282,0.006744,1815.423
73071900,"Cast tube or pipe fittings of iron or stee  , nes",Kg,14433.921066,5566.48734,0.005566,1701.046
73072100,Flanges of stainless steel,Kg,13275.622004,4497.37526,0.004497,1553.634
73072200,"Threaded elbows, bends and sleeves of stai  less steel",Kg,15736.472233,4095.487022,0.004095,984.256
73072300,Butt welding fittings (excl elbows and be n s) of stainless steel,Kg,1050.906,693.059846,0.000693,211.049
73072900,"Tube or pipe fittings of stainless steel,   es",Kg,42805.075517,20695.397887,0.020695,5520.477
73079100,Flanges of iron or steel (excl stainless) .,Kg,76625.654895,14021.012966,0.014021,3812.718
73079200,"Threaded elbows, bends and sleeves of iron  or steel (excl stainless)",Kg,82039.765888,22291.583874,0.022292,6054.636
73079300,Butt welding fittings of iron or steel (ex  l stainless),Kg,26013.482797,6287.358942,0.006287,1213.089
73079900,"Tube or pipe fittings of iron or steel (ex  l stainless), nes",Kg,106425.63258,33280.435471,0.03328,9223.741
73081000,Bridges and bridge-sections of iron or ste  l,Kg,279761.330029,91952.069626,0.091952,9082.959
73082000,Towers and lattice masts of iron or steel,Kg,1099478.776454,197758.150971,0.197758,5745.937
73083000,"Doors, window-frames and thresholds for do  rs of iron or steel.",Kg,101666.93005,24590.016043,0.02459,8998.945
73084000,"Equipment for scaffolding,shuttering, prop  ing or pitpropping of iron or steel",Kg,451231.240074,67712.445989,0.067712,19978.544
73089000,"Structures and parts of structures, nes, o   iron or steel",Kg,4039988.848053,924044.021994,0.924044,69493.538
73090000,"Reservoirs, tanks (excl for gas) of ir on o  steel, >300 l",PCS,348.0,13617.60118,0.013618,3982.879
73101000,"Tanks, casks, drums, cans (excl for ga s) o  iron or steel, 50-300 l.",PCS,10657.0,2730.822818,0.002731,818.652
73102100,"Cans used for preserving food and drink of  iron or steel, <50 l",PCS,191693.100098,14493.997129,0.014494,3164.446
73102900,"Tanks, casks, drums (excl for gas) of  iron or steel, <50 l.",PCS,5411710.0,164354.57445,0.164355,40216.899
73110010,"Oxygen cylinder, tank and similar goods of iron or steel",PCS,1626.0,10512.534859,0.010513,2201.38
73110090,Containers for compressed or liquefied gas   of iron or steel,PCS,2756.0,4576.357133,0.004576,1657.568
73121000,"Stranded wire, cables of iron or steel, no   electically insulated",Kg,723242.050982,110329.289727,0.110329,28528.853
73129000,"Plaited bands, slings, etc, of iron or ste  l, not electically insulated.",Kg,2274.319,1058.039693,0.001058,424.414
73130000,"Barbed wire and other fencing material, of  iron or steel",Kg,230.0,145.180464,0.000145,69.191
73141200,Woven cloth of stainless steel endless ban  s for machinery.,Kg,150.0,50.90048,5.1e-05,25.634
73141400,Woven cloth of stainless steel (excl endl e s bands for machinery),Kg,18850.590006,4892.407007,0.004892,2018.544
73141900,Woven cloth of iron or steel wire (exclen d ess bands or stainless steel),Kg,30929.346584,9678.937808,0.009679,4889.293
73142000,"Wire iron/steel grillfencing, welded a t in ersection, mesh>=100cm2, X-section",Kg,79841.04001,23805.245879,0.023805,8269.77
73143100,"Iron/steel grill, netting & fencing, welde   at intersection,plated or coated wit",Kg,59489.0,11350.190162,0.01135,5946.91
73143900,"Iron/steel grill, netting & fencing, welde   at intersection, nes",Kg,37881.5,7142.844019,0.007143,3778.363
73144100,"Iron/steel cloth, grill, netting & fencing   nes, plated or coated with zinc.",Kg,25437.7099,5546.850306,0.005547,2676.536
73144200,"Iron/steel cloth, grill, netting & fencing   coated with plastics",Kg,830.16,241.781992,0.000242,122.779
73144900,"Iron/steel cloth, grill, netting & fencing   nes,",Kg,10860.439941,2257.157778,0.002257,1139.669
73145000,Expanded metal of iron or steel,Kg,3131.199951,455.570147,0.000456,187.769
73151100,Roller chain of iron or steel,Kg,24016.642914,16553.038622,0.016553,4717.046
73151200,Articulated link chain (excl roller chain ) of iron or steel,Kg,53226.654985,13859.299838,0.013859,4292.348
73151900,Parts of articulated link chain of iron or  steel,Kg,3747.52662,2806.695491,0.002807,805.007
73152000,Skid chain of iron or steel,Kg,5200.979992,1687.12953,0.001687,518.679
73158100,Stud-link chain of iron or steel  .,Kg,6.52,539.491585,0.000539,162.079
73158200,Welded link chain (excl stud-link) of iro n or steel,Kg,20672.64,4316.259157,0.004316,1402.67
73158900,"Chain, nes, of iron or steel  .",Kg,17616.199998,6144.34244,0.006144,1890.469
73159000,"Parts of chains, nes, of iron or steel",Kg,1533.584996,726.62263,0.000727,222.161
73160000,"Anchors, grapnels and parts thereof, of ir  n or steel",Kg,18851.787012,7562.964506,0.007563,2184.481
73170000,"Nails, tacks, drawing pins, corrugated nai  s of iron or steel",Kg,272728.235049,42489.011032,0.042489,20414.546
73181100,Coach screws of iron or steel,Kg,60179.981323,12429.330461,0.012429,3860.208
73181200,Wood screws (excl coach screws) of iron o r steel,Kg,42319.978338,7453.970135,0.007454,2016.302
73181300,Screw hooks and screw rings of iron or ste  l,Kg,10310.039998,3006.00666,0.003006,925.442
73181400,Self-tapping screws of iron or steel  .,Kg,458532.809583,88806.581624,0.088807,27726.252
73181500,"Screws and bolts of iron or steel, nes",Kg,894604.65833,211481.312609,0.211481,52250.345
73181600,Nuts of iron or steel,Kg,170460.659026,41486.865823,0.041487,10761.068
73181900,"Threaded articles, nes, of iron or steel  .",Kg,119115.710517,24574.162292,0.024574,6488.404
73182100,Spring washers and other lock washers of i  on or steel.,Kg,10746.251899,3736.87798,0.003737,1085.367
73182200,"Washers of iron or steel, nes",Kg,40238.654627,10755.819295,0.010756,3532.402
73182300,Rivets of iron or steel,Kg,12469.196012,7995.3705,0.007995,1615.101
73182400,Cotters and cotter-pins,Kg,6786.223948,2319.083245,0.002319,703.574
73182900,"Non-threaded articles, nes, of iron or ste  l",Kg,22091.985032,9531.31397,0.009531,2891.4349
73194000,Safety pins and other pins,Kg,10241.952998,5712.476665,0.005712,1713.85
73199000,"Sewing needles, knitting needles, bodkins,  crochet hooks, etc, of iron or steel.",Kg,17352.144,4475.573484,0.004476,246.137
73201010,springs and leaves for springs of iron or   teel for Rickshaws,Kg,1540.249202,851.0606,0.000851,160.79
73201090,springs and leaves for spring of iron or s  eel for vehicles other than Rickshaws,Kg,258614.681539,44534.959632,0.044535,12454.919
73202000,Helical springs,Kg,2929.696935,2117.22384,0.002117,596.587
73209000,"Springs, nes, of iron or steel",Kg,97556.467427,27889.087602,0.027889,7397.384
73211100,"Cooking appliances, plate warmers, for gas  fuel of iron or steel",PCS,107669.0,111808.669917,0.111809,25745.15
73211200,"Cooking appliances, plate warmers, for liq  id fuel of iron or steel.",PCS,28.0,72.957659,7.3e-05,17.799
73211900,"Other cooking appliances & plate warmers,   ncluding appliances for solid fuel",PCS,62962.0,72054.01514,0.072054,10433.842
73218100,"Appliances,(excl cookers) for gas fuel  or  or both gas and other fuels,of iro",PCS,836.0,13148.761474,0.013149,93.503
73218200,"Appliances,(excl cooking appliances or pl a e warmers),for liquid fuel, of iron o",PCS,61.0,180.889672,0.000181,43.957
73218900,"Othe appliances, including appliances for   olid fuel, nes",PCS,1339.0,3689.122596,0.003689,899.022
73219000,"Parts of appliances of 732111 to 732189,  o  iron or steel",PCS,984644.0,41509.693646,0.04151,7790.725
73221100,"Radiators, not electrically heated, and pa  ts thereof of cast iron",Kg,7.0,4.06781,4e-06,1.22
73221900,"Radiators, not electrically heated, and pa  ts thereof of iron or steel",Kg,12221.799805,20659.0955,0.020659,6187.467
73229000,"Air heaters/hot air distributors, nes ( non electric) of iron/steel",Kg,102.799999,7719.589366,0.00772,2312.218
73231000,"Iron or steel wool, pot scourers, scouring  or polishing pads, gloves",Kg,43264.509985,10584.733677,0.010585,1888.405
73239100,"Table, kitchen or household articles of  ca t iron, not enamelled",Kg,83560.62007,21684.787758,0.021685,4815.2
73239200,"Table, kitchen or household articles of  ca t iron, enamelled",Kg,7404.83998,3461.049855,0.003461,1241.704
73239300,"Table, kitchen or household articles of  st inless steel",Kg,792059.46414,446339.264185,0.446339,127751.538
73239400,"Table, kitchen or household articles of  ir n or steel, enamelled",Kg,95162.027011,40571.705465,0.040572,13656.858
73239900,"Table, kitchen or household articles of  ir n or steel, nes.",Kg,62995.305045,25536.078556,0.025536,8752.109
73241000,"Sinks and wash basins, of stainless steel   .",PCS,76146.0,97047.985735,0.097048,34769.224
73242900,Baths of iron (excl cast) or steel   .,PCS,230075.0,34145.930046,0.034146,11966.61
73249010,Sanitary ware and parts of sanitary ware o   iron or steel,PCS,24988.0,4025.513263,0.004026,1473.864
73249090,Sanitary ware and parts of sanitary ware o   iron or steel,PCS,220135.0,55845.896586,0.055846,19840.995
73251000,"Articles of non-malleable cast iron, nes  .",Kg,75248.73,15611.813062,0.015612,3513.357
73259100,Grinding balls and similar articles for mi  ls of iron or steel.,Kg,177157.0,27773.568642,0.027774,6492.984
73259900,"Cast articles of iron or steel, nes",Kg,114769.435582,19513.802043,0.019514,5103.143
73261100,"Grinding balls for mills, forged or sta mpe , of iron or steel",Kg,106.0004,52.98742,5.3e-05,15.944
73261900,"Forged or stamped articles of iron or stee  , nes",Kg,91247.790713,33638.13101,0.033638,8616.689
73262000,"Articles of iron or steel wire, nes",Kg,467149.847645,65657.448929,0.065657,15218.749
73269000,"Articles of iron or steel, nes   .",Kg,506999.237203,139720.684413,0.139721,37409.331
74031100,Cathodes and sections of cathodes of refin  d copper,Kg,624.859997,1511.498475,0.001511,281.911
74031900,"Refined copper, nes, unwrought",Kg,13.0,3.16539,3e-06,0.592
74032100,"Brass, unwrought  .",Kg,238.449994,390.524462,0.000391,72.968
74032900,"Copper (excl master alloys or heading 74 05  nes, unwrought.",Kg,2042.0,1112.627445,0.001113,207.509
74040000,Copper waste and scrap,Kg,74467.75,150776.865813,0.150777,23513.296
74061000,Copper powders of non-lamellar structure  .,Kg,2.0,13.37819,1.3e-05,2.497
74062000,Copper powders of lamellar structure; flak  s,Kg,150.0,329.464779,0.000329,61.45
74071000,"Bars, rods and profiles of refined copper",Kg,14660.499785,31911.79892,0.031912,5951.991
74072100,"Bars,rods and profiles of brass",Kg,40415.630002,55809.185522,0.055809,7921.365
74072900,"Bars, rods and profiles of copper alloys,   es",Kg,1024.951009,1879.240557,0.001879,350.728
74081100,"Wire of refined copper, maximum cross-sect  onal dimension >6mm.",Kg,1044457.34,2292341.526938,2.292342,427462.593
74081900,"Wire of refined copper, maximum cross-sect  onal dimension =<6mm",Kg,155450.336643,358005.311993,0.358005,66769.777
74082100,Wire of brass  .,Kg,521.809996,990.936695,0.000991,184.947
74082200,Wire of cupro-nickel or nickel silver,Kg,5.0,4.19816,4e-06,0.784
74082900,"Wire of copper alloy, nes",Kg,572.937,1057.654563,0.001058,197.404
74091100,"Plates, sheets and strip, of refined coppe  , in coils, >015mm thick.",Kg,19749.389972,40103.305619,0.040103,7479.673
74091900,"Plates, sheets and strip, of refined coppe  , uncoiled, >015mm thick.",Kg,1732.829998,3827.349764,0.003827,444.045
74092100,"Plates, sheets and strip, of brass, in coi  s, >015mm thick.",Kg,15.0,70.456078,7e-05,13.142
74092900,"Plates, sheets and strip, of brass, uncoil  d, >015mm thick.",Kg,562.509998,608.463795,0.000608,113.622
74093100,"Plates, sheets and strip, of bronze, in co  ls, >015mm thick",Kg,39.09,98.608039,9.9e-05,18.392
74101100,"Foil, not backed, of refined copper, =<01 5 m thick.",Kg,19.0,30.500419,3.1e-05,5.802
74102100,"Foil, backed with paper, paperboard, plast  c, of refined copper, =<015mm thic",Kg,0.02,0.13012,0.0,0.025
74102200,"Foil, backed with paper, paperboard, plast  c, of copper alloys, =<015mm thick",Kg,5.0,59.372939,5.9e-05,11.076
74111000,Tubes and pipes of refined copper,Kg,55850.835179,132658.685635,0.132659,26853.49
74112100,Tubes and pipes of copper-zinc base alloys  (brass).,Kg,569.9,2369.455408,0.002369,575.914
74112900,"Tubes and pipes of copper alloys, nes",Kg,11114.400195,25117.332431,0.025117,4998.521
74121000,Tube or pipe fittings of refined copper,Kg,1384.335008,3731.964412,0.003732,859.298
74122000,Tube or pipe fittings of copper alloys,Kg,64922.915076,106405.716099,0.106406,23273.287
74130000,"Stranded wire, cables, plaited bands & the  like of copper, not electrically insu",Kg,1410.680025,2546.494141,0.002546,114.828
74151000,"Nails and tacks, drawing pins, staples, et  , of copper or partly copper.",Kg,0.75,2.55861,3e-06,0.769
74152100,"Washers of copper, not threaded (including  spring washers).",Kg,272.854702,330.52404,0.000331,88.951
74152900,"Non-threaded articles such as rivets, cott  rs, cotter-pins of copper",Kg,89.072,166.467293,0.000166,49.876
74153300,Screws; bolts and nuts of copper  .,Kg,755.949999,1115.470773,0.001115,334.135
74153900,"Threaded articles of copper, nes  .",Kg,1329.871998,1323.391557,0.001323,301.088
74181000,"Table, kitchen or other household articles  nd parts thereof;pot scourers and sco",Kg,86059.130039,82186.651294,0.082187,24328.543
74182000,Sanitary ware and parts thereof of copper,Kg,5884.019898,15401.062179,0.015401,5480.858
74192000,"Cast, moulded, stamped or forged, but not further worked",Kg,1087.0,1139.445061,0.001139,341.333
74198000,Other article of copper,Kg,25054.818009,14595.656651,0.014596,2846.338
75021000,"Unwrought nickel, not alloyed",Kg,4477.299999,1906.415223,0.001906,463.468
75022000,Unwrought nickel alloys,Kg,3665.0,1040.346219,0.00104,252.872
75051200,"Bars, rods and profiles, of nickel alloys",Kg,114.349998,516.873438,0.000517,125.667
75052200,Wire of nickel alloys,Kg,3.63,27.85173,2.8e-05,6.775
75061000,"Plates, sheets, strip and foil of nickel,   ot alloyed",Kg,955.0,1247.108607,0.001247,283.934
75062000,"Plates, sheets, strip and foil of nickel a  loys",Kg,562.799999,1098.778802,0.001099,330.215
75089000,"Articles of nickel, nes",Kg,81.925003,366.697244,0.000367,109.83
76011000,"Unwrought aluminium, not alloyed  .",Kg,4493364.900002,2546881.498344,2.546881,68902.882
76012000,"Unwrought aluminium, alloyed  .",Kg,223416.877106,133509.589469,0.13351,16772.196
76020000,Aluminium waste and scrap,Kg,141959.0,49512.883875,0.049513,9234.55
76032000,Powders of lamellar structure; flakes of a  uminium.,Kg,2430.0,1993.567844,0.001994,372.065
76041010,Aluminium Profiles not alloyed,Kg,14096.230024,12503.382781,0.012503,5147.214
76041090,"Other bars, rods of aluminium, not alloyed",Kg,2614.16998,1945.99321,0.001946,332.784
76042100,Hollow profiles of aluminium alloys,Kg,36416.135128,27885.418772,0.027885,11077.575
76042900,"Bars, rods and profiles of aluminium alloy  , nes",Kg,25747.452156,17351.094426,0.017351,6293.308
76051100,"Wire of aluminium, not alloyed, maximum cr  ss-sectional dimension >7mm",Kg,302961.699997,170687.07104,0.170687,31834.253
76051900,"Wire of aluminium, not alloyed, maximum cr  ss-sectional dimension =<7mm.",Kg,679.51,256.325885,0.000256,47.888
76052100,"Wire of aluminium alloys, maximum cross-se  tional dimension >7mm",Kg,73715.0,41207.204,0.041207,7685.342
76052900,"Wire of aluminium alloys, maximum cross-se  tional dimension =<7mm",Kg,171.0,72.370011,7.2e-05,13.502
76061100,"Rectangular (incl square) plates, sheet &   trip of aluminium, not alloyed, >02m.",Kg,11665.3895,8932.091012,0.008932,850.421
76061200,"Rectangular (incl square) plates, sheet &   trip of aluminium alloys, >02mm thic.",Kg,179662.749301,107011.991497,0.107012,19959.781
76069100,"Plates, sheet & strip (excl rectangula r) o  aluminium, not alloyed, >02mm th",Kg,140193.450891,92573.553665,0.092574,16150.986
76069200,"Plates, sheet & strip (excl rectangula r) o  aluminium alloys, >02mm thick",Kg,37715.699817,25249.349264,0.025249,4706.78
76071100,"Aluminium foil, =<02mm thick, not backed,   olled but not further worked.",Kg,91150.399736,64601.113193,0.064601,14081.349
76071900,"Aluminium foil, =<02mm thick, not backed  ( xcl rolled).",Kg,142737.672229,125744.168016,0.125744,20804.153
76072000,"Aluminium foil, =<02mm thick, backed with   aper, plastics",Kg,67550.452885,59593.983754,0.059594,2499.37
76081000,"Tubes and pipes of aluminium, not alloyed",Kg,1892.3,712.417997,0.000712,213.44
76082000,Tubes and pipes of aluminium alloys,Kg,7681.120003,16878.615076,0.016879,3601.006
76090000,"Aluminium tube or pipe fittings (ex coupl i gs, elbows, sleeves)",Kg,816.200001,987.995317,0.000988,279.798
76101000,"Doors, windows and their frames and thresh  lds for door, of aluminium",Kg,45776.809948,25747.170605,0.025747,11507.941
76109000,"Aluminium structure and parts of structure  , nes",Kg,28940.870987,31601.944613,0.031602,15710.675
76110000,"Aluminium reservoirs, tanks, etc, (excl f o  gas) >=300 l of capicity",PCS,1.0,21.871311,2.2e-05,6.551
76121000,"Collapsible tubular containers of aluminiu  , (excl for gas) <300 l of capicity",PCS,103625.0,2490.773392,0.002491,37.99
76129000,"Aluminium casks, drums, etc, nes (excl fo r gas), <300 l",PCS,91143712.544006,1252415.029111,1.252415,361968.683
76130010,"Oxygen tank, cylinder and similar goods of Aluminium",PCS,31160.0,960.126656,0.00096,287.56
76130020,Nitrogen Container of Aluminium,PCS,107.0,2157.577863,0.002158,646.334
76130090,Other Aluminium containers for compressed or liquefied gas,PCS,10.0,112.000061,0.000112,33.612
76141000,"Cables, plated bands, of aluminium, wit h s eel core, not electically insulated",Kg,1252046.420044,545411.482687,0.545411,279.119
76149000,"Stranded wire, cables, plated bands, of  al minium alloys, not electrically ins",Kg,2315.0,628.068422,0.000628,2.465
76151000,"Table, kitchen or other household articles  nd parts thereof;pot scourers and sco",PCS,4913089.0,142561.677843,0.142562,40613.659
76152000,Sanitary ware and parts thereof of alumini  m,Kg,486.417149,294.09498,0.000294,91.994
76161000,"Nails, tacks, staples, screws, bolts, nuts   rivits, cotters, washer of alumini",Kg,2323.87,2267.423325,0.002267,629.547
76169100,"Cloth, grill, netting and fencing, of alum  nium wire",Kg,89917.750336,52984.587713,0.052985,10701.536
76169900,"Articles of aluminium, nes   .",Kg,37657.458876,38251.641745,0.038252,10982.105
78011000,"Refined lead, unwrought",Kg,31568.0,9963.26602,0.009963,1859.586
78019100,"Unwrought lead, containing antimony as the  principale other element.",Kg,20050.0,12002.2345,0.012002,2238.549
78019900,Unwrought lead (excl refined and containi n  antimony),Kg,2492.970001,355.032538,0.000355,66.355
78041100,"Lead sheets, strip and foil, =<02mm thick .",Kg,2053.0,783.920495,0.000784,234.856
78041900,"Lead plates, lead sheets, strip and foil,   02 mm thick, nes",Kg,6.0,6.78673,7e-06,2.035
78060000,"Other articles of lead, nes",Kg,212.0,141.237541,0.000141,42.303
79011100,"Zinc, not alloyed, >=9999% pure",Kg,1276744.700005,783705.280176,0.783705,86295.371
79011200,"Zinc, not alloyed, <9999% pure",Kg,10190.0,5581.0,0.005581,725.596
79012000,Zinc alloys,Kg,82011.0,46737.068405,0.046737,6076.568
79039000,Powders and flakes of zinc,Kg,36.0,88.052481,8.8e-05,16.428
79040000,"Zinc bars, rods, profiles and wire",Kg,3010.0,1917.600875,0.001918,357.699
79050000,"Zinc plates, sheets, strip and foil",Kg,3695.0,5218.85289,0.005219,973.383
79070000,"Articles of zinc, nes",Kg,995.110004,2734.977837,0.002735,796.336
80011000,"Tin, not alloyed, unwrought",Kg,12782.949991,107953.790016,0.107954,26087.54
80012000,"Tin alloys, unwrought",Kg,496.0,61.77523,6.2e-05,15.013
80030000,"Tin bars, rods, profiles and wire",Kg,5.0,1.5,2e-06,0.45
80070010,Empty container and box of tin,Kg,38909.800049,1996.642593,0.001997,719.925
80070090,"Other articles of tin, nes   .",Kg,7547.14,757.223015,0.000757,235.943
81019400,"Unwrought tungsten, including bars and rod   obtained simply by sintering",Kg,4.0,12.96102,1.3e-05,2.419
81019900,"Articles of tungsten, nes",Kg,38.722,108.318443,0.000108,19.536
81039100,Crucibles,Kg,51.25,26.491811,2.6e-05,8.002
81041100,"Unwrought magnesium, >=998% pure  .",Kg,16350.0,6686.164687,0.006686,578.115
81042000,Waste and scrap of magnesium  .,Kg,5000.0,1466.3995,0.001466,273.549
81049000,"Articles of magnesium, nes",Kg,1050.0,390.21143,0.00039,116.871
81052000,Cobalt mattes & other intermediate product   of cobalt matallurgy;unwrought cobal,Kg,2.0,1.32913,1e-06,0.399
81059000,"Articles of cobalt, nes",Kg,0.45,0.67299,1e-06,0.202
81083000,Waste and scrap of titanium,Kg,2.0,1.9339,2e-06,0.928
81089000,"Articles of titanium, nes",Kg,221.860002,1284.171118,0.001284,184.102
81101000,Unwrought antimony; powders,Kg,88.0,829.358656,0.000829,248.396
81130000,Cermets and articles thereof (incl waste  a d scrap),Kg,1.8,1.86479,2e-06,0.559
82011010,Spades (Kodalo),PCS,48637.0,11758.00156,0.011758,589.134
82011090,"Shovels; hand tools, used in agriculture, horticulture or forestry",PCS,302646.0,43013.902453,0.043014,10009.039
82013000,"Mattocks, picks, hoes and rakes; hand tool  , used in agriculture, horticulturea.",PCS,5238.0,2213.262439,0.002213,222.21
82014000,"Axes, bill hooks and similar hewing tools;  hand tools,used in agriculture,hortic",PCS,7832.0,1118.09877,0.001118,112.06
82015000,Secateurs and similar one-handed pruners a  d shears (incl poultry shears); hand,PCS,3943.0,837.000522,0.000837,42.675
82016000,"Hedge shears, two-handed pruning shears an   similar two-handed shears; hand tool",PCS,917.0,552.963485,0.000553,55.303
82019010,Scythes timber wedges and other agricul tur l/forestry hand tools,PCS,3810.0,575.367611,0.000575,29.038
82019090,Scythes timber wedges and other agricul tur l/forestry hand tools,PCS,16923.0,4465.326601,0.004465,223.678
82021000,Hand saws  .,PCS,39949.0,4968.026137,0.004968,938.083
82022000,Band saw blades,PCS,87882.0,17304.864329,0.017305,3231.996
82023100,Circular saw blades(incl slitting or slot t ng saw blades) with working part of s,PCS,2577.0,4268.759422,0.004269,796.813
82023900,Circular saw blades(inclslittingblades  but exclwith working part of steel);p,PCS,183141.0,18707.173865,0.018707,3516.743
82024000,Chain saw blades  .,PCS,8911.0,7885.058098,0.007885,1470.715
82029100,"Straight saw blades, for working metal",PCS,70475.0,796.172197,0.000796,148.842
82029900,"Saw blades, nes",PCS,51240.0,7253.734652,0.007254,1355.192
82031000,"Files, raspsand similar tools",PCS,114843.0,4788.632915,0.004789,892.778
82032000,"Pliers, pincers, tweezers and similar tool",PCS,113969.0,14530.543722,0.014531,2735.629
82033000,Metal cutting shears and similar hand tool,PCS,3828.0,508.182188,0.000508,94.813
82034000,"Pipe-cutters, bolt croppers, perforating p  nches and similar tools",PCS,5771.0,2425.871115,0.002426,449.697
82041100,"Hand-operated spanners and wrenches, non-a  justable",PCS,139015.0,14424.540681,0.014425,2593.212
82041200,"Hand-operated spanners and wrenches, adjus  able",PCS,32821.0,8287.332201,0.008287,1562.147
82042000,"Interchangeable spanner sockets, with or w  thout handles",PCS,21563.0,7135.40645,0.007135,1332.381
82051000,"Drilling, threading or tapping hand tools   .",PCS,60996.0,6183.531083,0.006184,1201.774
82052000,Hammers and sledge hammers   .,PCS,111216.0,20586.476404,0.020586,3190.319
82053000,"Planes, chisels, gouges and similar cuttin   tools for working wood",PCS,30222.0,3305.030708,0.003305,617.47
82054000,Screwdrivers   .,PCS,109597.0,8103.727927,0.008104,1554.467
82055100,Household hand tools  .,PCS,60839.0,4002.773272,0.004003,754.465
82055900,"Hand tools, nes (incl graziers' diamonds) . .",PCS,373755.0,27927.031163,0.027927,4833.736
82056000,Blow lamps,PCS,1120.0,125.63762,0.000126,23.501
82057000,"Vices, clamps and the like",PCS,8515.0,2878.386163,0.002878,520.275
82059000,"Other, including sets of articles of two or more subheadings of this heading.",PCS,30499.0,8357.932899,0.008358,890.661
82060000,"Tools of two or more of 8202 to 8205, pu t  p in sets for retail sale",PCS,18883.0,11283.497807,0.011283,3854.138
82071300,"Rock drilling or earth boring tools, with   orking part of cermets",PCS,287.0,842.026359,0.000842,157.188
82071900,"Rock drilling or earth boring tools (excl t ose with working part of cermets),inc",PCS,72540.0,47286.843129,0.047287,8797.129
82072000,Dies for drawing or extruding metal,PCS,4865.0,23085.010902,0.023085,4294.122
82073000,"Interchangeable tools for pressing, stampi  g or punching",PCS,2246.0,9276.235025,0.009276,1731.18
82074000,Interchangeable tools for tapping or threa  ing.,PCS,2155.0,1803.200962,0.001803,338.239
82075000,"Interchangeable tools for drilling, other   han for rock drilling",PCS,66336.0,43424.718387,0.043425,8089.076
82076000,Interchangeable tools for boring or broach  ng,PCS,356.0,2362.344652,0.002362,440.86
82077000,Interchangeable tools for milling,PCS,17656.0,2034.816977,0.002035,380.844
82078000,Interchangeable tools for turning,PCS,126.0,466.764547,0.000467,87.168
82079000,"Interchangeable tools for hand or machine-  ools, nes",PCS,163769.0,19531.730221,0.019532,3645.17
82081000,"Knives and cutting blades, for metal worki  g machines",PCS,38231.0,2489.143374,0.002489,448.945
82082000,"Knives and cutting blades, for wood workin   machines",PCS,80947.0,8336.655942,0.008337,1555.577
82083000,"Knives and cutting blades, for kitchen app  iances or for machine used by food in",PCS,85691.0,3920.590261,0.003921,966.052
82084000,"Knives and cutting blades, for agricultura  , horticultural or forestry machines.",PCS,4703.0,405.73898,0.000406,76.626
82089000,"Knives and cutting blades, for machines or  mechanical appliances, nes",PCS,382760.0,37846.706479,0.037847,9216.352
82090000,"Plates, sticks tips & the like for tools,   nmounted, of cermets",Kg,1095.156599,7250.628807,0.007251,1418.32
82100000,"Hand-operated machanical appliances, =<10k  , used for food or drink.",PCS,14110.0,2474.805079,0.002475,461.702
82111000,"Sets of assorted knives, nes  . .",PCS,3683.0,653.069196,0.000653,157.863
82119100,Table knives with fixed blades   .,PCS,23047.0,644.42936,0.000644,170.504
82119200,Knives with fixed blades (excl table kniv e ),PCS,57689.0,6364.878085,0.006365,1469.289
82119300,Knives(excl with fixed blades)   .,PCS,45739.0,3634.951186,0.003635,766.322
82119400,Blades for knives (excl those of 8208)   .,Kg,2823.56,2568.250123,0.002568,597.988
82119500,Knife handles of base metal   .,Kg,717.699988,486.42348,0.000486,119.107
82121000,Razors (non-electric)   .,PCS,1004027.0,28903.944621,0.028904,8428.834
82122000,Safety razor blades (incl razor blades bl a ks in strips),PCS,1060018.0,489636.499255,0.489636,149224.303
82129000,"Parts of razors, nes  . .",Kg,16.403,65.394428,6.5e-05,19.973
82130000,"Scissors, tailors' shears and similar shea  s, and blades therefor",PCS,332206.0,12343.72855,0.012344,3204.347
82141010,"Paper knives, letter openers, erasing kniv  s, pencil sharpeners & blades therefo",PCS,66662.0,907.741441,0.000908,278.795
82141090,"Paper knives, letter openers, erasing kniv  s, pencil sharpeners & blades therefo",PCS,644381.0,2670.758907,0.002671,602.139
82142000,Manicure or pedicure sets and instruments   incl nail files).,PCS,659048.0,10994.733332,0.010995,3441.466
82149000,Other articles of cutlery   .,PCS,95704.0,3831.309064,0.003831,1223.766
82151000,"Sets of assorted spoons, forks, etc (one o   more plated with precious metal)",Kg,4183.023967,1596.711059,0.001597,496.608
82152000,"Sets of assorted spoons, forks, etc (ex cl  lated with precious metal)",Kg,3416.469994,2648.049179,0.002648,774.118
82159100,"Spoons, forks or similar tableware, pla ted with precious metal",Kg,6.522,0.65146,1e-06,0.0
82159900,"Spoons, forks, ladles, skimmers or simi lar tableware, nes",Kg,85522.486053,43501.520836,0.043502,12684.508
83011000,Padlocks of base metal   .,DZN,114941.565934,62630.374952,0.06263,19414.636
83012000,Locks for motor vehicles of base metal   .,DZN,11226.738951,24432.313391,0.024432,7382.781
83013000,Locks for furniture of base metal   .,DZN,17637.038167,11718.0589,0.011718,3593.965
83014000,"Locks of base metal, nes  . .",DZN,47844.712881,59288.856564,0.059289,18229.002
83015000,"Clasps and frames with clasps, incorporati  g locks of base metal",DZN,25.0,3.27337,3e-06,1.001
83016000,Parts of padlocks and locks of base metals  .,DZN,2046.2889,2375.282532,0.002375,711.198
83017000,Keys presented separately of base metal   .,DZN,6679.143098,1176.166862,0.001176,359.888
83021000,Hinges of base metal  . .,Kg,224770.379704,79669.263071,0.079669,25765.415
83022000,Castors of base metal   .,Kg,16059.458109,6261.632765,0.006262,1911.753
83023000,"Mountings, fittings, etc, suitable for mot  r vehicles, of base metal, nes",Kg,3340.859,1967.820906,0.001968,612.841
83024100,"Mountings, fittings, etc, suitable for bui  dings, of base metal, nes",Kg,166964.210858,66196.677298,0.066197,20536.837
83024200,"Mountings, fittings, etc, for furniture, o   base metal, nes.",Kg,253450.929721,73794.038594,0.073794,23586.694
83024900,"Mountings, fittings, etc, for doors, stair  ases, of base metal",Kg,273099.278138,114824.527313,0.114825,35300.453
83025000,"Hat-racks, hat-pegs, brackets and similar   ixtures of base metal",Kg,52170.880688,17498.238412,0.017498,5361.275
83026000,Automatic door closers of base metal  . .,Kg,53306.990028,26843.299807,0.026843,8247.837
83030000,"Armoured or reinforced safes, strong-boxes  and doors of base metal",Kg,66380.483008,26276.887453,0.026277,6631.265
83040000,"Filing cabinets, card-index cabinets or  de k equipment of base metal",Kg,833.33,312.00694,0.000312,144.829
83051000,Fittings for loose-leaf binders or files o   base metal.,Kg,21233.010591,7135.819978,0.007136,1330.99
83052000,"Staples in strips, of base metal  .",Kg,34620.350006,9551.3483,0.009551,1810.178
83059000,"Office articles like letter clips,letter c  rners,paper clips,indexing tags of ba",Kg,23345.420001,6066.672752,0.006067,1132.758
83061010,Bicycle bells  .,Kg,7345.0,2088.802406,0.002089,389.718
83061090,"Other type  of bells, gongs and the like  .",Kg,12170.42,4877.45131,0.004877,1239.303
83062110,Statuettes of plated with precious metal,Kg,1046.5,421.22127,0.000421,126.33
83062120,Trophy and medals of plated with precious metal,Kg,13518.0,9789.380793,0.009789,2960.771
83062190,Other ornaments of plated with precious metal,Kg,386.1,482.267528,0.000482,144.576
83062910,Other statuettes,Kg,15147.779983,10468.923701,0.010469,3148.004
83062920,Other trophy and medals,Kg,7215.120001,4375.148025,0.004375,1312.652
83062990,Other ornaments,Kg,6224.71,2397.197037,0.002397,792.845
83063000,"Photograph, picture or similar frames; mir  ors of base metal",Kg,11095.418009,5549.305033,0.005549,1988.226
83071000,Flexible tubing of iron or steel  .,Kg,32955.16385,11318.462398,0.011318,3395.639
83079000,Flexible tubing of base metal (excl iron  o  steel).,Kg,9319.9,3054.732178,0.003055,797.44
83081000,"Hooks, eyes and eyelets of base metal   .",Kg,51762.275994,21168.986728,0.021169,3707.578
83082000,Tubular or bifurcated rivets of base metal  .,Kg,635.46,626.459706,0.000626,98.506
83089000,"Clasps, buckles beads andspangles of ba se  etal (incl parts)",Kg,92154.744009,36897.387865,0.036897,6935.687
83091000,Crown corks of base metal   .,Kg,33687.346,11068.058179,0.011068,3941.038
83099000,"Others - Stoppers, caps and lids (excl cr o n corks),a of base metal.",PCS,154391205.0,320327.285925,0.320327,110177.612
83100000,"Sign-plates, name-plates, address-plates,   tc, of base metal (excl 9405)",Kg,3787.841998,2621.905185,0.002622,484.882
83111000,"Coated electrodes of base metal, for elect  ic arc-welding",Kg,1734541.699998,229741.837902,0.229742,54422.701
83112000,"Cored wire of base metal, for electric arc  welding.",Kg,39942.5,10734.294779,0.010734,2003.131
83113000,"Coated rods and cored wire of base metal,   or soldering, brazing or welding by f",Kg,48134.48,9461.234487,0.009461,1769.547
83119000,"Other wire, rods, tubes,plates, electrodes  similar products of base metal or of",Kg,10316.680002,2213.34309,0.002213,413.724
84012000,"Machinery and apparatus for isotopic separ  tion, parts thereof.",PCS,3.0,5.3213,5e-06,0.267
84021200,Watertube boilers with a steam production   <45t/hour,PCS,73.0,76924.809625,0.076925,1467.117
84021900,"Other vapour generating boilers, nes (incl  hybrid boilers).",PCS,26.0,25647.620801,0.025648,920.105
84022000,Super heated water boilers   .,PCS,1.0,207.554406,0.000208,10.443
84029000,Parts of vapour generating boilers and sup  r-heated water boilers,PCS,6343.0,29305.298553,0.029305,5463.411
84031000,Boilers for central heating   .,PCS,2.0,531.088713,0.000531,5.338
84039000,Parts of boilers for central heating  .,PCS,33.0,18081.212428,0.018081,3372.481
84041000,Auxiliary plant for use with boilers of 84  2 or 8403,PCS,2.0,1327.806051,0.001328,66.521
84042000,Condensers for steam or other vapour power  units,PCS,2.0,0.79671,1e-06,0.04
84049000,Parts of auxiliary plant for use with boil  rs,PCS,8.0,12.24632,1.2e-05,3.741
84051000,"Producer gas or water gas generators; acet  lene gas generators, etc.",PCS,3.0,1305.108458,0.001305,15.827
84059000,Parts of producer gas or water gas generat  rs etc,PCS,17.0,92.895381,9.3e-05,16.989
84068200,Steam and other vapour turbines (excl for   arine propulsion) with output <= 40 M,PCS,1.0,277.0595,0.000277,2.836
84069000,Parts of steam and other vapour turbines  . .,PCS,182.0,9526.453792,0.009526,1777.027
84071000,Aircraft spark-ignition piston engines   .,PCS,2.0,239098.312,0.239098,33784.723
84072100,Outboard motors for marine propulsion   .,PCS,1.0,181.547625,0.000182,54.44
84073300,"Spark-ignition reciprocating piston engine   for vehicles, 250-1000cc",PCS,2.0,26.363971,2.6e-05,9.451
84079000,"Spark-ignition reciprocating/rotary intern  l combustion engines, nes",PCS,50.0,280.878625,0.000281,99.994
84082000,Compression-ignition internal combustion p  ston engines for vehicles,PCS,82.0,3132.632312,0.003133,1115.286
84089000,"Compression-ignition internal combustion p  ston engines, nes",PCS,69.0,1742.302075,0.001742,492.724
84091000,Parts for aircraft engines of 840710  . .,PCS,29.0,18395.575923,0.018396,2605.461
84099110,Parts for spark-ignition internal combustion piston engines Of motor vehicle,PCS,155423.0,73314.481836,0.073314,22502.746
84099190,"Other parts, Spark Ignition Interal Combustion Piston engine(excl aircarft&motor veh.",PCS,17616.0,6173.173585,0.006173,1875.967
84099910,Other parts of Motor vehicle engines other than spark ignition,PCS,42712.0,37391.92152,0.037392,11696.321
84099990,Other parts suitable for engines heading 8407 or 8408 other than spark ignition,PCS,23084.0,26430.417832,0.02643,7715.177
84101100,"Hydraulic turbines and water wheels, of a   ower <=1mw",PCS,12.0,16064.502606,0.016065,162.354
84101300,"Hydraulic turbines and water wheels, of a   ower >10mw",PCS,1.0,57220.236,0.05722,572.268
84109000,"Parts of hydraulic turbines, water wheels   ncluding regulators.",PCS,38076.0,399745.54933,0.399746,24417.138
84112100,"Turbo-propellers, of a power =<1100kw   .",PCS,2.0,98479.256,0.098479,15279.934
84112200,"Turbo-propellers, of a power >1100kw  . .",PCS,1.0,316044.256,0.316044,44657.12
84118100,"Gas turbines, nes, of a power =<5000kw   .",PCS,103.0,3694.27253,0.003694,897.777
84119100,Parts of turbo-jets or turbo-propellers,PCS,139.0,7173.870119,0.007174,1225.337
84121000,Reaction engines (excl turbo-jets)   .,PCS,8.0,75.297732,7.5e-05,22.555
84122100,"Hydraulic power engines and motors, linear  acting (cylinders)",PCS,282.0,14432.240844,0.014432,3580.669
84122900,Hydraulic power engines and motors (excl  l near acting).,PCS,578.0,57819.70361,0.05782,2420.291
84123100,"Pneumatic power engines and motors, linear  acting (cylinders)",PCS,678.0,4459.192642,0.004459,1336.281
84123900,Pneumatic power engines and motors (excl  l near acting).,PCS,68.0,944.957668,0.000945,283.365
84129000,Parts of engines and motors of 841210 to  8 1280.,PCS,4589.0,16969.750992,0.01697,1347.989
84131100,"Pumps for dispensing fuel or lubricants, f  r filling-stations or garages",PCS,1152.0,13277.189618,0.013277,2821.369
84131900,"Pumps for liquids, with or designed to be   itted with a measuring device",PCS,2969.0,4446.503657,0.004447,1338.624
84132000,Hand pumps for liquids (excl those of 841 3 1 or 19).,PCS,32177.0,13763.219303,0.013763,3279.734
84133000,Fuel/lubricating/cooling-medium pumps for   nternal combustion engines,PCS,10498.0,33773.049811,0.033773,11408.551
84134000,Concrete pumps   .,PCS,38.0,208447.513019,0.208448,46880.617
84135000,"Reciprocating positive displacement pumps   or liquids, nes",PCS,160.0,10730.567957,0.010731,2670.781
84136000,"Rotary positive displacementpumps for liqu  ds, nes",PCS,1722.0,24822.555023,0.024823,6942.79
84137011,Centrifugal pumps for liquids of a capacity of 2 to 8 HP run on gasoline,PCS,3926.0,54267.790774,0.054268,2714.191
84137019,"Centrifugal pumps for liquids, others run on gasoline, (excel 2 to 8 HP)",PCS,292.0,24628.466954,0.024628,5635.033
84137091,Monoblock pump,PCS,21932.0,130097.344665,0.130097,26055.676
84137092,Sumersible pump,PCS,23735.0,123992.942918,0.123993,32602.184
84137099,Other centrifugal pump,PCS,5271.0,34380.563206,0.034381,9266.345
84138100,"Pumps for liquids, nes   .",PCS,27674.0,88521.843271,0.088522,25429.657
84138200,Liquid elevators  . .,PCS,860.0,2983.946569,0.002984,893.837
84139100,Parts of pumps for liquids   .,PCS,228468.0,53538.051223,0.053538,12820.681
84139200,Parts of liquid elevators   .,PCS,56309.0,2054.680302,0.002055,502.04
84141000,Vacuum pumps   .,PCS,1471.0,10158.946201,0.010159,3051.725
84142000,Hand or foot-operated air pumps   .,PCS,46377.0,5274.996891,0.005275,1564.096
84143000,Compressors for refrigerating equipment   .,PCS,8509.0,65279.689295,0.06528,15704.626
84144000,Air compressors mounted on a wheeled chass  s for towing.,PCS,18596.0,50370.365811,0.05037,11010.82
84145100,"Table, floor, wal, ceiling or roof fans, w  th self-contained electric motor <=12",PCS,76356.0,89073.43315,0.089073,19796.896
84145900,"Other Fans, nes",PCS,48128.0,82576.650057,0.082577,19606.613
84146000,Hoods incorporating a fan having a maximum  horizontal side =<120cm,PCS,18445.0,117761.567509,0.117762,33535.812
84147000,Gas-tight biological safety cabinets,PCS,3.0,656.571133,0.000657,196.713
84148000,"Air pumps; air or gas compressors; hoods w  th a fan, nes",PCS,2499.0,50812.053573,0.050812,11839.697
84149000,"Parts of air/vacuum pumps, of air/gas comp  essors, of fans etc",PCS,278562.0,53607.500557,0.053608,11771.231
84151000,"Window or wall air conditioning machines,   elf-contained or spilt-system",PCS,22858.0,843781.534444,0.843782,386715.313
84152000,"Air conditioning machines of a kind used f  r persons,in motor vehicles",PCS,131.0,20923.550542,0.020924,9813.966
84158100,AC incorporating a refrigerating unitval ve cooling/heat cycle reversible heat p.,PCS,39.0,6339.44312,0.006339,2973.348
84158200,"Air conditioning machines, with refrigerat  ng unit, no valve",PCS,122.0,37681.146161,0.037681,4806.251
84158310,Air handling unit,PCS,60.0,85398.784906,0.085399,20613.305
84158390,Other incorporatory a refrigerating unit,PCS,74.0,65233.51143,0.065234,3186.034
84159000,Parts of air conditioning machines   .,PCS,260869.0,111344.229844,0.111344,49990.15
84161000,Furnace burners for liquid fuel   .,PCS,719.0,481.522059,0.000482,24.276
84162000,Furnace burners for solid fuel or gas (inc   combination burners),PCS,256.0,5485.584349,0.005486,61.472
84169000,Parts of furnace burners for liquid/solid/  as fuel; mechanical grates,PCS,5234.0,18399.387689,0.018399,3432.474
84171000,"Furnaces and ovens for roasting, melting  o  ores/pyrites/metals.",PCS,8.0,16653.032452,0.016653,169.588
84172000,Bakery ovens (incl biscuit ovens)   .,PCS,1570.0,18975.54582,0.018976,643.536
84178000,"Other industrial or laboratory furnaces (i  cl incinerators), nes",PCS,78.0,54722.428068,0.054722,656.667
84179000,Parts of industrial or laboratory furnaces  and ovens,PCS,275.0,7894.800548,0.007895,1472.866
84181000,"Combined refrigerator-freezers, fitted with separate external doors or drawers, or co",PCS,7970.0,203362.214565,0.203362,60776.548
84182100,Compression-type household refrigerators  . .,PCS,59853.0,1169033.550953,1.169034,335318.544
84182900,"Household refrigerators, nes  . .",PCS,5646.0,111318.071539,0.111318,31974.332
84183000,"Freezers of the chest type, capacity =<800  itres",PCS,10126.0,207337.200812,0.207337,61986.991
84184000,"Freezers of the upright type, capacity =<9  0litres",PCS,566.0,10706.165969,0.010706,3206.755
84185000,"Other furniture incorporating freeze(chest  ,cabinets,display counters,showcase&t",PCS,3131.0,119602.098781,0.119602,35961.214
84186100,Heat pumps other than air conditioning mac  ines of heading 8415.,PCS,121.0,24288.537258,0.024289,7274.828
84186910,Chiller,PCS,308.0,96924.492684,0.096924,25340.116
84186990,"Refrigerating or freezing equipment, nes  . .",PCS,1373.0,184511.329252,0.184511,55263.12
84189100,Furniture designed to receive refrigeratin   or freezing equipment,PCS,106.0,8520.757099,0.008521,2552.956
84189900,"Parts of refrigerators, freezers heat-p ump .",PCS,24286.0,26991.150366,0.026991,7754.389
84191100,Instantaneous gas water heaters   .,PCS,3.0,11.34072,1.1e-05,2.76
84191200,Solar water heaters,PCS,1946.0,56995.786711,0.056996,13851.042
84191900,"Instantaneous or storage water heaters, no  -electric, nes",PCS,27.0,1459.862988,0.00146,104.113
84192010,"Autoclave : Medical, surgical or laboratory sterilisers",PCS,759.0,19675.708356,0.019676,985.425
84192090,"Medical, surgical or laboratory sterilizer  .",PCS,327.0,23637.118307,0.023637,1182.725
84193400,"Other, for agricultural products",PCS,38.0,5297.885812,0.005298,185.311
84193500,"Other, for wood, paper pulp, paper or paperboard",PCS,7.0,3186.776418,0.003187,159.536
84193900,Other dryers,PCS,2164.0,70027.153082,0.070027,1878.562
84194000,Distilling or rectifying plant   .,PCS,29.0,34295.681356,0.034296,370.835
84195000,Heat exchange units   .,PCS,234.0,26157.667649,0.026158,1176.24
84196000,Machinery for liquefying air or gases   .,PCS,6.0,22560.293406,0.02256,239.035
84198100,"Other non-domestic equipment, for making h  t drinks or for cooking or heating fo",PCS,354.0,20043.167628,0.020043,884.903
84198910,Colling tower,PCS,21.0,11523.251879,0.011523,583.691
84198990,"Other non-domestic heating/cooling equipme  t, nes",PCS,1944.0,32217.000003,0.032217,1616.293
84199000,Parts of non-domestic heating/cooling equi  ment.,PCS,5698.0,21316.107835,0.021316,2770.721
84201000,Calendering or other rolling machines (exc   for metal/glass),PCS,22.0,2071.067961,0.002071,24.816
84209100,Cylinders for calendering or other rolling  machines.,PCS,88.0,331.802922,0.000332,60.331
84209900,"Parts of calendering or other rolling mach  nes, nes.",PCS,87.0,2894.03757,0.002894,539.941
84211100,Centrifugal cream separators  . .,PCS,171.0,1781.650981,0.001782,89.411
84211200,Centrifugal clothes-dryers   .,PCS,1.0,8.0075,8e-06,1.495
84211900,"Centrifuges, nes  . .",PCS,618.0,15697.609601,0.015698,723.679
84212100,Machinery and apparatus for filtering/puri  ying water,PCS,54349.0,260337.375727,0.260337,44752.063
84212200,Machinery and apparatus for filtering/puri  ying beverages (excl water),PCS,3280.0,3848.29107,0.003848,66.608
84212300,Oil or petrol-filters for internal combust  on engines,PCS,725833.0,185620.519765,0.185621,63066.19
84212900,"Machinery and apparatus for filtering/puri  ying liquids, nes",PCS,79991.0,16266.731976,0.016267,3806.801
84213100,Intake air filters for internal combustion  engines,PCS,477928.0,140152.791795,0.140153,47137.939
84213200,"Catalytic converters or particulate filters, whether or not combined, for purifying o",PCS,843.0,4132.581633,0.004133,1216.451
84213910,Pressure swing adsorption oxygen plant for medical grade oxygen and crogenic oxygen..,PCS,353.0,1066.903459,0.001067,53.349
84213990,Others Filtering or purifying machinery and apparatus for gases,PCS,7230.0,38905.476772,0.038905,1084.489
84219100,"Parts of centrifuges, including centrifuga   dryers",PCS,293.0,6704.512714,0.006705,872.0
84219900,Parts of machinery for filtering/purify ing liquids or gases.,PCS,219118.0,85131.590371,0.085132,15885.678
84221100,"Dish washing machines, of the household ty  e",PCS,195.0,13439.424053,0.013439,4780.366
84221900,"Dish washing machines, of the industrial t  pe",PCS,114.0,2177.369368,0.002177,387.615
84222000,Machinery for cleaning or drying bottles o   other containers,PCS,136.0,16088.148398,0.016088,262.975
84223000,"Machinery for filling, closing, capsuling   tcbottles, cans etc,& aerating b.",PCS,2010.0,268756.467054,0.268756,3890.62
84224000,"Packing or wrapping machinery, (incl heat - hrink wrapping machinery)nes.",PCS,1298.0,114487.815128,0.114488,1884.567
84229010,Parts of machinery of 842211 to 842240   .,PCS,650.0,977.103911,0.000977,237.587
84229090,Parts of machinery of 842211 to 842240   .,PCS,6350.0,36755.229501,0.036755,6862.329
84231000,"Personal weighing machines (incl baby sca l s), household scales.",PCS,46727.0,10015.980042,0.010016,2587.957
84232000,Scales for continuous weighing of goods on  conveyors,PCS,41.0,229.470338,0.000229,42.865
84233000,Constant weight scales and scales for disc  arging a predetermined weight,PCS,427.0,1033.099907,0.001033,193.663
84238100,"Weighing machinery, nes, of weighing capac  ty =<30kg",PCS,8934.0,18354.652051,0.018355,3424.106
84238200,"Weighing machinery, nes, of weighing capac  ty 30-5000kg.",PCS,8629.0,42749.094659,0.042749,7973.944
84238900,"Weighing machinery, nes, of weighing capac  ty >5000kg",PCS,859.0,30469.281261,0.030469,5112.406
84239000,Weighing machine weights of all kinds; par  s of weighing machinery,PCS,14168.0,15315.55215,0.015316,2859.636
84241000,Fire extinguishers   .,PCS,14787.0,38438.557317,0.038439,5648.092
84242000,Spray guns and similar appliances   .,PCS,70344.0,12713.786532,0.012714,2037.756
84243000,Steam or sand blasting machines and simila   jet projecting machines.,PCS,2312.0,13444.787884,0.013445,2507.822
84244100,Agricultural or horticultural portable Sprayers,PCS,34477.0,51374.4843,0.051374,7565.518
84244900,Other agricultural or horticultural sprayers,PCS,310.0,403.55257,0.000404,75.552
84248200,Agricultural or horticultural,PCS,51957.0,10327.171723,0.010327,1754.771
84248900,"Mechanical appliances for projecting, disp  rsing or spraying liquids or powders,",PCS,6608.0,8830.765835,0.008831,1157.32
84249000,Parts of machinery and apparatus of 84241 0 to 842489,PCS,657419.0,20459.502888,0.02046,2643.799
84251100,"Pulley tackle and hoists, powered by el ect ic motor.",PCS,571.0,9982.291264,0.009982,1742.058
84251900,"Pulley tackle and hoists, nes (excl sk ip o  vehicle hoists).",PCS,1232.0,15250.001912,0.01525,2843.94
84253100,"Winches, capstans, powered by electric mot  r",PCS,3.0,188.707378,0.000189,35.195
84253900,"Winches, capstans, nes   .",PCS,36.0,48529.994008,0.04853,738.896
84254100,"Jacks, built-in jacking systems of a type   sed in garages",PCS,597.0,10328.430281,0.010328,2456.173
84254200,Hydraulic jacks and vehicle hoists   .,PCS,5705.0,14732.441293,0.014732,3632.263
84254900,"Jacks and vehicle hoists, nes   .",PCS,3363.0,5023.300356,0.005023,1212.552
84261100,Overhead travelling cranes on fixed suppor  .,PCS,8.0,60235.35484,0.060235,666.332
84261900,"Transporter cranes, gantry cranes and brid  e cranes, overhead travelling cranes",PCS,3.0,54385.087,0.054385,2258.563
84263000,Portal or pedestal jib cranes   .,PCS,1.0,76.51618,7.7e-05,3.891
84264100,"Derricks, cranes, etc, nes, self-propelled   on tyres",PCS,10.0,40565.697375,0.040566,2028.743
84264900,"Derricks, cranes, etc, nes, self-propelled  (excl on tyres)",PCS,1.0,102.652312,0.000103,5.133
84269900,"Ships derricks, cranes, etc, nes  . .",PCS,15.0,3932.843736,0.003933,196.781
84271000,Self-propelled works trucks powered by an   lectric motor,PCS,8.0,15066.174609,0.015066,3110.975
84272000,Self-propelled works trucks (excl electic ) .,PCS,41.0,10881.484524,0.010881,2492.073
84279000,"Works trucks fitted with lifting or handli  g equipment, nes.",PCS,209.0,15673.754444,0.015674,3322.83
84281000,Lifts and skip hoists   .,PCS,799.0,239813.295539,0.239813,44731.356
84282000,Pneumatic elevators and conveyors   .,PCS,3116.0,104907.592339,0.104908,18418.052
84283200,"Continuous-action elevators and conveyors,  bucket type, nes.",PCS,1228.0,4912.82474,0.004913,157.783
84283300,"Continuous-action elevators and conveyors,  belt type, nes",PCS,52.0,6736.346823,0.006736,344.668
84283900,"Continuous-action elevators and conveyors,  nes",PCS,42.0,4380.082078,0.00438,219.268
84286000,"Teleferics, chair-lifts; traction mecha nis s for funiculars.",PCS,48.0,205056.85935,0.205057,2051.103
84289000,"Lifting, handling, loading or unloading ma  hinery, nes",PCS,120.0,43092.324798,0.043092,1915.179
84292000,Self-propelled graders and levellers  . .,PCS,19.0,20424.21601,0.020424,3809.184
84293000,Self-propelled scrapers   .,PCS,1.0,5527.749,0.005528,1030.991
84294000,Self-propelled tamping machines and road-r  llers,PCS,6.0,10968.071906,0.010968,493.21
84295100,Self-propelled front-end shovel loaders   .,PCS,11.0,58569.336875,0.058569,10923.584
84295200,Self-propelled bulldozers with a 360o r evo ving superstructure,PCS,44.0,453849.189,0.453849,69179.347
84295900,"Self-propelled bulldozers, excavators,  nes .",PCS,87.0,392175.54075,0.392176,73145.84
84301000,Pile-drivers and pile-extractors  . .,PCS,2.0,3114.501102,0.003115,34.439
84304100,Self-propelled boring or sinking machinery  .,PCS,4.0,59346.159492,0.059346,15.404
84305000,"Self-propelled earth moving, grading, excv  ting machinery, nes",PCS,1.0,596.238438,0.000596,29.877
84306100,"Tamping or compacting machinery, not self-  ropelled.",PCS,196.0,13378.114641,0.013378,670.641
84306900,"Earth moving, excavating, extracting ma chi ery, not self-propelled",PCS,50.0,78.7215,7.9e-05,7.774
84311000,Parts of machinery of 8425   .,PCS,4410.0,8592.09504,0.008592,494.896
84312000,Parts of machinery of 8427   .,PCS,1021.0,3149.71417,0.00315,587.972
84313100,"Parts of lift, skip hoists or escalators  . .",PCS,1052.0,7142.996001,0.007143,1333.528
84313900,"Parts of machinery of 8428 (excl lift, s ki  hoists or escalators)",PCS,6670.0,44025.79558,0.044026,8213.576
84314100,"Buckets, shovels, grabs and grips of machi  ery of 8426, 8429 and 8430",PCS,15810.0,7244.836954,0.007245,1054.0
84314200,Bulldozer or angledozer blades of 8429   .,PCS,20.0,647.963652,0.000648,120.98
84314300,Parts for boring or sinking machinery of s  bheading 843041 or 843049,PCS,2924.0,20530.37347,0.02053,3363.381
84314900,"Parts of machinery of 8426, 8429 and 84 30, nes",PCS,137700.0,164727.290954,0.164727,30861.272
84321000,Ploughs   .,PCS,5185.0,2929.2266,0.002929,85.235
84322100,Disc harrows   .,PCS,439.0,13082.982299,0.013083,208.912
84322900,"Harrows (excl disc harrows), scarifiers,  c ltivators, weeders and hoes",PCS,30128.0,35639.814306,0.03564,588.393
84323100,"No-till direct seeders, planters and transplanters",PCS,190.0,3087.268156,0.003087,59.297
84323900,"Other seeders, planters and transplanters",PCS,495.0,1551.037719,0.001551,15.511
84324200,Fertiliser distributors,PCS,2.0,262.316703,0.000262,13.116
84328000,"Soil preparation/cultivation machinery, ne  ; lawn/sports-ground rollers.",PCS,6733.0,148252.521614,0.148253,2309.979
84329000,Parts of soil preparation/cultivation mach  nery (843210 to 843280),PCS,148536.0,24842.73309,0.024843,4035.565
84331100,"Mowers, powered, the cutting device rot ati g in a horizontal plane",PCS,9522.0,16630.718145,0.016631,243.343
84331900,"Mowers for lawns, parks or sports grounds,  nes",PCS,1260.0,7017.98832,0.007018,125.268
84332000,"Mowers (incl cutter bars for tractor moun t ng), nes.",PCS,1217.0,6849.106844,0.006849,137.734
84333000,Haymaking machinery   .,PCS,196.0,4314.115099,0.004314,43.144
84334000,Straw or fodder balers (incl pick-up bale r ),PCS,271.0,17283.62123,0.017284,326.852
84335100,Combine harvester-threshers   .,PCS,69.0,239436.5675,0.239437,2396.394
84335200,"Threshing machinery for agricultural produ  e, nes",PCS,9027.0,293184.375207,0.293184,4046.738
84335900,"Harvesting machinery, nes   .",PCS,1788.0,65795.155602,0.065795,875.229
84336000,"Machines for cleaning, sorting or grading   ggs, fruit or other agricultural prod",PCS,32.0,1102.312453,0.001102,39.644
84339000,Other harvestiong or threshing machinery pa ts Ã Ã ,PCS,22943.0,7179.412955,0.007179,1096.66
84341000,Milking machines  . .,PCS,479.0,3901.593389,0.003902,64.009
84342000,Dairy machinery   .,PCS,2701.0,51447.908084,0.051448,1980.704
84349000,Parts of milking machines and dairy machin  ry,PCS,61.0,937.418217,0.000937,174.973
84351000,"Presses, crushers, etc, for making wine, c  der, fruit juices or similar beverage",PCS,93.0,3511.666215,0.003512,118.134
84361000,Machinery for preparing animal feeding stu  fs,PCS,6081.0,75140.316137,0.07514,967.334
84362100,Poultry incubators and brooders   .,PCS,228.0,1372.981258,0.001373,69.557
84362900,"Poultry-keeping machinery, nes   .",PCS,3413.0,277116.52375,0.277117,2916.545
84368000,"Agricultural forestry or bee-keeping ma chi ery, nes.",PCS,2015.0,24142.579417,0.024143,267.176
84369100,Parts of poultry-keeping machinery or poul  ry incubators and brooders,PCS,1837.0,6695.7453,0.006696,187.514
84369900,"Parts of agricultural, herticultural, fore  try, poultry-keeping machinery, nes",PCS,6782.0,18246.420149,0.018246,3221.207
84371000,Machines for cleaning/sorting/grading seed   grain or dried vegetables,PCS,2474.0,280126.594292,0.280127,3439.546
84378000,Machinery for milling or working cereals o   dried vegetables,PCS,4218.0,272806.074771,0.272806,3924.491
84379000,"Parts of milling, etc, machinery (843710 t   843780).",PCS,287267.0,39780.247285,0.03978,6683.509
84381000,"Bakery machinery and machinery for making   acaroni, spaghetti, etc",PCS,2074.0,115162.838893,0.115163,2157.249
84382000,"Machinery for the manufacture of confectio  ery, cocoa or chocolate",PCS,6.0,3624.848735,0.003625,46.739
84383000,Machinery for sugar manufacture   .,PCS,133.0,226580.300544,0.22658,2294.699
84384000,Brewery machinery   .,PCS,10.0,255392.78785,0.255393,2554.961
84385000,Machinery for the preparation of meat or p  ultry,PCS,536.0,25706.053298,0.025706,722.641
84386000,"Machinery for the preparation of fruits, n  ts or vegetables.",PCS,331.0,9784.502172,0.009785,457.575
84388010,"Machinery for tea shorting, CTC, tea forme  ting, tea drier,LPT nes",PCS,113.0,524.824371,0.000525,26.31
84388090,"Other machinery for industrial prep of fo o  or drink, nes",PCS,811.0,45254.839957,0.045255,1370.927
84389000,Parts of HS 84381000 to 84388090  . .,PCS,7578.0,49770.568536,0.049771,9168.791
84391000,Machinery for making pulp of fibrous cellu  osic material,PCS,2.0,241.246766,0.000241,12.128
84392000,Machinery for making paper or paperboard  . .,PCS,2.0,2819.88975,0.00282,28.33
84393000,Machinery for finishing paper or paperboar  .,PCS,38.0,10767.691309,0.010768,189.376
84399100,Parts of machinery for making pulp of fibr  us cellulosic material,PCS,9.0,990.746469,0.000991,184.843
84399900,Parts of machinery for making/finishing pa  er or paperboard.,PCS,122.0,11282.235228,0.011282,2105.34
84401000,Book-binding machinery (incl book-sewing  m chines),PCS,141.0,12464.052701,0.012464,449.872
84409000,Parts of book-binding machinery   .,PCS,386.0,322.889051,0.000323,60.293
84411000,Cutting machines  . .,PCS,205.0,18930.630279,0.018931,398.996
84412000,"Machines for making bags, sacks or envelop  s of paper or paperboard.",PCS,4.0,16749.402438,0.016749,167.691
84413000,"Machines for making cartons, boxes, etc, o   paper or paperboard.",PCS,160.0,5365.767658,0.005366,154.179
84414000,"Machines for moulding articles in paper pu  p, paper or paperboard",PCS,75.0,8516.661069,0.008517,193.577
84418000,"Machinery for making up paper pulp, paper   r paperboard, nes",PCS,169.0,12566.966395,0.012567,191.368
84419000,"Parts of machinery for making up paper pul  , paper or paperboard, nes",PCS,275.0,10347.328791,0.010347,1931.148
84423000,"Machinery, apparatus & equipment for makin   plates,cilinders or other printing c",PCS,3.0,1155.844344,0.001156,57.924
84424000,Parts of type-setting machinery   .,PCS,73.0,281.336327,0.000281,52.475
84425000,"Plates, cylinders and other printing  comp  nents; plates, cylinders and lithogra",PCS,117220.0,18216.067952,0.018216,3404.197
84431100,"Offset printing machinery, reelfed   .",PCS,111.0,41935.671639,0.041936,428.917
84431200,"Offset printing machinery,sheetfed,office   ype, one side <=20cm, next side <=36c",PCS,3.0,570.310156,0.00057,13.247
84431300,Other offset printing machinery   .,PCS,835.0,47688.11974,0.047688,917.16
84431400,"Letterpress printing machinery, reel fed,   xcluding flexographic printing",PCS,4.0,27.75491,2.8e-05,2.54
84431600,Flexographic printing machinery   .,PCS,23.0,12277.677344,0.012278,280.773
84431700,Gravure printing machinery   .,PCS,5.0,57672.103,0.057672,577.048
84431900,"Offset printing machinery, nes   .",PCS,213.0,21743.715883,0.021744,532.919
84433100,"Machines which perform multi functions(pri  ting,copying or fax etc)on or without",PCS,7449.0,130478.727153,0.130479,31740.808
84433200,"Other machine, printing, copying or fax etc  connecting with PC or on network",PCS,5800.0,97233.767512,0.097234,23616.959
84433900,"Other - Printers, coppiers, fax   .",PCS,17169.0,25110.662662,0.025111,5908.209
84439100,"Parts & accessories of printing machinery   sed for printing by means of plates,",PCS,12715.0,20967.328525,0.020967,3893.948
84439910,Toner cartridge,PCS,98981.0,76008.189209,0.076008,14178.555
84439990,"Other - parts & accessories of fax, photoc  py & printer.",PCS,77822.0,21279.194779,0.021279,2770.814
84451100,Carding machines  . .,PCS,57.0,424.228904,0.000424,21.679
84451900,"Machines for preparing textile fibres, nes  .",PCS,7.0,6983.207994,0.006983,349.505
84452000,Textile spinning machines   .,PCS,1614.0,91027.538456,0.091028,917.004
84454000,Textile winding (incl weft-winding) or re e ing machines.,PCS,3.0,1058.462315,0.001058,10.925
84459000,"Machinery for producing or preparing texti  e yarns, nes.",PCS,8.0,37.12533,3.7e-05,1.922
84461000,"Weaving machines for weaving fabrics, =<30  m wide",PCS,2.0,79.918804,8e-05,0.805
84462100,"Power looms for weaving fabrics, =<30cm wi  e, shuttle type",PCS,12.0,9391.499938,0.009391,145.183
84462900,"Weaving machines for weaving fabrics, >30c   wide, shuttle type, nes.",PCS,20.0,30047.7775,0.030048,300.609
84463000,"Weaving machines for weaving fabrics, >30c   wide, shuttleless type",PCS,4.0,18774.376,0.018774,187.809
84471100,"Circular knitting machines, with cylinder   iameter =<165mm",PCS,1.0,331.896375,0.000332,16.595
84471200,"Circular knitting machines, with cylinder   iameter >165mm",PCS,5.0,22053.344875,0.022053,220.665
84472000,Flat knitting machines; stitch-bonding mac  ines.,PCS,60.0,32296.170227,0.032296,443.714
84479000,"Machines for making gimped yarn, tulle, la  e, embroidery, trimmings, braid & tuf",PCS,38.0,9367.432407,0.009367,430.12
84481100,"Dobbies and jacquards; card reducing, copy  ng, punching Machines",PCS,111.0,10702.094433,0.010702,1565.187
84481900,"Auxiliary machinery for machines of 8444,   445, 8446, 8447, nes.",PCS,92603.0,491.536708,0.000492,69.492
84482000,Parts and accessories of machines of 8444   r their auxiliary machinery,PCS,1108.0,1011.993125,0.001012,183.02
84483100,Card clothing  . .,PCS,742.0,2673.138053,0.002673,423.309
84483200,"Parts and accessories of machines for prep  ring textile fibres, nes.",PCS,18966.0,5320.548347,0.005321,532.594
84483300,"Spindles and spindle flyers, spinning ring  and ring travellers",PCS,274338.0,2623.75809,0.002624,348.466
84483900,"Parts and accessories of machines of 8445 , etc, nes.",PCS,24570.0,20816.986823,0.020817,2988.641
84484200,"Reeds for looms, healds and heald-frames  . .",PCS,66162.0,1189.936956,0.00119,181.327
84484900,"Parts and accessories of weaving machines   looms), nes",PCS,6669913.0,40339.059744,0.040339,5257.228
84485100,"Sinkers, needles and other articles used i   forming stitches",PCS,105112.0,2253.567901,0.002254,349.834
84485900,"Parts and accessories of machines of 8447 , etc, nes.",PCS,2303.0,1103.172578,0.001103,203.782
84490010,Face mask making machine,PCS,2.0,1230.464469,0.00123,12.435
84490020,Other Machine,PCS,2.0,1169.31925,0.001169,58.531
84490090,"Parts of machery for the manufacture or finishing of felt, felt hats",PCS,98000.0,3699.243184,0.003699,185.029
84501100,"Fully-automatic washing machines, capacity  <10kg",PCS,25871.0,893701.371393,0.893701,318085.173
84501200,"Washing machines with built-in centrifugal  drier, capacity =<10kg",PCS,2293.0,21955.280625,0.021955,7817.148
84501900,"Washing machines, nes, of a dry linen capa  ity =<10kg",PCS,659.0,4122.673924,0.004123,1473.211
84502000,"Washing machines, household/laundry type,   apacity >10kg",PCS,2721.0,123567.707255,0.123568,43764.521
84509000,Parts of household/laundry-type washing ma  hines,PCS,21783.0,10960.995746,0.010961,3329.952
84511000,Dry-cleaning machines   .,PCS,155.0,1806.777818,0.001807,847.583
84512100,"Drying machines, of a dry linen capacity =  10kg.",PCS,91.0,1795.574048,0.001796,842.13
84512900,"Drying machines, of a dry linen capacity >  0kg",PCS,37.0,6437.270401,0.006437,302.076
84513000,Ironing machines and presses (incl fusing   resses),PCS,490.0,7039.896316,0.00704,219.414
84514000,"Washing, bleaching or dyeing machines, nes  .",PCS,542.0,47767.131553,0.047767,456.415
84515000,"Machines for reeling, unreeling, folding,   utting or pinking textile fabrics",PCS,274.0,5723.632378,0.005724,177.245
84518000,"Machines for wringing, dressing, finishing  textile yarns, fabrics",PCS,51.0,32066.374234,0.032066,89.827
84519010,"Parts of machines for cleaning, drying, ir  ning, etc",PCS,2.0,0.09243,0.0,0.024
84519090,"Parts of machines for cleaning, drying, ir  ning, etc",PCS,2408.0,600.960779,0.000601,114.514
84521000,Sewing machines of the household type   .,PCS,1818.0,4367.428412,0.004367,787.563
84522100,Automatic sewing machines   .,PCS,619.0,6126.055245,0.006126,320.995
84522900,Sewing machines of industrial type (excl  a tomatic units),PCS,11080.0,196950.447127,0.19695,3102.416
84523000,Sewing machine needles,PCS,310883.0,430.138777,0.00043,80.102
84529000,"Furniture, bases and covers for sewing mach nes and parts thereof;other parts of",PCS,72973.0,10664.142448,0.010664,1946.649
84531000,"Machinery for preparing, tanning or workin   hides, skins or leather.",PCS,5.0,406.40351,0.000406,7.697
84532000,Machinery for making or repairing footwear  .,PCS,398.0,9075.052052,0.009075,242.362
84538000,"Machinery for making/repairing articles of  hides, skins or leather, nes.",PCS,6.0,0.95879,1e-06,0.048
84539000,"Parts of machinery for preparing  leath er, making footware, etc.",PCS,786.0,2435.803345,0.002436,454.57
84542000,"Ingot moulds, ladles used in metallurgy or  in metal foundries",PCS,30.0,35.10914,3.5e-05,1.759
84543000,Casting machines used in metallurgy or in   etal foundries,PCS,28.0,8538.921703,0.008539,267.228
84549000,"Parts of converters, ladles, ingot moulds    casting machines, casting machines",PCS,1317.0,12735.725981,0.012736,2376.247
84551000,Tube mills   .,PCS,5.0,25932.050875,0.025932,259.517
84552100,Hot or combination hot and cold metal-roll  ng mills.,PCS,114.0,320653.608906,0.320654,3222.457
84552200,Cold metal-rolling mills  . .,PCS,4.0,7127.867876,0.007128,77.897
84553000,Rolls for rolling mills   .,PCS,441.0,48446.491174,0.048446,2076.927
84559000,Parts of metal-rolling mills (excl rolls) . .,PCS,358235.0,38436.853976,0.038437,7172.77
84561100,Operated by laser,PCS,59.0,42572.942771,0.042573,1.17
84561200,Operated by other light or photon beam processes,PCS,1.0,269.052,0.000269,0.065
84562000,Machine-tools operated by ultrasonic proce  ses,PCS,13.0,1015.613809,0.001016,52.009
84564000,Operated by plasma arc processes,PCS,9.0,1688.862578,0.001689,84.446
84565000,Water-jet cutting machines,PCS,2.0,445.772094,0.000446,22.355
84569000,Other - Machinery tools for working any ma  erial by laser or other light or phot,PCS,13.0,1174.083284,0.001174,0.065
84571000,Machining centres for working metal   .,PCS,2.0,643.903945,0.000644,8.42
84581100,"Horizontal lathes for removing metal, nume  ically controlled",PCS,10.0,6236.578898,0.006237,110.148
84581900,Horizontal lathes for removing metal (excl  numerically controlled),PCS,6.0,8387.74425,0.008388,146.902
84589100,"Lathes for removing metal, nes, numericall   controlled",PCS,1.0,360.631562,0.000361,3.607
84589900,"Lathes for removing metal, nes (excl nume r cally controlled)",PCS,6.0,1786.742937,0.001787,79.704
84591000,"Way-type unit head machines for drilling,   oring by removing metal",PCS,83.0,156.223889,0.000156,7.875
84592100,"Drilling machines for removing metal, nume  ically controlled, nes",PCS,26.0,218.749326,0.000219,11.006
84592900,"Drilling machines for removing metal, nes   .",PCS,150.0,3674.940783,0.003675,163.286
84593900,"Boring-milling machines for metal, nes   .",PCS,5.0,111.074479,0.000111,5.685
84594000,Other boring Machines . .,PCS,2.0,168.76768,0.000169,31.608
84594100,Numerically controlled,PCS,2.0,105.096102,0.000105,5.385
84594900,Other boring machines (excel numerically controlled),PCS,3.0,33.6315,3.4e-05,1.878
84595100,"Milling machines, knee-type, for metal, nu  erically controlled",PCS,1.0,168.061656,0.000168,24.419
84596900,"Milling machines for metal, nes   .",PCS,14.0,12170.908898,0.012171,128.26
84597000,"Threading or tapping machines for metal, w  rked by removing metal, nes",PCS,10.0,461.019411,0.000461,10.188
84601200,Numerically controlled,PCS,1.0,0.67169,1e-06,0.126
84601900,"Flat-surface grinding machines, >=001mm a c uracy, nes",PCS,3.0,148.584768,0.000149,27.714
84602300,"Other cylindrical grinding machines, numerically controlled",PCS,1.0,2.46989,2e-06,0.462
84602900,"Grinding machines, nes, accurate to >=001 m .",PCS,21.0,1390.041647,0.00139,259.512
84603100,"Sharpening (tool or cutter grinding) machi  es, numerically controlled",PCS,6.0,275.263859,0.000275,51.343
84603900,"Sharpening (tool or cutter grinding) machi  es, nes",PCS,780.0,505.906035,0.000506,94.424
84604000,"Honing or lapping machines, for working me  al",PCS,332.0,275.425991,0.000275,51.508
84609000,"Machines for deburring, grinding, polishin  , etc, metal, nes",PCS,393.0,6029.190063,0.006029,1122.886
84612000,Shaping or slotting machines for working m  tal or cermets,PCS,6.0,14942.638,0.014943,2787.132
84614000,Gear cutting/grinding/finishing machines f  r working metal or cermets,PCS,2.0,1462.083811,0.001462,272.746
84615000,Sawing or cutting-off machines for working  metal or cermets.,PCS,746.0,12213.009247,0.012213,2262.987
84619000,"Machine tools working by removing metal or  cermets,nes",PCS,25.0,1264.04073,0.001264,236.104
84621100,Closed die forging machines,PCS,132.0,774.471355,0.000774,144.574
84621900,Other die forging machine (excel closed die forging),PCS,12.0,634.477609,0.000634,118.371
84622200,Profile forming machines,PCS,1.0,3.90125,4e-06,0.729
84622300,Numerically controlled press brakes,PCS,3.0,608.552137,0.000609,113.629
84622600,"Other numerically controlled bending, folding, straightening or flattening machines",PCS,9.0,3413.634207,0.003414,636.91
84622900,"Other bending, folding straightening or flattening machines",PCS,513.0,22448.863215,0.022449,4124.314
84623200,Slitting lines and cut-to-length lines,PCS,5.0,1539.545918,0.00154,231.897
84623900,"Other slitting lines, cut-to-length lines & other shearing machines for flat products",PCS,23.0,2470.554671,0.002471,461.031
84624200,"Numerically controlled punching, notching or nibbling machines for flat products",PCS,206.0,105.727109,0.000106,19.798
84624900,"Other punching, notching or nibbling machines for flat products",PCS,551.0,3578.322351,0.003578,669.599
84625900,"Other machines for working tube, pipe, hollow section & bar (excl presses)",PCS,7.0,611.364812,0.000611,131.134
84626100,Hydraulic presses (cold metal working presses),PCS,25.0,15625.627383,0.015626,2916.34
84626200,Mechanical presses (cold metal working presses),PCS,22.0,4194.698773,0.004195,782.449
84626900,Other cold metal working presses,PCS,23.0,1355.336018,0.001355,252.973
84629000,"Other machines for working tube, pipe, hollow section & bar (excl presses)",PCS,131.0,11798.176681,0.011798,2183.713
84631000,"Draw-benches for bars, tubes, profiles, wi  e or the like",PCS,24.0,18453.907484,0.018454,3442.066
84632000,"Thread rolling machines for working metal,  without removing material",PCS,2.0,1091.960375,0.001092,203.717
84633000,"Machines for working wire, without removin   material for working metal",PCS,24.0,46629.252479,0.046629,8712.169
84639000,"Machine-tools for working metal, without r  moving material, nes.",PCS,30.0,9433.611476,0.009434,1759.779
84641000,"Sawing machines, for workingstone, ceramic  , concrete, etc",PCS,8119.0,40465.747824,0.040466,771.844
84642000,"Grinding or polishing machines, for workin   stone, ceramics, etc",PCS,115.0,34004.188994,0.034004,1825.629
84649000,"Machine-tools for working stone, ceramics,  concrete, etc",PCS,135.0,769.785754,0.00077,100.21
84651000,Machines which can change operation withou   changing tools,PCS,40.0,22536.783999,0.022537,4203.577
84652000,Machining centres,PCS,1.0,53.0315,5.3e-05,9.956
84659100,"Sawing machines for working wood, cork, bo  e, hard rubber, etc",PCS,447.0,17428.92223,0.017429,3248.682
84659200,"Planing, milling or moulding machines for   orking wood, cork, bone, etc.",PCS,3345.0,21410.859739,0.021411,3775.252
84659300,"Grinding, sanding or polishing machines fo   working wood, cork, etc.",PCS,9.0,3418.888083,0.003419,637.766
84659400,"Bending or assembling machines for working  wood, cork, bone, etc",PCS,20.0,6707.13511,0.006707,1251.359
84659500,"Drilling or morticing machines for working  wood, cork, bone, etc",PCS,341.0,2572.836455,0.002573,484.404
84659600,"Splitting, slicing or paring machines for   orking wood, cork, bone, etc.",PCS,133.0,17953.308771,0.017953,3348.902
84659900,"Machine-tools, nes, for working wood, cork   bone, hard rubber, etc",PCS,195.0,45266.777196,0.045267,8444.02
84661000,Tool holders and self-opening dieheads   .,PCS,1886.0,30341.070114,0.030341,4223.205
84662000,Work holders for machine-tools   .,PCS,592.0,1689.358272,0.001689,315.37
84663000,Dividing heads and other special attachmen  s for machine-tools,PCS,364.0,7957.830968,0.007958,1484.583
84669100,Parts and accessories for machines of 846 4 .,PCS,5259.0,608.056946,0.000608,70.551
84669200,Parts and accessories for machines of 846 5 .,PCS,170.0,4395.147466,0.004395,820.185
84669300,Parts and accessories for machines of 845 6 to 8461,PCS,1891.0,3524.157795,0.003524,443.751
84669400,Parts and accessories for machines of 846 2 to 8463,PCS,1555.0,4521.143806,0.004521,845.183
84671100,"Pneumatic tools, rotary type, for working   n the hand",PCS,1087.0,3697.688307,0.003698,899.24
84671900,"Pneumatic tools (excl rotary type), for w o king in the hand.",PCS,2450.0,14284.627115,0.014285,3477.356
84672100,"Drills and kinds, with self-contanied ei c  ric motor",PCS,23929.0,57454.904257,0.057455,14684.776
84672200,"Saws, with self-contanied electric motor  .",PCS,3447.0,10640.903676,0.010641,2586.351
84672900,"Other tools, with self-contanied electric   otor.",PCS,63082.0,171350.151565,0.17135,42145.437
84678100,Chain saws with non-electric motor   .,PCS,3252.0,36659.876929,0.03666,9047.439
84678900,"Tools for working in the hand, with non-el  ctric motor, nes.",PCS,5661.0,11100.675206,0.011101,2693.271
84679100,Parts of chain saws   .,PCS,10215.0,738.241303,0.000738,153.534
84679200,Parts of pneumatic tools  . .,PCS,11184.0,4922.538217,0.004923,924.554
84679900,"Parts of hand-tools, with non-electric mot  r, nes",PCS,50267.0,8862.649961,0.008863,1633.596
84681000,"Hand-held blow pipes for soldering, brazin   or welding",PCS,1116.0,1822.118934,0.001822,334.009
84682000,"Gas-operated machinery and apparatus, for   oldering, brazing or welding.",PCS,6454.0,1349.75566,0.00135,252.326
84688000,"Machinery and apparatus for soldering, bra  ing or welding, nes",PCS,660.0,1175.552757,0.001176,219.654
84689000,"Parts of soldering, brazing or welding mac  inery and apparatus",PCS,9392.0,6510.656049,0.006511,1215.181
84701000,Elec calculators operating without extern a  elec power; pocket-size data record.,PCS,83974.0,13232.17383,0.013232,1775.614
84702100,"Electronic calculating machines, nes, with  a printing device",PCS,1.0,600.692,0.000601,78.155
84702900,"Electronic calculating machines, nes, with  ut a printing device.",PCS,125185.0,21349.98468,0.02135,2786.669
84703000,Calculating machines (excl electronic)   .,PCS,118191.0,24854.003855,0.024854,3231.165
84705000,Cash registers   .,PCS,253.0,7128.160136,0.007128,928.471
84709000,"Postage-franking machines, ticket-issuing   achines, etc.",PCS,69.0,5326.072867,0.005326,692.651
84713010,Laptop and note book,PCS,29904.0,2780441.682364,2.780442,518193.039
84713020,Tablet,PCS,5202.0,139194.37435,0.139194,25966.72
84713090,Other portable automatic data processing machine,PCS,871.0,85770.589625,0.085771,10048.137
84714110,Interacting console terminal,PCS,2315.0,101250.406312,0.10125,36045.918
84714190,"Non-portable ADP machines, comprising at l  ast CPU & input/output unit in same h",PCS,1474.0,39534.98461,0.039535,7379.271
84714900,"Non-portable ADP machines, nes, presented   n the form of systems",PCS,4266.0,365411.65207,0.365412,47882.932
84715010,Computer Server or Network Server  .,PCS,177.0,103758.52332,0.103759,19328.227
84715090,Other than computer or network server. .,PCS,184.0,15643.459223,0.015643,860.06
84716010,Keyboard,PCS,34724.0,20495.03848,0.020495,2668.897
84716020,Scanner,PCS,2196.0,27902.363027,0.027902,3628.048
84716030,Mouse,PCS,59440.0,18429.89938,0.01843,2396.232
84716090,Other input unit,PCS,7135.0,9133.266799,0.009133,1187.938
84717010,Computer's Internal Harddisk . .,PCS,8295.0,73994.799136,0.073995,13803.365
84717020,Computer External Portable Harddisk +,PCS,3093.0,24381.985778,0.024382,4552.857
84717090,Other Storage Unit,PCS,792.0,10487.076527,0.010487,1957.16
84718000,Units of automatic data processing machine   nes.,PCS,23209.0,161367.122664,0.161367,20994.776
84719000,Magnetic or optical readers; machines for   ranscribing data onto data medianes,PCS,7352.0,29210.141686,0.02921,3799.153
84721000,Hectograph or stencil duplicating machines  .,PCS,6.0,3.56474,4e-06,1.089
84723000,"Machines for dealing (sorting,folding,inse  ting in envolop,opening,closing etc)w",PCS,5.0,1.46003,1e-06,0.439
84729010,Automatic Teller Machine (ATM),PCS,1.0,11.05035,1.1e-05,3.376
84729020,Automatic Bank Note Dispenser,PCS,40.0,1308.769625,0.001309,392.109
84729040,Stapling Machine,PCS,128961.0,5987.016332,0.005987,1793.67
84729090,Other office machines,PCS,11902.0,8850.597048,0.008851,2541.317
84732100,"Parts and accessories of the electronic ca  culating of 847010, 847021 or 84702",PCS,15.0,412.036063,0.000412,0.0
84732900,Parts and accessories of machines of 8470 3  to 847090,PCS,216.0,1331.602433,0.001332,175.95
84733000,Parts and accessories of the machines of 8  71,PCS,53767.0,243718.759645,0.243719,31001.886
84734000,Parts and accessories of the machines of 8  72,PCS,3104.0,3301.685168,0.003302,622.843
84741000,"Sorting, screening, separating or washing   achines for earth, stone, ores, etc",PCS,11.0,3431.925112,0.003432,115.342
84742000,"Crushing or grinding machines for earth, s  one, ores, etc",PCS,83.0,96890.4541,0.09689,2332.975
84743100,Concrete or mortar mixers   .,PCS,421.0,130228.149804,0.130228,6515.173
84743200,Machines for mixing mineral substances wit   bitumen.,PCS,5.0,8660.30725,0.00866,218.772
84743900,"Mixing or kneading machines for earth, sto  e, ores, etc nes.",PCS,22.0,5028.939959,0.005029,185.824
84748000,"Other machinery for sorting, screening, se  aratinga earth, stone, ores, etc, nes",PCS,75.0,57811.62357,0.057812,798.76
84749000,Parts of machinery of 8474   .,PCS,19729.0,150427.445,0.150427,27484.873
84751000,"Machines for assembling electric lamps, tu  es of flash bulbs in glass envelopes.",PCS,13.0,32.33941,3.2e-05,1.617
84759000,Parts of machines of 8475   .,PCS,72.0,310.403785,0.00031,15.527
84762100,"Automatic beverage-vending machines, with   eating or refrigerating devices",PCS,66.0,2225.115775,0.002225,415.118
84762900,"Automatic beverage-vending machines, witho  t heating or refrigerating devices",PCS,30.0,205.85443,0.000206,38.393
84768900,"Automatic vending machines without heating  refrigerating devices,nes(exclbev m",PCS,72.0,669.456809,0.000669,124.922
84769000,Parts for automatic goods-vending machines  .,PCS,86.0,410.641613,0.000411,76.717
84771000,"Injection-moulding machines for working rubber or plastics, etc.",PCS,472.0,64740.542377,0.064741,3237.842
84772000,Extruders for working rubber or plastics a  d making products thereof,PCS,127.0,144197.096777,0.144197,2352.605
84773000,"Blow moulding machines for working rubber   r plastics, etc",PCS,70.0,24537.765225,0.024538,494.858
84774000,Vacuum moulding machines and other thermof  rming machines for rubber,PCS,9.0,229.570689,0.00023,11.546
84775100,"Machinery for moulding or retreading pneum  tic tyresa, or forming inner tubes",PCS,2779.0,1391.270155,0.001391,69.768
84775900,"Machinery for moulding or forming rubber o   plastics, etc, nes",PCS,56.0,9186.903641,0.009187,148.804
84778000,"Machinery for working rubber/plastics or m  king products thereof, nes",PCS,197.0,310504.619078,0.310505,3412.146
84779000,"Parts of machinery for working rubber or p  astics, etc",PCS,2489.0,28244.500745,0.028245,3676.731
84789000,Parts of machinery preparing or making up   obacco,PCS,302.0,7471.536551,0.007472,1394.551
84791000,"Machinery for public works, building or the like [UN.",PCS,205.0,1517.178082,0.001517,75.906
84792000,Machinery for the extraction or preparation of animal or fixed vegetable or microbial,PCS,832.0,297285.643127,0.297286,3985.478
84793000,"Machinery for treating wood or cork, havin   individual functions",PCS,17.0,39960.095813,0.03996,407.957
84794000,Rope or cable-making machines   .,PCS,7.0,108355.51443,0.108356,1088.043
84795000,"Industrial robots, not elsewhere specified or included",PCS,13.0,2072.455812,0.002072,92.091
84796000,Evaporative air coolers   .,PCS,4395.0,10724.077787,0.010724,2564.413
84797900,Other passenger boarding bridge   .,PCS,110.0,25.52589,2.6e-05,2.93
84798100,"Machines for treating metal, incl electri c wire coil-winders, having individual",PCS,31.0,17320.69548,0.017321,257.049
84798200,"Machines for mixing, kneading, crushing,gr  nding,, having individual functions",PCS,461.0,99220.07188,0.09922,2107.437
84798910,Machinery for soap Industry   .,PCS,12.0,2831.567324,0.002832,141.973
84798920,Semens Ceiling Filling Machine,PCS,4.0,2.98644,3e-06,0.0
84798930,Machines for processing of garbage and reproduction (Recycle),PCS,1.0,2359.05,0.002359,23.656
84798950,Machine for production of Medicines,PCS,85.0,57414.139798,0.057414,800.634
84798960,silos,PCS,12.0,122265.405,0.122265,6113.468
84798970,Machine for the production of bio fuel,PCS,24.0,36620.810258,0.036621,627.73
84798991,Air humidifier and dehumidifier,PCS,573.0,3464.031297,0.003464,646.33
84798992,Nature and organic fertilizers machines,PCS,3.0,5909.238515,0.005909,0.065
84798999,"Other- machines & mechanical appliances having individual functions, nes",PCS,5232.0,79425.982901,0.079426,14400.386
84799000,"Parts of machines heading 8479 having ind i idual functions, nes.",PCS,38506.0,52110.576279,0.052111,9731.569
84801000,Moulding boxes for metal foundry  . .,PCS,218.0,1188.8538,0.001189,59.84
84802000,Mould bases   .,PCS,2381.0,6272.224898,0.006272,314.691
84803000,Moulding patterns   .,PCS,110.0,4946.018578,0.004946,247.57
84804100,Injection or compression type moulds for m  tal or metal carbides,PCS,51.0,3337.09639,0.003337,167.058
84804900,Moulds for metal or metal carbides (excl  i jection or compression),PCS,3411.0,20387.515333,0.020388,1024.409
84805000,Moulds for glass  . .,PCS,20.0,3.34286,3e-06,0.168
84806000,Moulds for mineral materials  . .,PCS,2716.0,12978.281165,0.012978,472.05
84807100,Injection or compression type moulds for r  bber or plastics.,PCS,2332.0,168744.158793,0.168744,8400.681
84807900,Moulds for rubber or plastics (excl injec t on of compression),PCS,23729.0,42698.913871,0.042699,1969.05
84811000,Pressure-reducing valves  . .,PCS,304005.0,52921.314338,0.052921,16238.236
84812000,Valves for the control of oleohydraulic or  pneumatic transmission,PCS,4292.0,17719.806221,0.01772,5423.891
84813000,Check (nonreturn) valves  . .,PCS,17358.0,14254.802113,0.014255,4103.812
84814000,Safety or relief valves   .,PCS,320986.5,13870.580535,0.013871,3968.39
84818010,Gas regulator's valve,PCS,36961.0,24438.61238,0.024439,8650.5
84818020,Oxygen cylinder valve,PCS,12852.0,2952.77847,0.002953,699.851
84818090,"Other appliances such as taps, cocks and o  her valves, nes",PCS,1235449.0,525188.515111,0.525189,150307.209
84819000,Parts of valves and similar appliances of   481,PCS,5805827.0,73226.600091,0.073227,17063.835
84821000,Ball bearings  . .,PCS,1223635.0,180110.858077,0.180111,33907.315
84822000,"Tapered roller bearings, including cone an   tapered roller assemblies",PCS,53005.0,40277.407768,0.040277,7516.821
84823000,Spherical roller bearings   .,PCS,2667.0,20779.045279,0.020779,3879.4
84824000,"Needle roller bearings, including cage and needle roller assemblies",PCS,17080.0,4076.015414,0.004076,760.834
84825000,"Other cylindrical roller bearings, including cage and roller assemblies",PCS,3725.0,5226.372094,0.005226,975.233
84828000,"Ball or roller bearings (incl combined ba l /roller bearings), nes",PCS,95546.0,27172.094081,0.027172,5072.453
84829100,"Balls, needles and rollers   .",PCS,1663088.0,4248.827951,0.004249,793.247
84829900,"Parts of ball or roller bearings (excl ba l s, needles and rollers)",PCS,10360.0,3150.712884,0.003151,590.946
84831000,Transmission shafts (incl cam and crank s h fts) and cranks,PCS,39341.0,45516.830189,0.045517,13501.051
84832000,"Bearing housings, incorporating ball or ro  ler bearings.",PCS,29534.0,24111.98378,0.024112,6683.674
84833000,"Bearing housings, nes; plain shaft bearing  .",PCS,74534.0,37619.606502,0.03762,11040.184
84834000,Gears and gearing; ball or roller screws;   ear boxes and other speed changers,PCS,25493.0,56202.72877,0.056203,16208.303
84835000,Flywheels and pulleys (incl pulley blocks ) .,PCS,18994.0,25557.79674,0.025558,6990.423
84836000,Clutches and shaft couplings  (incl unive r al joints),PCS,18335.0,29654.720878,0.029655,8771.834
84839000,"Toothed wheels,chain sprockets and other t  ansmission elem presented separately:",PCS,89035.0,52812.793999,0.052813,14720.444
84841000,Gaskets of metal combined with other ma ter als or >1 metal layer,PCS,82815.0,14564.854646,0.014565,2703.8
84842000,Mechanical seals  . .,PCS,13937.0,16899.985485,0.0169,3154.482
84849000,Sets or assortments of gaskets and similar  joints,PCS,2195.0,3978.541325,0.003979,742.545
84852000,By plastics or rubber deposit ((Machines for additive manufacturing),PCS,7.0,639.954875,0.00064,119.484
84858000,Other Machines for additive manufacturing,PCS,8.0,576.761582,0.000577,107.573
84859000,Parts of Machines for additive manufacturing,PCS,3.0,173.776423,0.000174,32.412
84861000,Machines and apparatus for the manufacture  of boules or wafers,PCS,3.0,233.788563,0.000234,30.458
84871000,Ships' propellers and blades therefor   .,PCS,212.0,61.13831,6.1e-05,11.477
84879000,"Others - machinery parts, not containing e  ectrical connectors, insulators, coil",PCS,7023.0,22301.467636,0.022301,1611.435
85011000,Motors of an output =<375 W   .,PCS,22724.0,25732.183033,0.025732,7869.563
85012000,Universal ac/dc motors of an output >375  W .,PCS,50875.0,5690.196057,0.00569,1350.254
85013100,Dc motors and generators of an output =<75   W,PCS,5103.0,15269.895893,0.01527,4506.247
85013200,Dc motors and generators of an output >750  W-<=75 kW,PCS,8322.0,16416.365217,0.016416,3866.937
85013300,Dc motors and generators of an output >75   W-<=375 kW,PCS,7.0,2770.700674,0.002771,830.225
85014000,"Ac motors, single-phase   .",PCS,2282.0,11294.062543,0.011294,2858.614
85015100,"Ac motors, multi-phase, of an output =<750  W",PCS,273.0,5288.22313,0.005288,1363.228
85015200,"Ac motors, multi-phase, of an output >750   -<=75 kW.",PCS,1171.0,35505.355539,0.035505,9164.048
85015300,"Ac motors, multi-phase, of an output >75 k  .",PCS,8.0,3741.920953,0.003742,928.134
85016100,Ac generators (alternators) of an output =  75 kVA,PCS,3.0,101.681273,0.000102,30.523
85016200,Ac generators (alternators) of an output >  5 kVA-<=375 kVA,PCS,30.0,233.152209,0.000233,64.556
85016300,Ac generators (alternators) of an output >  75 kVA-<=750 kVA.,PCS,3.0,0.45444,0.0,0.0
85016400,Ac generators (alternators) of an output >  50 kVA,PCS,1074.0,558840.768656,0.558841,3278.721
85017200,Of an output exceeding 50 W,PCS,6.0,71.999958,7.2e-05,21.568
85018000,Photovoltaic AC generators,PCS,100.0,4.20976,4e-06,2.556
85021110,Electric Generating sets upto 12.5 KVA,PCS,115.0,5159.988682,0.00516,1087.04
85021190,"Generating sets with compression-ignition   iston engines, =<75 kVA",PCS,177.0,95034.004534,0.095034,17707.852
85021200,Generating sets with compressionignition  p ston engines > 75 KVA,PCS,88.0,129143.889689,0.129144,24086.976
85021300,"Generating sets with compression-ignition   iston engines, >375 kVA",PCS,9.0,58899.081,0.058899,10097.126
85022000,Generating sets with spark-ignition intern  l combustion piston engines,PCS,267.0,10181.987013,0.010182,1948.089
85023900,"Generating sets,(exclwind-powered) nes   .",PCS,324.0,234.831417,0.000235,70.338
85024000,Electric rotary converters   .,PCS,4.0,636.69401,0.000637,190.822
85030010,Parts suitable for machines of 85.01 or 85.02 of wind operated machine,PCS,176.0,963.204321,0.000963,48.239
85030090,Parts suitable for machines of 85.01 or 85.02 (excel wind operated machine),PCS,2940.0,121020.330819,0.12102,5443.585
85041000,Ballasts for discharge lamps or tubes   .,PCS,396.0,809.932798,0.00081,242.667
85042100,"Liquid dielectric transformers, power hand  ing capacity =<650kva",PCS,413.0,85542.005086,0.085542,3885.355
85042200,"Liquid dielectric transformers, power hand  ing capacity 650-10000kva",PCS,39.0,104120.507571,0.104121,7080.042
85042300,"Liquid dielectric transformers, power hand  ing capacity >10000kva",PCS,17737.0,28347.535615,0.028348,7.319
85043100,"Transformers, nes, power handling capacity  =<1kva",PCS,44484.0,23876.811634,0.023877,6267.743
85043200,"Transformers, nes, power handling capacity  -16kva",PCS,10652.0,12243.306106,0.012243,3667.79
85043300,"Transformers, nes, power handling capacity  16-500kva",PCS,59.0,30486.912095,0.030487,4630.512
85043400,"Transformers, nes, power handling capacity  >500kva",PCS,204.0,17599.303938,0.017599,5218.623
85044010,AC/DC Flat charger for electric vehicles,PCS,40383.0,203201.542335,0.203202,41420.353
85044020,Mobile phone charger,PCS,545272.0,120856.800498,0.120857,36246.879
85044090,Other static converters,PCS,122389.0,407607.930335,0.407608,63774.216
85045000,"Other Inductors, nes   .",PCS,355689.0,63876.254159,0.063876,16853.01
85049000,"Parts of transformers, inductors and stati   converters (heading 8504)",PCS,244134.0,95915.296781,0.095915,14668.815
85051100,Permanent magnets and articles becoming pe  manent magnets of metal,PCS,359812.0,5897.796275,0.005898,1236.91
85051900,Permanent magnets and articles becoming pe  manent magnets (excl metal),PCS,427003.0,5244.765008,0.005245,1176.724
85052000,"Electro-magnetic couplings, clutches and b  akes.",PCS,209.0,149.447601,0.000149,36.456
85059000,"Electro-magnetic or permanent magnet chuck  , etc; parts of magnets",PCS,6844.0,12022.692235,0.012023,2704.964
85061000,"Primary cells and primary batteries, manga  ese dioxide",PCS,6138647.0,48067.530007,0.048068,22533.672
85063000,"Primary cells and primary batteries, mercu  ic oxide.",PCS,780.0,179.172008,0.000179,84.106
85064000,"Primary cells and primary batteries, silve   oxide",PCS,260.0,2.5617,3e-06,2.266
85065000,"Primary cells and primary batteries, lithi  m",PCS,55524.0,2544.873895,0.002545,1212.772
85068000,Other primary cells and primary batteries   .,PCS,826392.0,24629.994797,0.02463,11601.955
85069000,Parts of primary cells and primary batteri  s,PCS,4902.0,58.68727,5.9e-05,32.311
85071000,Lead-acid accumulators for starting piston  engines,PCS,96545.0,225328.910183,0.225329,111078.806
85072000,Lead-acid accumulators (excl for starting   iston engines),PCS,42308.0,273214.607749,0.273215,133829.342
85073000,Nickel-cadmium accumulators   .,PCS,5816.0,6871.608111,0.006872,3666.5
85075000,Mickel- metal hydride (electric acumulators),PCS,188.0,263.816991,0.000264,129.762
85076000,Lithium-ion  (electric acumulators),PCS,227930.0,357930.63324,0.357931,148960.13
85078010,Power bank (Battery Pack),PCS,61696.0,42505.719923,0.042506,21024.465
85078090,Other accumulator,PCS,16937.0,8033.77722,0.008034,3770.48
85079000,Parts of electric accumulators,PCS,7205219.0,59910.626381,0.059911,10493.5
85081100,"Vacuum Cleaners with electric motor of a p  wer <=1,500 W & having a dust bag <=",PCS,2843.0,23389.474046,0.023389,8530.933
85081900,Other vacuum cleaners with self contained   lectric motor,PCS,4003.0,13078.901329,0.013079,4796.418
85086000,Other vacuum cleaners   .,PCS,3518.0,9066.110758,0.009066,3311.683
85087000,Parts of vaccum cleaners  .,PCS,943.0,699.990631,0.0007,255.304
85094000,Electro-mechanical domestic food grinders/  ixers/juice extractors,PCS,115053.0,167527.963968,0.167528,37962.226
85098000,"Electro-mechanical domestic appliances, ne  , with electric motor",PCS,7031.0,7052.905168,0.007053,1661.64
85099000,Parts of electro-mechanical domestic appli  nces.,PCS,300341.0,13908.824801,0.013909,3303.515
85101000,Shavers with self-contained electric motor  .,PCS,51995.0,16951.088711,0.016951,5134.178
85102000,Hair clippers with self-contained electric  motor,PCS,21725.0,11452.526845,0.011453,3491.11
85103000,"Hair-removing appliances with self-contain  d electric motor, (excl shavers & cli",PCS,22317.0,11651.376908,0.011651,3491.95
85109000,Parts of shavers and hair clippers with se  f-contained electric motor,PCS,8942.0,935.769193,0.000936,280.274
85111000,Sparking plugs   .,PCS,252490.0,21019.906897,0.02102,6840.888
85112000,Ignition magnetos; magneto-dynamos; magnet  c flywheels,PCS,4355.0,2490.310511,0.00249,557.172
85113000,Distributors; ignition coils  . .,PCS,9026.0,4137.848762,0.004138,1311.35
85114000,Starters motors and dual purposes starter  generators,PCS,24348.0,40882.278799,0.040882,13623.891
85115000,"Generators, nes, for internal combustion e  gines",PCS,916.0,7076.418351,0.007076,2009.242
85118000,"Ignition/starting equipment, nes, for internal combustion engines",PCS,32323.0,13902.573513,0.013903,4930.344
85119000,Parts of electrical ignition/starting equi  ment of 8511.,PCS,77109.0,29025.24914,0.029025,7718.945
85121000,Lighting or visual signalling equipment fo   bicycles,PCS,6153.0,1204.107437,0.001204,438.628
85122000,Lighting or visual signalling equipment fo   motor vehicles,PCS,405508.0,122864.161879,0.122864,41774.252
85123000,Sound signalling equipment for cycles or m  tor vehicles.,PCS,22918.0,9271.820425,0.009272,2825.666
85124000,"Windscreen wipers, defrosters and demister   for motor vehicles",PCS,42335.5,10694.72156,0.010695,3768.2
85129000,"Parts of vehicle lighting/signalling, etc,  equipment of 8512",PCS,22629.0,7448.004749,0.007448,2312.925
85131000,"Portable electric lamps worked by dry batteries, accumulators, magnetos.",PCS,407813.0,55829.278809,0.055829,14118.841
85139000,Parts of portable electric lamps of 8513  . .,PCS,64.0,39.680279,4e-05,9.657
85141100,Hot isostatic presses (Resistance heated furnaces and ovens),PCS,2.0,2756.83025,0.002757,0.065
85141900,Other Resistance heated furnaces and ovens,PCS,48.0,14908.100139,0.014908,1938.452
85142000,Furnaces and ovens functioning by inductio   or dielectric loss,PCS,21.0,19385.90338,0.019386,2520.436
85143100,Electron beam furnaces,PCS,2.0,234.779906,0.000235,30.653
85143200,Plasma and vacuum arc furnaces,PCS,1.0,424.025937,0.000424,55.189
85143990,Other furnaces and ovens,PCS,105.0,576.095445,0.000576,75.025
85144000,Other equipment for the heat treatment of materials by induction or dielectric loss,PCS,304.0,8169.421506,0.008169,1986.652
85149000,"Parts of industrial or laboratory furnaces  and ovens, etc, of 8514",PCS,2096.0,36210.938599,0.036211,4709.248
85151100,Soldering irons and guns  . .,PCS,17525.0,2726.987608,0.002727,530.709
85151900,"Brazing or soldering machines and apparatu  , nes",PCS,10623.0,2615.864496,0.002616,317.749
85152100,"Machines for resistance welding of metal,   ully or partly automatic.",PCS,38.0,6696.87997,0.006697,1145.696
85152900,"Machines and apparatus for resistance weld  ng of metal, not automatic",PCS,69.0,2826.205388,0.002826,527.169
85153100,"Machines for arc (incl plasma arc) weldin g of metals, automatic.",PCS,2736.0,9218.685945,0.009219,1709.996
85153900,"Machines for arc (incl plasma arc) weldin g of metals, not automatic.",PCS,4101.0,24022.962797,0.024023,4446.525
85158000,"Machines and apparatus for welding/sprayin   of metals, nes",PCS,1033.0,11614.360971,0.011614,2180.035
85159000,"Parts of soldering, brazing, welding, etc,  machines/apparatus of 8515",PCS,25269.0,8559.313268,0.008559,989.168
85161000,Electric instantaneous or storage water he  ters and immersion heaters,PCS,23871.0,84179.98166,0.08418,20352.82
85162100,Electric storage heating radiators   .,PCS,576.0,2536.278523,0.002536,616.573
85162900,"Electric space heating and soil heating ap  aratus, nes",PCS,8971.0,12807.098939,0.012807,3048.109
85163100,Electro-thermic hair dryers   .,PCS,23573.0,16593.506177,0.016594,4142.056
85163200,"Electro-thermic hair-dressing apparatus, e  c (excl dryers)",PCS,17361.0,13914.325038,0.013914,3491.948
85163300,Electro-thermic hand-drying apparatus   .,PCS,2051.0,2494.191514,0.002494,609.173
85164000,Electrical smoothing irons   .,PCS,51570.0,37627.344882,0.037627,8883.524
85165000,Microwave ovens   .,PCS,7989.0,73182.635924,0.073183,16824.612
85166011,Induction stove,PCS,19508.0,43780.476906,0.04378,5695.614
85166012,Infrared stove,PCS,41229.0,87537.387703,0.087537,11382.696
85166019,Others electric stove,PCS,182.0,192.880863,0.000193,36.369
85166020,Rice cooker,PCS,73062.0,119087.20368,0.119087,28932.267
85166030,"Water heating utensils such as kettle, jug",PCS,65600.0,41994.987008,0.041995,10239.115
85166090,"Other ovens, cooking plates, boiling rings, grillers & roaster",PCS,7569.0,27732.231178,0.027732,6723.376
85167100,Electro-thermic coffee or tea makers  . .,PCS,3720.0,101622.498372,0.101622,24709.667
85167200,Electro-thermic toasters  . .,PCS,753.0,1499.806305,0.0015,366.172
85167910,Electric insect trap,PCS,487.0,946.15363,0.000946,218.014
85167920,Electric Hot Bag,PCS,6.0,416.449687,0.000416,13.056
85167990,Other electro thermic appliances,PCS,125914.0,101189.587847,0.10119,24691.912
85168000,Electric heating resistors (excl those of   545).,PCS,100041.0,12186.089921,0.012186,2941.31
85169000,Parts of electro-thermic appliances,PCS,3226339.0,91235.966114,0.091236,14068.355
85171100,Line telephone sets with cordless handsets  .,PCS,8275.0,11975.396298,0.011975,1557.269
85171300,Smartphones,PCS,425040.0,9743660.203649,9.74366,1817680.429
85171400,Other telephones for cellular networks or for other wireless networks,PCS,381020.0,337823.261297,0.337823,62809.883
85171800,Other telephone sets  . .,PCS,935.0,7445.373272,0.007445,968.232
85176100,Base stations  . .,PCS,26.0,775.196795,0.000775,144.645
85176210,Smart watch,PCS,16776.0,86970.680348,0.086971,25220.821
85176220,Networking switch,PCS,18233.0,138849.470114,0.138849,18574.02
85176230,Router,PCS,114292.0,465984.572406,0.465985,86909.323
85176290,Other appartus for transmission or reception of voice image or other data,PCS,9480.0,199928.263548,0.199928,32924.305
85176900,"Other apparatus for transmission or recept  on of voice, images or other data",PCS,12090.0,49864.546786,0.049865,9325.099
85177100,Aerials and aerial reflectors of all kinds; parts suitable for use therewith,PCS,730.0,2081.224452,0.002081,505.827
85177900,Other Parts of communicatin in a wired or wireless network apparatus,PCS,473604.0,94221.383301,0.094221,22979.169
85181000,Microphones and stands therefor   .,PCS,22046.0,29092.236458,0.029092,9007.155
85182100,"Single loudspeakers, mounted in their encl  sures",PCS,34209.0,26184.130406,0.026184,8036.876
85182200,"Multiple loudspeakers, mounted in the same  enclosure",PCS,90469.0,123107.116041,0.123107,38546.198
85182900,"Loudspeakers, not mounted in encloseurs   .",PCS,50007.0,17019.623417,0.01702,5173.762
85183000,"Headphones, earphones whether or not combi  ed with a microphone & setmore louds.",PCS,274382.0,124748.615365,0.124749,38327.47
85184000,Audio-frequency electric amplifiers   .,PCS,1532.0,8971.038573,0.008971,2799.072
85185000,Electric sound amplifier sets   .,PCS,4480.0,6668.233762,0.006668,2083.077
85189000,Parts of apparatus of 8518   .,PCS,51360.0,2929.230385,0.002929,587.928
85192000,"Apparatus operated by coins, banknotes, ba  k cards, tokens or by other means of",PCS,16.0,36.72634,3.7e-05,9.056
85193000,Turntables (recorddecks)  . .,PCS,39.0,146.889099,0.000147,38.537
85198100,"Other sound recording or reproducing appar  tus using magnetic,optical or semicon",PCS,181.0,137.573369,0.000138,35.079
85198900,"Other sound recording or reproducing appar  tus, nes.",PCS,4135.0,6346.091054,0.006346,891.189
85211000,"Video recording or reproducing apparatus,   ith or without video tuner,magnetic t",PCS,3642.0,10642.935359,0.010643,2586.325
85219000,"Video recording or reproducing apparatus,   ith or without video tuner,exclmagta.",PCS,7157.0,34151.295267,0.034151,8011.963
85229010,Parts & assessories of sound recorders & r  producers,PCS,196.0,1123.468734,0.001123,273.522
85229020,Parts & accessories of video sets(deck)   .,PCS,1.0,69.224281,6.9e-05,16.888
85229090,"Parts & accessories of other apparatus oth  r than deck,sound recorder&cartidges.",PCS,21.0,2.37819,2e-06,0.579
85232100,Cards incorporating a magnetic stripe   .,PCS,517406.0,29245.272107,0.029245,7191.917
85232900,Other magnetic storage device,PCS,232.0,13839.302101,0.013839,3363.355
85234100,Optical media Unrecorded  .,PCS,18001.0,761.19082,0.000761,185.102
85234910,"Discs, tapes, solid-state devices with software (firmware)",PCS,14183.0,184171.959678,0.184172,44754.754
85234990,Others megnetic media,PCS,22.0,71.899118,7.2e-05,17.167
85235100,Solidstate nonvolatile storage devices   .,PCS,51994.0,59853.102066,0.059853,14499.427
85235210,Sim Card,PCS,1615001.0,21184.688678,0.021185,5148.209
85235220,Memory card,PCS,24386.0,14694.857654,0.014695,3570.93
85235290,Smart cards   .,PCS,50940.0,3713.315556,0.003713,902.893
85235900,Other semiconductor media   .,PCS,11300.0,2660.778277,0.002661,646.722
85238000,"Others Discs, tapes, solid-state non-volatile storage devices""smartcards""&other media",PCS,1297.0,5964.745397,0.005965,1113.385
85241100,Flat panel display modules Of liquid crystals (without drivers or control circuits),PCS,1389.0,974.102019,0.000974,291.831
85241900,Other Flat panel display modules (without drivers or control circuits),PCS,76291.0,203168.216174,0.203168,60989.487
85249100,Flat panel display modules Of liquid crystal (exl without drivers or control circuits,PCS,7816.0,59075.738405,0.059076,17702.901
85249200,Flat panel display modules Of organic (OLED) (excl without drives or circuits),PCS,3.0,1.02333,1e-06,0.31
85249900,Other flat panel display modules (excel without drivers or control circuits),PCS,14794.0,19576.842621,0.019577,5915.836
85255000,Transmission apparatus (Radio-broadcasting or television),PCS,524.0,3513.504705,0.003514,655.545
85256000,Transmission apparatus incorporating recep  ion apparatus,PCS,35.0,22231.399225,0.022231,4055.554
85258110,Television Camera (High-speed goods as specified in subhead note 1 this chapter),PCS,717.0,3339.758617,0.00334,623.009
85258120,Digital Camera (High-speed goods as specified in subheading note 1 this chapter),PCS,569.0,33667.157875,0.033667,6273.664
85258130,Video Camera Recorder (High-speed goods as specified in subheadi note 1 this chapter),PCS,3240.0,12666.43425,0.012666,2362.523
85258140,CCTV Cameras (High Speed goods),PCS,3713.0,16463.146899,0.016463,3075.829
85258220,"Digital Camera(Radiation-hardened,tolerant as specified in subhead note2 this chapter)",PCS,1.0,2.29171,2e-06,0.428
85258230,"Video Camera Recorder(Radiation-hardened,tolerant as specific in subhead note2 chapt)",PCS,76.0,54.200671,5.4e-05,10.125
85258240,"Other, radiation-hardened or radiation-tolerant goods as specified in Subheading Note",PCS,23.0,100.798372,0.000101,18.869
85258320,Digital Camera (Night vision goods as specified in Subheading Note 3 this chapter),PCS,1.0,452.161281,0.000452,84.395
85258330,Video Camera Recorder(Night vision goods as specified in Subhead Note 3 this chapter),PCS,2484.0,6878.281125,0.006878,1291.148
85258340,CCTV Cameras,PCS,1000.0,1974.4125,0.001974,368.295
85258910,Television Camera Other,PCS,15104.0,59749.135064,0.059749,11144.136
85258920,Digital Camera other,PCS,14057.0,92348.421687,0.092348,17226.134
85258930,Video Camera Recorder other,PCS,32484.0,157923.26668,0.157923,29468.032
85258940,Other CCTV Cameras,PCS,8284.0,48350.378008,0.04835,8261.61
85261000,Radar apparatus   .,PCS,191.0,10161.404501,0.010161,1890.105
85269100,Radio navigational aid apparatus  . .,PCS,2331.0,16234.818753,0.016235,4829.021
85269200,Radio remote control apparatus   .,PCS,122647.0,17043.881245,0.017044,4112.258
85271200,Pocket-size radio cassette players   .,PCS,429.0,27.70162,2.8e-05,9.737
85271300,Radio broadcast reception apparatus combin  d with sound recording/reproducing ap,PCS,12.0,10.3041,1e-05,2.514
85271900,"Radio receivers, portable, (excl sound re c rding/reproducing apparatus) nes.",PCS,30220.0,8725.808947,0.008726,2273.44
85272100,"Radio receivers for motor vehicles, with s  und reproducing apparatus",PCS,2944.0,1628.921305,0.001629,407.333
85272900,"Radio receivers for motor vehicles, nes   .",PCS,222.0,708.512721,0.000709,172.382
85279100,Reception apparatus for radio broadcasting  with sound recording/reproducing appa,PCS,180.0,39.73331,4e-05,9.658
85279200,Reception apparatus for radio broadcasting  without sound recording/reproducing a,PCS,220.0,30.189909,3e-05,7.788
85279900,"Other reception apparatus for radio broadc  sting, nes",PCS,100.0,5.16551,5e-06,1.256
85284200,"Cathode-ray tube monitors, designed for use with an ADP machine of 84.71",PCS,2.0,264.372937,0.000264,34.434
85284900,Other - CRT monitors  . .,PCS,20.0,568.995437,0.000569,266.925
85285210,Monitor having diagnal lenth upto 23 inch design for use of heading 8471,PCS,14370.0,52962.424895,0.052962,9897.792
85285290,Monitor having diagnal lenght more than 23 inch for use of heading 8471,PCS,2870.0,40682.065414,0.040682,14514.833
85285900,"Other monitors, nes   .",PCS,1379.0,11232.824835,0.011233,5307.857
85286200,"Projectors, designed for use with an ADP machine of heading 84.71",PCS,393.0,33740.306612,0.03374,8210.671
85286900,Other projectors  . .,PCS,326.0,9196.930079,0.009197,2259.473
85287100,Reception apparatus for TV not designed to  incorporate a video display or screen,PCS,19744.0,37446.720173,0.037447,11215.775
85287211,Colour Television unassembleed up 48 inch,PCS,295.0,1774.48177,0.001774,805.878
85287219,Other Colour Television,PCS,870.0,11513.240229,0.011513,5494.461
85287291,Other colour television upto 48 inch,PCS,1858.0,190045.08396,0.190045,23606.547
85287299,others television,PCS,2213.0,207978.244424,0.207978,51818.431
85287300,"Other, monochrome television  .",PCS,1.0,62.0,6.2e-05,18.634
85291000,Aerials and aerial reflectors of all kinds  and parts thereof,PCS,2329.0,3885.88041,0.003886,720.187
85299010,Parts of television receiver (color)  . .,PCS,127169.0,172071.84864,0.172072,42134.013
85299090,Parts of apparatus of heading 8525-8528  ex ept for television receiver,PCS,54400.0,3716.27507,0.003716,731.621
85308000,"Electrical signalling equipment for roa ds, inland waterways.",PCS,1189.0,6252.63258,0.006253,1873.076
85309000,"Parts of electrical signalling equipment f  r railways, etc, of 8530.",PCS,706.0,2482.212715,0.002482,743.492
85311000,Electrical burglar or fire alarms and simi  ar apparatus.,PCS,64293.0,19167.420979,0.019167,4154.405
85312000,Indicator panels with liquid crystal devic  s (LCD) or light emitting diodes (LED,PCS,17502.0,9864.173755,0.009864,2185.614
85318000,"Electrical apparatus for sound/visual sign  lling, nes(bells,sirens,burglar,fire",PCS,22535.0,7163.430912,0.007163,1669.475
85319000,Parts of apparatus of 8531   .,PCS,9137.0,18853.438862,0.018853,4582.748
85321000,Fixed capacitors for 50/60 hz circuits hav  ng power capacity >=05kvar,PCS,8768.0,16951.281302,0.016951,2938.97
85322100,Fixed electrical capacitors of tantalum   .,PCS,24200.0,351.759917,0.000352,85.483
85322200,Fixed electrical capacitors of aluminium e  ectrolyte,PCS,14263.0,361.357584,0.000361,87.825
85322400,"Fixed electrical capacitors of ceramic die  ectric, multilayer",PCS,46666.0,405.496383,0.000405,98.656
85322500,Fixed electrical capacitors of dielectric   f paper or plastics,PCS,111265.0,6231.731378,0.006232,1517.13
85322900,"Fixed electrical capacitors, nes  . .",PCS,314644.0,9031.233417,0.009031,856.115
85323000,Electrical variable or adjustable (pre-set   capacitors,PCS,7888.0,561.527793,0.000562,137.894
85329000,Parts of electrical capacitors of 8532   .,PCS,1311.0,20.70297,2.1e-05,9.766
85331000,"Fixed carbon resistors, composition or fil   types",PCS,10460.0,311.048282,0.000311,76.163
85332100,Fixed resistors for a power handling capac  ty =<20w.,PCS,382542.0,310.757709,0.000311,75.587
85332900,Fixed resistors for a power handling capac  ty >20w,PCS,310.0,480.482152,0.00048,116.918
85333100,Wirewound variable resistors for a power h  ndling capacity =<20w,PCS,45.0,14.09356,1.4e-05,3.428
85333900,Wirewound variable resistors for a power h  ndling capacity >20 W,PCS,560.0,225.969369,0.000226,54.985
85334000,"Variable resistors, nes (incl rheostats a n  potentiometers).",PCS,27930.0,779.701243,0.00078,189.834
85339000,"Parts of electrical resistors, rheostats a  d potentiometers.",PCS,36.0,148.255808,0.000148,36.099
85340000,Printed circuits  . .,PCS,98531.0,45077.049932,0.045077,10988.344
85351000,"Fuses, >1000 V   .",PCS,56504.0,2566.208023,0.002566,722.513
85352100,Automatic circuit breakers for a voltage 1  -725 kV,PCS,14.0,14172.652617,0.014173,1071.26
85352900,Automatic circuit breakers for a voltage >  25 kV,PCS,7.0,13073.60492,0.013074,2.464
85353000,"Isolating switches and make-and-break swit  hes, >1000 V.",PCS,724.0,21337.910689,0.021338,1805.962
85354000,"Lightning arresters, voltage limiters and   urge suppressors, >1000 V",PCS,1323.0,64190.672998,0.064191,451.959
85359000,"Other apparatus for switching electrica l c rcuits, >1000 V, nes.",PCS,23249.0,37643.388174,0.037643,4366.235
85361000,"Fuses, =<1000 V   .",PCS,156121.0,7945.1077,0.007945,2393.793
85362000,"Automatic circuit breakers, =<1000 V  . .",PCS,631351.0,166534.361797,0.166534,49929.117
85363000,"Apparatus for protecting electrical circui  s, nes, =<1000  V",PCS,15561.0,8547.451111,0.008547,2465.18
85364100,Relays for a voltage =<60 V   .,PCS,29108.0,5862.416373,0.005862,1761.345
85364900,Relays for a voltage 60-1000 V   .,PCS,42471.0,35980.026926,0.03598,10463.044
85365000,"Switches, nes, =<1000 V   .",PCS,2593906.0,209627.559106,0.209628,62201.967
85366100,"Lamp-holders, =<1000 V   .",PCS,713639.0,7453.951798,0.007454,2325.558
85366900,"Plugs and sockets, =<1000 V   .",PCS,2244190.0,213175.034248,0.213175,64462.52
85367000,"Connectors for optical fibres, optical fib  e bundles or cables",PCS,340592.0,15420.396032,0.01542,4301.256
85369000,"Apparatus for switching electrical circ uit , nes, =<1000 V",PCS,1535923.0,82304.538397,0.082305,23561.764
85371000,"Boards equipped with two or more appara tus of 8535 or 8536, voltage =<1000 V",PCS,114221.0,556640.381332,0.55664,80165.646
85372000,"Boards equipped with two or more appara tus of 8535 or 8536, voltage >1000 V.",PCS,2182.0,80958.554066,0.080959,9151.272
85381000,"Boards desks, cabinets and other bases  for goods of 8537, not equipped",PCS,825840.950001,106674.719299,0.106675,23837.736
85389000,"Parts of apparatus of 8535 to 8537, nes   .",PCS,11193432.5,95197.008779,0.095197,20823.783
85391000,Sealed beam lamp units   .,PCS,53661.0,16254.342577,0.016254,5742.374
85392100,Tungsten halogen filament lamps (excl ult r -violet or infra-red lamps),PCS,32595.0,4243.398647,0.004243,1518.508
85392200,"Filament lamps of a power =<200w and of a   oltage >100v, nes",PCS,99.0,51.31955,5.1e-05,18.338
85392900,"Filament lamps, nes (excl ultra-violet o r  nfra red lamps)",PCS,73938.0,2855.125554,0.002855,1043.51
85393100,"Discharge lamps, other than ultra-violet l  mps, fluorescent, hot cathode",PCS,185350.0,11520.189185,0.01152,4278.652
85393200,Mercury or sodium vapour lamps; metal hali  e lamps,PCS,501.0,201.389809,0.000201,74.961
85393900,"Discharge lamps, other than ultra-violet l  mps, mercury or sodium vapour lamps,",PCS,360.0,1881.198309,0.001881,672.842
85394100,Arc-lamps  . .,PCS,789.0,1730.448641,0.00173,616.249
85394900,Ultra-violet or infra-red lamps   .,PCS,20195.0,6698.023027,0.006698,2440.534
85395100,Light-emitting diode (LED) modules,PCS,1103639.0,19388.018355,0.019388,7083.037
85395200,Light-emitting diode (LED) lamps,PCS,165139.0,16611.31393,0.016611,6049.94
85399000,Parts for electric filament or discharge l  mps,PCS,20580055.0,181253.66992,0.181254,43999.23
85404000,"Data/graphic display tubes, monochrome;data graphic display tubes, colour, with a",PCS,1.0,31.40798,3.1e-05,9.473
85407100,Magnetrons   .,PCS,110.0,801.537914,0.000802,240.127
85408100,Receiver or amplifier valves and tubes   .,PCS,1.0,0.79787,1e-06,0.305
85408900,"Other valves and tubes, nes   .",PCS,3.0,81.870211,8.2e-05,24.435
85409900,Parts of tubes and valves of 8540 (excl  pa ts of cathode-ray tubes).,PCS,1001.0,2405.402812,0.002405,720.486
85411000,"Diodes, other than photosensitive or light-emitting diodes (LED)",PCS,33099.0,1109.54993,0.00111,144.632
85412100,"Transistors (excl phototransistors), with    dissipation rate <1w",PCS,24301.0,125.341012,0.000125,16.297
85412900,"Transistors (excl phototransistors), with    dissipation rate >=1w",PCS,14338.0,742.457474,0.000742,97.394
85413000,"Thyristors, diacs and triacs, other than p  otosensitive devices.",PCS,166.0,2430.898757,0.002431,316.353
85414100,Light-emitting diodes (LED),PCS,3006088.0,2829.692855,0.00283,368.003
85414200,Photovoltaic cells not assembled in modules or made up into panels,PCS,97.0,62.834939,6.3e-05,8.169
85414300,Photovoltaic cells assembled in modules or made up into panels,PCS,26456.0,10476.505995,0.010477,143.913
85414910,Solar Panel and Module,PCS,38865.0,606437.075979,0.606437,0.52
85414990,Other photosensitive semicondotor devices,PCS,1124.0,57.15136,5.7e-05,7.5
85415100,Semiconductor-based transducers,PCS,202.0,161.93101,0.000162,48.517
85415900,Other semi-conductor devices,PCS,1523.0,681.924082,0.000682,204.307
85416000,Mounted piezo-electric crystals   .,PCS,350.0,29.95218,3e-05,3.9
85419000,Parts of devices of 8541  . .,PCS,2210.0,49.28384,4.9e-05,6.781
85423100,"Processors and controllers, whether or not  combined with memories, converters, l",PCS,3302.0,21674.690852,0.021675,2823.667
85423200,Memories,PCS,152.0,1482.788794,0.001483,192.896
85423300,Amplifiers,PCS,6044.0,134.981871,0.000135,17.553
85423900,Other electronic integrated circutes (ICs),PCS,52069.0,3715.075236,0.003715,483.2
85429000,Parts of electronic integrated circuits (h  ading 8542),PCS,157.0,356.706488,0.000357,46.381
85431000,Particle accelerators,PCS,123.0,18.25243,1.8e-05,4.544
85432000,Signal generators,PCS,30.0,576.834064,0.000577,140.242
85433000,"Machines/apparatus for electroplating, electrolysis or electrophoresis",PCS,3.0,840.988538,0.000841,109.46
85434000,Electronic cigarettes and similar personal electric vaporising devices,PCS,540.0,1994.438391,0.001994,2351.213
85437000,"Other machines and apparatus having indivi  ual function, not specified in this c",PCS,8209.0,38999.960556,0.039,9613.684
85439010,Electric cigrattee & similar household electric vaporizing device,PCS,5.0,2.40309,2e-06,2.381
85439090,Other parts of other household electric device not specified anywhere,PCS,1367.0,1470.756928,0.001471,276.747
85441100,Winding wire of copper,MTR,1831806.084577,92739.176323,0.092739,1111.072
85441900,Winding wire (excl of copper),MTR,2499596.723905,15587.580243,0.015588,4689.004
85442000,Co-axial cable and other co-axial electric  conductors.,MTR,1944516.681571,114473.018111,0.114473,33991.923
85443000,"Ignition wiring sets and other wiring sets  for vehicles, aircraft or ships",PCS,2825304.0,44308.264308,0.044308,9582.372
85444200,"Electric conductors, for a voltage <=1000V  fitted with connectors",MTR,428384.18604,40791.09642,0.040791,12981.131
85444900,"Electric conductors, nes, for a voltage <=  000V, not fitted with connectors.",MTR,4003015.784986,71152.690409,0.071153,21120.324
85446000,"Electric conductors, nes, for a voltage >1  00 V.",MTR,1769488.600159,749872.315135,0.749872,84680.024
85447000,Optical fibre cables made up of individual  y sheathed fibres,MTR,21266396.060001,331181.579438,0.331182,95520.662
85451100,Carbon electrodes for furnaces   .,Kg,80.0,41.475211,4.1e-05,7.736
85451900,Carbon electrodes (excl for furnaces)   .,Kg,35.0,69.262808,6.9e-05,12.964
85452000,Carbon brushes,Kg,2529.489995,3529.44249,0.003529,661.31
85459000,"Articles of graphite or other carbon, nes,  for electrical purposes",Kg,21758.260004,1920.093758,0.00192,358.409
85461000,Glass electrical insulaters,Kg,2259.999992,468.003014,0.000468,136.93
85462000,Ceramic electrical insulators,Kg,186867.060002,31662.062346,0.031662,2013.359
85469000,Electrical insulators (excl of glass or c e amics),Kg,36594.727792,22803.5187,0.022804,7576.15
85472000,Insulating fittings of plastics for electr  cal machines.,Kg,122.0,45.85575,4.6e-05,13.821
85479000,"Insulating fittings, nes, for electrical m  chines; conduit tubing",Kg,19260.759997,50104.731512,0.050105,1400.306
85480000,"Electrical parts of machinery or apparatus, not specified or included elsewhere in th",Kg,4691.59,6759.363982,0.006759,1439.918
85491100,Waste and scrap of lead-acid accumulators; spent lead-acid accumulators,Kg,152696.0,25564.17825,0.025564,0.26
85492900,Other Electrical&electronic waste & scrap for the recovery of precious metal,Kg,0.5,466.587656,0.000467,139.81
85499900,Other Electrical and electronic waste and scrap,Kg,4.0,55.02723,5.5e-05,16.483
86071900,"Axles, wheels and parts of bogies, etc, of  railway locos/rolling stock",PCS,10.0,2.87031,3e-06,0.861
86079900,"Parts of railway or tramway rolling stock,  nes.",PCS,2.0,113.181047,0.000113,33.899
86080000,Railway/tramway track fixtures/fittings; m  chanical signalling.,PCS,24.0,4912.031977,0.004912,1471.29
86090000,Containers specially designed for transpor   by one or more methods,PCS,6.0,2553.230281,0.002553,764.759
87011010,"Power tiller, mini tiller",PCS,5039.0,179353.668406,0.179354,2099.76
87012190,Road tractors (diesel or semi-diesel) internal combustion piston engine more than18KW,PCS,38.0,37740.836812,0.037741,7039.137
87012290,Road tractors (diesel or semi-diesel & electirc) combustion piston engine > 18KW,PCS,7.0,7323.7525,0.007324,1365.946
87012990,Road tractor others More than 18 KW,PCS,65.0,59928.690938,0.059929,11177.511
87019100,Other tractors of an engine power Not exceeding 18 kW,PCS,12.0,6825.606531,0.006826,1273.307
87019200,Other tractors of an engine power Exceeding 18 kW but not exceeding 37 kW,PCS,624.0,586558.522875,0.586559,109398.811
87019300,Other tractors of an engine power Exceeding 37 kW but not exceeding 75 kW,PCS,285.0,354843.55,0.354844,66181.225
87021010,Passenger Motor Vehicle (Above 25 seats),PCS,72.0,219221.9875,0.219222,149352.237
87021020,Passenger Motor Vehicle (11 to 25 seats),PCS,3.0,5306.155375,0.005306,7013.638
87024010,Passenger Motor Vehicle (with a capacity more than 25 seats),PCS,17.0,159034.604,0.159035,27417.689
87024020,Passenger Motor Vehicle (11 to 25 seats),PCS,543.0,2000509.3055,2.000509,612046.719
87024049,"Jeep, car & van only electric motor for propulsion",PCS,24.0,45098.036,0.045098,19514.068
87032111,Auto Rikshaw (3 wheeler) of unassembled condition having capacity <=1000 CC,PCS,569.0,128825.9495,0.128826,108187.641
87032191,Other vehicles of unassembled condition having capacity <=1000CC,PCS,12.0,20795.277156,0.020795,15907.448
87032199,Other vehicles having capacity <=1000CC,PCS,54.0,56852.471625,0.056852,146672.222
87032210,Other vehicle unassembled condition (Petrol engine) capacity >1000CC to <=1500CC,PCS,226.0,390448.021187,0.390448,638453.61
87032290,Other vehicle (Petrol engine) capacity >1000CC to <=1500CC,PCS,352.0,376417.361563,0.376417,1012059.174
87032319,Other vehicles (Petro engine) >1500CC to <=2000CC,PCS,3.0,12859.647,0.01286,34916.907
87033219,Vehicles with diesel engine of cylinder  ca acity 1500-2500cc,PCS,2.0,5328.381,0.005328,15534.766
87033229,Vehicles with diesel engine of cylinder  ca acity 1500-2500cc,PCS,67.0,91424.0815,0.091424,292340.417
87033390,Other vehicle (Diesel engine) capacity >2500CC,PCS,32.0,189909.89151,0.18991,661840.57
87034090,Other vehicle (Petrol-Electric hybrid) Except plugin ABOVE 2000CC,PCS,23.0,103969.84125,0.10397,260908.532
87036090,Other vehicle (Petrol-Electric hybrid) plugin UPTO 2000 CC,PCS,14.0,103922.30075,0.103922,233043.301
87038011,Unassembled Electric three wheelers vehicles,PCS,2247.0,260303.655625,0.260304,94473.522
87038019,Electric three wheelers vehicles,PCS,1567.0,347167.434828,0.347167,112314.899
87038099,Other electric vehicle,PCS,2834.0,6699997.231875,6.699997,4295602.821
87041000,Dumpers for off-highway use,PCS,2.0,14525.469,0.014525,1784.519
87042110,"Goods Vehicle, double pick-up cab capacity of  > 2 persons incl. driver >2000CC",PCS,290.0,460696.621073,0.460697,831534.993
87042120,Goods vehicle Singal-cab Vehicle 2 seater  including Driver UP TO 2000cc,PCS,259.0,253107.464313,0.253107,360390.812
87042190,"Others, diesel or semi diesel motor vehicles, gvw <=5 tonnes",PCS,2.0,3337.526,0.003338,2325.372
87042290,"Others, g.v.w. exceeding 5 tonnes but not exceeding 20 tonnes",PCS,185.0,434432.06776,0.434432,302673.101
87042390,Others g.v.w. exceeding 20 tonnes,PCS,134.0,584070.8945,0.584071,406923.694
87043130,Deliver Van g.v.w. not exceeding 5 tonnes petrol engine upto 2000 CC,PCS,21.0,13462.693,0.013463,14818.594
87044270,Refregerating Van g.v.w. exceeding 5 tonnes but not exceeding 20 tonnes hybrid engine,PCS,1.0,11330.5,0.011331,0.065
87044390,"Others, g.v.w. exceeding 20 tonnes hybrid engine",PCS,8.0,38767.8365,0.038768,27009.627
87046010,Refrigerating Van with only electric motor for propulsion,PCS,8.0,14010.295,0.01401,2622.946
87046020,Electric three wheelers with only electric motor for propulsion,PCS,732.0,106017.569062,0.106018,37329.766
87046031,Single Cab 4 Wheeler Pickup Vehicle used mainly for transport with 2 persons seat,PCS,115.0,166396.664625,0.166397,66324.608
87046032,Double Cab 4 Wheeler Pickup Vehicle used mainly for transport for more than 2 persons,PCS,15.0,72789.781,0.07279,38498.336
87046041,"Lorry, Truck, Tipper, dumper and other transportation vehicles",PCS,5.0,74496.752,0.074497,29693.498
87046042,Container attached trucks,PCS,16.0,23055.901,0.023056,9190.048
87053000,Fire fighting vehicles,PCS,2.0,11250.142,0.01125,112.632
87054000,Concrete-mixer lorries,PCS,43.0,246960.133,0.24696,56215.108
87059010,Road cleaning broomers,PCS,1.0,9887.208,0.009887,1844.031
87060080,Chasis of Passenger Motor Vehicle (> 25 seats) & Trucks fitted with engine,PCS,208.0,622166.499,0.622166,293600.403
87071000,Bodies (incl cabs) for the motor vehicles f 8703,PCS,7.0,136.010713,0.000136,49.776
87079000,"Bodies (incl cabs) for the motor vehicles , (excl 8703)",PCS,18.0,14405.848784,0.014406,5183.801
87081000,Bumpers and parts thereof   .,PCS,18282.0,37194.801339,0.037195,13316.769
87082100,Safety seat belts   .,PCS,478.0,1862.463369,0.001862,648.842
87082200,"Front windscreens(windshields), rear windows&other windows specified in Subheading No",PCS,1643.0,5667.12141,0.005667,2027.39
87082900,"Parts and accessories of bodies (incl cab s , (excl safety seat belt)",PCS,34712.0,66700.552787,0.066701,23787.274
87083000,Brakes and servobrakes; parts thereof   .,PCS,104350.0,102786.844202,0.102787,36717.996
87084000,Gear boxes and parts thereof  . .,PCS,14154.0,30983.807562,0.030984,11043.481
87085000,"Driveaxles with diff, whether or not prov i ed with other transmission component",PCS,21881.0,42709.361486,0.042709,15267.049
87087000,Road wheels and parts and accessories ther  of,PCS,6454.0,9749.228383,0.009749,3480.784
87088000,Suspension systems and parts thereof (incl  ding shockabsorbers).,PCS,27084.0,45442.690588,0.045443,16435.0
87089100,Radiators and parts thereof   .,PCS,5873.0,19832.036082,0.019832,7073.741
87089200,Silencers (mufflers) and exhaust pipes; pa  ts thereof,PCS,2587.0,2509.007462,0.002509,893.962
87089300,Clutches and parts thereof   .,PCS,33002.0,93199.96789,0.0932,33276.671
87089400,"Steering wheels, steering columns and stee  ing boxes; parts thereof.",PCS,9914.0,27097.516696,0.027098,9677.047
87089500,Safety airbags with inflater system; parts  thereof,PCS,188.0,2488.261407,0.002488,884.659
87089900,Other parts & accessories of motor vehicle   of 8701 to 8705 nes.,PCS,1593612.0,843001.414246,0.843001,302806.088
87091100,"Electrical vehicles, not fitted with lifting or handling equipment",PCS,2.0,533.111813,0.000533,189.789
87091900,"Works trucks (excl electrical), not fitte d with lifting equipment",PCS,2.0,0.5,0.0,0.178
87099000,Parts of works trucks of 8709   .,PCS,320.0,337.455615,0.000337,101.205
87112011,Unassembled Motorcycles with piston engine of capacity exceeding 50 not exceeding 125CC,PCS,27954.0,3093391.064484,3.093391,2833409.196
87112012,Unassembled Motorcycles with piston engine of capacity exceedubg 125 not exced 200 CC,PCS,12448.0,1967524.384438,1.967524,1764564.235
87112019,Unassembled Motorcycles with piston engine of capacity exceeding 200 <=  250CC,PCS,3723.0,739607.6165,0.739608,748307.199
87112091,Motorcycles with piston engine of capacity exceeding 50 not exceeding 125cc,PCS,1703.0,196624.106758,0.196624,231051.238
87112092,Motorcycles with piston engine of capacity exceeding 125CC  not exceeding 200 CC,PCS,3617.0,624885.119484,0.624885,825625.255
87112099,Motorcycles with piston engine of capacity exceeding 200 not exceeding 250cc,PCS,139.0,29053.777516,0.029054,42062.09
87113011,Unassembled Motorcycles with piston enginee exceeding 251CC not exceed 400CC,PCS,7085.0,1568774.981625,1.568775,1587217.995
87113019,Motorcycles with piston enginee exceeding 251CC not exceed 400CC,PCS,3.0,1265.626,0.001266,2921.096
87113091,Unassembled Motorcycles with reciprocating piston enginee of capacity 401CC-500cc,PCS,203.0,65351.146625,0.065351,71930.618
87113099,Motorcycles with reciprocating piston enginee of capacity 401CC-500cc,PCS,2.0,461.926,0.000462,1398.465
87115000,Motorcycle with piston engine exceeding 800 CC,PCS,1.0,602.88,0.000603,2094.888
87116010,Cycle with electric motor for propulsion,PCS,5.0,177.872098,0.000178,43.293
87116020,Motorcycle - elctric Motor,PCS,75.0,4236.207703,0.004236,2008.749
87116032,Moped elecric scooters without pedal,PCS,1.0,134.309797,0.000134,3.759
87116090,Others (except cycle) motorcycle & scooter with electric motor for propulsion,PCS,9887.0,1435680.338023,1.43568,504790.233
87120010,Bicycles&cycles(including tricycles)Of a kind used by people with physical impairment,PCS,50.0,593.637664,0.000594,187.89
87120090,Other Bicycle & cycle (including trycycle) not motorized,PCS,118652.0,522585.313044,0.522585,97486.016
87131000,Carriages for disabled persons not mechanically propelled,PCS,4019.0,22051.17596,0.022051,1.495
87139010,Electric wheel chair,PCS,324.0,3571.827995,0.003572,0.13
87139090,"Other Carriages for disabled persons,not motorised or othwise mechanically propelled",PCS,310.0,1458.33739,0.001458,74.169
87141000,Of motorcycles (including mopeds) . .,PCS,3904855.0,754882.355588,0.754882,267737.45
87142000,Parts and accessories of carriages for dis  bled persons.,PCS,702.0,55.161938,5.5e-05,2.867
87149100,Frames and front forks of cycles and parts  thereof,PCS,171788.0,5848.449857,0.005848,1091.294
87149200,Wheel rims and spokes of cycles   .,PCS,67479.0,1747.405006,0.001747,326.426
87149300,"Hubs, not coaster braking hubs and free -wh el sproket-wheels",PCS,49187.0,2325.54304,0.002326,434.374
87149400,"Brakes, coaster braking hubs and hub brake   and parts thereof of cycles.",PCS,114424.0,5860.712376,0.005861,1096.147
87149500,Saddles ofcycles  . .,PCS,37078.0,4118.98066,0.004119,769.06
87149600,Pedals and crank-gear and parts thereof of  cycles,PCS,39654.0,2188.371744,0.002188,408.671
87149910,"Parts & assessories of bicycles & rickshaw  , nes",PCS,5903082.0,44492.794487,0.044493,8311.698
87149990,"Other parts of vehicles, nes  . .",PCS,207908.0,2428.931879,0.002429,721.702
87150010,Stroller,PCS,1088.0,2387.52302,0.002388,1138.856
87150020,Other vehicle for children,PCS,192.0,104.049823,0.000104,19.473
87161000,"Trailers and semi-trailers of the caravan   ype, for housing or camping",PCS,349.0,466.514986,0.000467,139.76
87162000,Self-loading/unloading trailers and semi-t  ailers for agriculture purposes,PCS,33.0,392.718445,0.000393,117.818
87163900,"Trailers and semi-trailers for the transpo  t of goods, nes",PCS,26.0,2672.97863,0.002673,800.861
87164000,"Trailers and semi-trailers, nes   .",PCS,1133.0,4044.95887,0.004045,10.742
87168000,"Vehicles, not mechanically propelled, nes   .",PCS,9570.0,1185736.848214,1.185737,2070.702
87169010,Wheels of woods for carts   .,PCS,623.0,538.491445,0.000538,100.917
87169090,"Parts of trailers & semi-trailers, other v  hicles,not mechanically propelled",PCS,23128.0,31888.232714,0.031888,8468.862
88010000,"Balloons and dirigibles; gliders, hang gli  ers and other nonpowered aircraft",PCS,292.0,170.322007,0.00017,41.36
88024000,"Aeroplanes and other aircraft, of an unlad  n weight >15000kg",PCS,1.0,1290525.184,1.290525,182351.28
88040000,Parachutes (incl dirigible parachutes and   aragliders) and rotochutes; parts the,PCS,475.0,14550.549201,0.014551,2193.952
88051000,"Aircraft launching gear, deck-arrestors or  similar gear and parts thereof",PCS,12.0,214363.7285,0.214364,30289.998
88062100,Unmanned aircraft-remote controlled flight With max take-off weight not more than250g,PCS,803.0,59720.378735,0.05972,21224.976
88062200,Unmanned aircraft-remote controlled flight With max take-off weight >250g to <7KG,PCS,186.0,24968.318529,0.024968,7177.516
88062300,Unmanned aircraft-remote controlled flight With max take-off weight >7KG to <25KG,PCS,4.0,18.409711,1.8e-05,6.457
88062900,Other Unmanned aircraft-remote controlled flight,PCS,505.0,585.321844,0.000585,208.442
88069200,Other unmanned aircraft With maximum take-off weight > 250g to < 7 kg,PCS,1.0,88.0825,8.8e-05,31.423
88069300,other unmanned aircraft With maximum take-off weight > 7 kg to < 25 kg,PCS,2.0,1860.194,0.00186,662.361
88071000,Propellers and rotors and parts thereof,PCS,121.0,125495.436674,0.125495,17712.953
88072000,Under-carriages and parts,PCS,5.0,2844.031279,0.002844,691.13
88073010,"Other parts of airplanes, helicopters or unmanned",PCS,1787.0,470247.901717,0.470248,66393.704
88073090,"Other parts of airplanes, helicopters or unmanned",PCS,8.0,1911.49999,0.001911,464.562
88079000,"Other parts of goods of heading 88.01, 88.02 or 88.06",PCS,177.0,290.56535,0.000291,33.923
89011000,"Cruise ships, excursion boats, etc, for pe  ple; ferry boats.",PCS,8.0,42.963199,4.3e-05,8.014
89019000,Other vessels for the transport of goods and both persons and goods in ships,PCS,2.0,0.30638,0.0,0.0
89031100,"Fitted or designed to be fitted with a motor, unladen(net) weight not exceeding 100kg",PCS,5.0,0.15319,0.0,0.0
89031200,Not designed for use with a motor and unladen (net) weight not exceeding 100 kg,PCS,3.0,396.851688,0.000397,74.079
89069000,"Other vessels; life boats, other than rowi  g boats",PCS,21.0,1.7972,2e-06,0.494
89071000,Inflatable rafts  . .,PCS,2.0,18.52868,1.9e-05,0.0
89079000,"Floating structures (eg tanks, coffer-dams   landing-stages, buoys and beacons),",PCS,107.0,2216.29133,0.002216,537.365
90011000,"Optical fibres, optical fibre bundles and   ables (excl those of 8444)",Kg,327.74,1861.871781,0.001862,347.481
90013010,Intraocular contact lenses   .,PCS,32005.0,30215.899386,0.030216,13424.301
90013090,Other contact lenses  . .,PCS,6216.0,7366.391833,0.007366,1391.79
90014000,Spectacle lenses of glass   .,PCS,29653.0,1465.792257,0.001466,282.34
90015000,Spectacle lenses of other materials (excl   f glass).,PCS,414632.0,51730.136031,0.05173,9666.412
90019000,"Prisms, mirrors and other optical elements   unmounted, nes.",PCS,537805.0,42150.133808,0.04215,732.417
90021100,"Mounted objective lenses, of any material,  for cameras, projectors, etc.",PCS,633.0,5167.898023,0.005168,966.779
90021900,"Mounted objective lenses, of any material,  nes",PCS,107.0,1311.325212,0.001311,244.593
90022000,"Mounted filters, of any material  . .",PCS,400.0,647.774536,0.000648,120.843
90029000,"Mounted lenses, prisms, mirrors, etc, of a  y material, nes",PCS,476.0,1059.521458,0.00106,198.008
90031100,"Frames and mountings for spectacles, goggl  s or the like, of plastics",PCS,418030.0,56569.547325,0.05657,13919.153
90031900,"Frames and mountings for spectacles, goggl  s or the like, of other materials",PCS,90992.0,13634.232644,0.013634,3313.436
90039000,"Parts of frames and mountings for spectacl  s, goggles or the like",PCS,8521.0,340.01518,0.00034,91.655
90041000,Sunglasses   .,PCS,288009.0,77067.129732,0.077067,23532.682
90049000,"Spectacles, goggles and the like (excl su n lasses)",PCS,206917.0,25803.650052,0.025804,3204.264
90051000,Binoculars   .,PCS,36.0,254.165206,0.000254,76.334
90058000,Instruments (excl binoculars) such as opt i al telescopes,PCS,17.0,15.86952,1.6e-05,7.731
90059000,"Parts and accessories (incl mountings) of   inoculars, etc",PCS,9.0,1.04896,1e-06,1.401
90063000,"Cameras for underwater use, for aerial sur  ey, for medical purposes.",PCS,3.0,2224.664469,0.002225,414.969
90064000,Instant print cameras   .,PCS,120.0,506.117603,0.000506,94.525
90065300,Other cameras For roll film of a width of 35 mm.,PCS,3.0,19.992131,2e-05,3.795
90065900,"Cameras,nes (not cine-)   .",PCS,816.0,1287.969746,0.001288,240.615
90066100,Discharge lamp (electronic) flashlight app  ratus,PCS,129.0,501.16352,0.000501,93.469
90066900,"Photographic flashlight apparatus, nes   .",PCS,401.0,201.944211,0.000202,37.687
90069100,Parts and accessories for cameras (not cin  -),PCS,2898.0,1974.174455,0.001974,368.79
90069900,Parts and accessories for photographic fla  hlight apparatus.,PCS,1035.0,2206.160208,0.002206,413.083
90071000,Cinematographic Cameras incorporating sound recording or reproducing apparatus,PCS,1025.0,3896.389859,0.003896,727.08
90072000,Cinematographic projectors incorporating sound recording or reproducing apparatus,PCS,189.0,8387.035237,0.008387,1340.612
90079100,Parts and accessories for cinematographic   ameras,PCS,13.0,503.976349,0.000504,4.156
90079200,Parts and accessories for cinematographic   rojectors,PCS,329.0,895.338215,0.000895,183.766
90089000,"Parts and accessories of image projectors,  photo enlargers/reducers.",PCS,65.0,170.47658,0.00017,31.801
90106000,Projection screens   .,PCS,337.0,464.153331,0.000464,114.652
90111000,Stereoscopic microscopes  . .,PCS,474.0,2119.297159,0.002119,405.323
90112000,"Other microscopes, for photomicrography,    inephotomicrography or  microprojecti",PCS,11.0,19.10536,1.9e-05,3.565
90118000,"Optical microscopes, nes  . .",PCS,995.0,32429.04306,0.032429,6054.574
90119000,Parts and accessories of optical microscop  s of 9011,PCS,191.0,897.721431,0.000898,167.703
90121000,Microscopes (excl optical microscopes) an d diffraction apparatus,PCS,1.0,7.53346,8e-06,1.406
90129000,Parts and accessories of microscopes and d  ffraction apparatus of 9012,PCS,50.0,144.043453,0.000144,26.931
90132010,Laser pointers,PCS,518.0,628.238263,0.000628,117.923
90132090,"Lasers, other than laser diodes   .",PCS,5967.0,1468.313283,0.001468,275.213
90138000,"Optical devices, appliances and instrument  , nes",PCS,3526.0,555.235836,0.000555,103.87
90139000,"Parts and accessories of lasers and optica   devices, nes, of 9013",PCS,24.0,500.43025,0.0005,93.396
90142000,Instruments/apparatus for aeronautical/spa  e navigation (excl compasses),PCS,11969.0,12769.594919,0.01277,2381.675
90148000,"Other instruments and apparatus for naviga  ion, nes.",PCS,7297.0,7471.068665,0.007471,1393.504
90149000,Parts and accessories of instruments and a  paratus for navigation,PCS,35.0,28340.953132,0.028341,5276.538
90151000,Rangefinders   .,PCS,157.0,763.511066,0.000764,142.402
90152000,Theodolites and tachymeters (tacheometers)  .,PCS,804.0,715.26475,0.000715,133.464
90153000,Levels for surveying  . .,PCS,777.0,2912.007484,0.002912,545.469
90158000,"Other instruments and appliances for meteo  ological purposes, nes",PCS,5101.0,17429.639918,0.01743,3256.006
90159000,Parts and accessories of surveying inst rum nts/apparatus of 9015,PCS,183.0,482.394803,0.000482,90.047
90160000,"Balances of a sensitivity of 5 cg or bette  , with or without weights",PCS,362.0,8325.327137,0.008325,1514.822
90171000,Drafting tables and machines  . .,PCS,6.0,65.693871,6.6e-05,0.052
90172000,"Other drawing, marking out or mathematical  calculating instruments, nes.",PCS,484199.0,22501.164254,0.022501,4197.354
90173000,"Micrometers, callipers and gauges   .",PCS,4163.0,2810.993169,0.002811,520.815
90178000,"Other Instruments for measuring length, fo   use in the hand, nes",PCS,469559.0,30722.462017,0.030722,5755.081
90179000,Parts and accessories of drawing/measuring  instruments of 9017,PCS,8853.0,306.990788,0.000307,57.645
90181100,Electro-cardiographs  . .,PCS,353308.0,37098.773969,0.037099,6283.491
90181200,Ultrasonic scanning apparatus   .,PCS,1664.0,106431.775092,0.106432,19852.345
90181300,Other Magnetic Resonance imaging Machine,PCS,3.0,720.343977,0.00072,202.958
90181400,Scintigraphic apparatus   .,PCS,17.0,30.62391,3.1e-05,5.713
90181910,Pulse Oximeter,PCS,8616.0,7942.972742,0.007943,1482.018
90181920,ICU Monitor,PCS,86.0,8126.027148,0.008126,1515.973
90181990,Other Electro-diagnostic apparatus,PCS,722690.0,47886.711324,0.047887,8933.521
90182000,"Ultra-violet or infra-red apparatus, for m  dical, surgical sciences.",PCS,346.0,4434.567277,0.004435,827.355
90183100,"Syringes, used in medical, surgical, denta   or veterinary sciences",PCS,3295700.0,23860.427371,0.02386,3000.994
90183200,"Tubular metal needles and needles for sutu  es, for medical sciences.",PCS,4157011.0,16662.279424,0.016662,3108.909
90183900,"Needles (excl tubular metal or for suture s , catheters, cannulae, etc",PCS,6880691.0,263687.886174,0.263688,49341.179
90184100,Dental drill engines  . .,PCS,1040.0,5348.256093,0.005348,997.598
90184900,Instruments and appliances used in dental   ciences (excl drill engines).,PCS,77884.0,72590.085005,0.07259,13643.144
90185000,Other ophthalmic instruments and appliance  .,PCS,121822.0,130123.813161,0.130124,23811.033
90189010,Stesthecope,PCS,2354.0,2631.025438,0.002631,543.897
90189020,Plastic Blood Bag,PCS,23226.0,2310.525629,0.002311,431.051
90189030,PCR Machine,PCS,5.0,2246.368612,0.002246,419.08
90189090,Others instruments and appliances,PCS,2686102.0,820407.57549,0.820408,136012.574
90191000,Mechano-therapy appliances; massage appara  us; psychological apparatus,PCS,64217.0,169326.403391,0.169326,31704.558
90192010,Oxygen Concentrator,PCS,50600.0,19845.461818,0.019845,3701.944
90192020,"Oxygen Mask, Ventury Mask, Ventilator Mask and Resevoir Mask",PCS,77605.0,4705.60699,0.004706,878.341
90192030,Medical Ventilator,PCS,26.0,10481.066406,0.010481,1955.189
90192090,"Ozone therapy, oxygen therapy, aerosol therapy, artificial respiration or other thera",PCS,203172.0,70528.455213,0.070528,13157.865
90200000,Other breathing appliances and gas masks (  xcl protective maska),PCS,3882.0,7243.846743,0.007244,1346.24
90211000,Orthopaedic or fracture appliances   .,PCS,130334.0,104841.590354,0.104842,13636.395
90212100,Artificial teeth  . .,PCS,6116.0,8643.833653,0.008644,1612.361
90212900,Other dental fittings   .,PCS,15442.0,19724.893375,0.019725,3680.544
90213100,Artificial joints of the body   .,PCS,1319.0,25005.886066,0.025006,3251.636
90213900,Other artificial parts of the body (excl  a tificial joints).,PCS,8650.0,37432.163406,0.037432,4867.458
90214000,Hearing aids (excl parts and accessories) . .,PCS,3555.0,29188.901141,0.029189,1.235
90215000,Pacemakers for stimulating heart muscles (  xcl parts and accessories),PCS,385.0,25287.282813,0.025287,1264.631
90219010,Crutches,PCS,2211.0,2833.820183,0.002834,0.0
90219020,Parts and accessories of hearing aids,PCS,14828.0,3305.726467,0.003306,0.065
90219030,Valve and stent implanted in the heart,PCS,2242.0,111409.735568,0.11141,1.3
90219090,Other appliances to compensate for a defect or disability,PCS,6713.0,47860.19668,0.04786,2394.422
90221200,"Computed tomography apparatus,based on the  use of X-rays",PCS,1.0,29064.3,0.029064,5420.557
90221300,"Apparatus based on the use of X-rays,nes,   or dental uses",PCS,695.0,5163.834508,0.005164,963.277
90221400,"Apparatus based on the use of X-rays, nes , for medical, surgical or veterinary u",PCS,143.0,31060.438303,0.03106,5793.765
90221900,"Apparatus based on the use of X-rays, nes . .",PCS,74.0,5479.903895,0.00548,1022.203
90222100,"Apparatus of alpha, beta, gamma or other ionising for medical,surgical,dental&veterin",PCS,3.0,351.452931,0.000351,65.613
90223000,X-ray tubes   .,PCS,22.0,92331.081703,0.092331,2920.494
90229000,"X-ray generators, screens, parts and  acces ories of 9022",PCS,476.0,34063.992297,0.034064,6123.692
90230000,"Instruments, apparatus and models designed  for demonstrational purposes.",PCS,23638.0,21869.286469,0.021869,3269.862
90241000,"Machines/appliances for testing the hardne  s, strength of metals",PCS,32.0,6363.295745,0.006363,1187.43
90248000,Machines/appliances for testing materia ls  excl metals).,PCS,1128.0,10309.697291,0.01031,1924.589
90249000,Parts and accessories of machines for test  ng materials of 9024.,PCS,108.0,670.810612,0.000671,125.327
90251100,"Thermometers&pyrometers,uncombined with ot  instruments,liquid-filled,for direct",PCS,15871.0,1678.340455,0.001678,313.515
90251910,Digital infrared thermometers (Thermal gun),PCS,45575.0,4840.28389,0.00484,901.43
90251990,"Thermometers & pyrometers, not combined wi  h other instruments, not liquid-fille",PCS,20790.0,5949.893645,0.00595,1155.978
90258000,"Other instruments; hydrometers, pyrometers   hygrometers, etc, and combinations",PCS,25911.0,6702.410554,0.006702,1227.587
90259000,"Parts and accessories of hydrometers th erm meters, etc, of 9025.",PCS,28475.0,3783.362754,0.003783,703.554
90261000,Instruments for measuring/checking the  flo  or level of liquids.,PCS,12891.75,23295.924595,0.023296,4111.328
90262000,Instruments for measuring or checking p res ure,PCS,5305.0,19270.253044,0.01927,3445.919
90268010,Other instruments or aparatus for measurin   or checking variables of liquids or,PCS,374.0,457.132247,0.000457,59.564
90268090,Other instruments or aparatus for measurin   or checking variables of liquids or,PCS,601.0,5095.378774,0.005095,944.55
90269000,Parts and accessories of instruments for m  asuring flows of 9026,PCS,1270.0,3291.75183,0.003292,614.372
90271000,Gas or smoke analysis apparatus   .,PCS,454.0,14051.695034,0.014052,2035.867
90272000,Chromatographs and electrophoresis instrum  nts,PCS,25.0,37331.177433,0.037331,3130.822
90273000,"Spectrometers, spectrophotometers & spectr  graphs using optical radiations",PCS,6677.0,22086.100006,0.022086,4119.693
90275000,"Other instruments and apparatus using opti  al radiations, nes",PCS,276.0,72990.632007,0.072991,7139.032
90278100,Mass spectrometers,PCS,4112.0,747.597782,0.000748,139.644
90278910,"Analyzers (Hematology, blood chemistry, clinical chemistry, immuno-chemistry)",PCS,380.0,166263.916419,0.166264,21609.993
90278990,"Other Analyzers(exl.Hematology, blood chemistry,clinical chemistry, immuno-chemistry)",PCS,3309.0,82113.929958,0.082114,10506.683
90279010,Microtomes,PCS,194.0,543.048625,0.000543,101.423
90279090,Parts and accessories of instruments for a  alysis of 9027,PCS,7298.0,54037.867171,0.054038,9955.976
90281000,Gas meters   .,PCS,2.0,109.231719,0.000109,26.61
90282000,Liquid meters  . .,PCS,27397.0,31147.687587,0.031148,7569.591
90283000,Electricity meters   .,PCS,220830.0,218825.111543,0.218825,52458.193
90289000,"Parts and accessories of gas, liquid and e  ectricity meters.",PCS,124259.0,3134.057504,0.003134,584.579
90291000,"Revolution counters, production counters,   aximeters, mileometers,pedometers etc",PCS,4470.0,676.630554,0.000677,163.512
90292000,Stroboscopes; speed indicators and tachome  ers other than those of headings 9014,PCS,5192.0,2559.647507,0.00256,615.738
90299000,"Parts and accessories of revolution counte  s, etc, of 9029",PCS,4000.0,585.243161,0.000585,109.443
90301000,Instruments and apparatus for measuring or  detecting ionising radiations,PCS,1110.0,246.525611,0.000247,45.988
90302000,Oscilloscopes and oscillographs   .,PCS,43.0,609.174073,0.000609,113.683
90303100,Multimeters without a recording device   .,PCS,2405.0,2526.380225,0.002526,476.049
90303200,Multimeters with a recording device   .,PCS,211.0,1494.722152,0.001495,278.969
90303300,"Other inst for measuing voltage, current,   esistance, power, without a recording",PCS,30938.0,16666.060504,0.016666,2075.269
90303900,"Other instruments for measuing voltage,cur  ent,resistance,power, with a recordin",PCS,573.0,9135.706744,0.009136,1398.464
90304000,Measuring/checking instruments/apparatus f  r telecommunications.,PCS,91.0,2319.932258,0.00232,432.945
90308200,For measuring or checking semiconductor wafers or devices (including integrated circu,PCS,1.0,633.014812,0.000633,118.123
90308400,"Other instruments and apparatus, with a  re ording device",PCS,10.0,10197.159153,0.010197,1901.911
90308900,"Instruments & apparatus, nes  . .",PCS,2618.0,2819.334386,0.002819,63.276
90309000,Parts and accessories for measuring or che  king electrical quantities,PCS,435.0,1619.086829,0.001619,302.044
90311000,Machines for balancing mechanical parts   .,PCS,4410.0,3971.888469,0.003972,741.18
90312000,Test benches   .,PCS,15.0,1505.890109,0.001506,311.048
90314900,"Optical instruments and appliances  for me  suring or checking, nes",PCS,8668.0,7621.807902,0.007622,1427.561
90318000,"Instruments, appliances and machines for m  asuring or checking, nes.",PCS,61796.5,88776.320548,0.088776,15392.709
90319000,"Parts and accessories of measuring instrum  nts nes, of 9031.",PCS,1685.0,7050.494794,0.00705,1316.289
90321000,Thermostats   .,PCS,5333.0,4861.116158,0.004861,1171.786
90322000,Manostats  . .,PCS,670.0,546.245373,0.000546,163.827
90328100,Automatic regulating instruments/appara tus  hydraulic or pneumatic,PCS,88.0,188.811061,0.000189,35.283
90328900,"Automatic regulating or controlling instru  ents and apparatus, nes",PCS,6372.0,70227.560788,0.070228,20915.914
90329000,Parts and accessories of automatic regulat  ng devices of 9032,PCS,8387.0,4915.817246,0.004916,918.749
90330000,"Parts and accessories, nes, for machines,   ppliances, etc, of chapter 90",PCS,101915.0,47898.206201,0.047898,8924.498
91011100,"Electrically operated wrist-watches, mecha  ical display only, case of precious m",PCS,1582.0,15422.314066,0.015422,4655.522
91011900,"Electrically operated wrist-watches, nes,   ith case of precious metal",PCS,475.0,3637.951367,0.003638,1089.659
91012100,"Wrist-watches, with automatic winding, of   recious metal",PCS,6.0,17926.81505,0.017927,5367.795
91012900,"Wrist-watches (exclelectrically operated  / utomatic winding), case of precious m",PCS,1084.0,26127.072879,0.026127,7825.132
91019100,"Electrically operated pocket-watches, etc   excl wrist-watches), case of precious",PCS,2331.0,574.67902,0.000575,174.942
91019900,"Pocket-watches, etc (excl wrist-), nes, o f precious metal",PCS,1802.0,85.475637,8.5e-05,25.539
91021100,"Electrically operated wrist-watches, mecha  ical display only (excl of precious m",PCS,22472.0,90577.935784,0.090578,25276.06
91021200,"Electrically operated wrist-watches, opto-  lectronic display (excl of precious m",PCS,4869.0,4205.679077,0.004206,1270.844
91021900,"Electrically operated wrist-watches, nes (  xclthose with case of precious metal)",PCS,73606.0,17397.03377,0.017397,5234.901
91022100,"Wrist-watches,with automatic winding (excl  of precious metal)",PCS,203.0,54754.343497,0.054754,16399.6
91022900,"Wrist-watches, not electrically operated/a  tomatic winding (excl of precious met",PCS,6660.0,4075.320178,0.004075,1220.635
91029100,"Electrically operated pocket-watches,etc (  xcl wrist-watches & those of precious",PCS,309.0,18.06572,1.8e-05,5.357
91029900,"Pocket-watches, etc, nes (excl those with   ase of precious metal)",PCS,5619.0,17712.637306,0.017713,5304.022
91039000,Clocks with watch movements (excl electri c lly operated),PCS,2.0,3.55698,4e-06,0.865
91051100,"Alarm clocks, electrically operated   .",PCS,8852.0,1615.557125,0.001616,360.964
91051900,Alarm clocks (excl electrically operated) . .,PCS,3062.0,460.288082,0.00046,148.534
91052100,"Wall clocks, electrically operated   .",PCS,4599.0,1261.31637,0.001261,304.535
91052900,Wall clocks (excl electrically operated)  . .,PCS,25380.0,6438.335976,0.006438,1405.925
91059100,"Clocks, nes, electrically operated   .",PCS,260.0,116.82194,0.000117,28.39
91059900,"Clocks, nes (excl electrically operated)  . .",PCS,10210.0,3066.976392,0.003067,817.794
91061000,Time-registers; time-recorders   .,PCS,2269.0,20102.326878,0.020102,4885.275
91069000,"Apparatus for indicating time, nes   .",PCS,265.0,165.696884,0.000166,44.92
91070000,Time switches with clock or watch movement  or with synchronous motor,PCS,814.0,570.726113,0.000571,138.791
91081100,"Electrically operated watch movements, wit   mechanical display only.",PCS,418346.0,17507.218957,0.017507,4291.04
91081200,"Electrically operated watch movements, wit   opto-electronic display only",PCS,15.0,22.8345,2.3e-05,5.615
91081900,"Electrically operated watch movements, nes  .",PCS,12.0,18.436301,1.8e-05,4.481
91089000,"Other watch movements (excl electrically  o erated & automatic winding), nes.",PCS,181712.0,4133.231189,0.004133,1004.444
91091000,"Clock movements, complete and assembled Electrically operated",PCS,4584.0,1140.3525,0.00114,277.107
91099000,"Other Clock movements, complete and assembled (excel electrically operated)",PCS,164.0,168.056028,0.000168,40.905
91101100,"Complete watch movements, unassembled or p  rtly assembled",PCS,210.0,331.4295,0.000331,80.538
91109000,"Complete (unassembled), incomplete and rou  h clock movements",PCS,120.0,120.499172,0.00012,23.835
91112000,Watch cases of base metal (incl plated)   .,PCS,140.0,2385.114906,0.002385,579.654
91118000,"Other watch cases, nes   .",PCS,120.0,1123.46875,0.001123,222.289
91119000,Parts of watch cases  .,PCS,8525.0,1163.282344,0.001163,297.398
91122000,Clock Cases   .,PCS,1740.0,252.814641,0.000253,61.507
91129000,Parts of clock cases and cases for other g  ods of chapter 91,PCS,5.0,34.425109,3.4e-05,8.367
91131000,"Watch straps, bands and bracelets, and par  s thereof, of precious metal.",PCS,150.0,41.05848,4.1e-05,10.213
91132000,"Watch straps, bands and bracelets, and par  s thereof, of base metal.",PCS,5654.0,3471.419805,0.003471,843.628
91139000,"Watch straps, bands and bracelets, and par  s thereof, nes",PCS,7256.0,2096.503199,0.002097,481.385
91143000,Dials for clocks and watches  .,PCS,42706.0,7163.44588,0.007163,1733.188
91149000,"Clocks or watch parts, nes",PCS,428868.0,24918.331043,0.024918,6057.829
92011000,Upright pianos   .,PCS,468.0,814.149388,0.000814,285.267
92019000,"Automatic pianos, harpsichords and other k  yboard instruments, nes",PCS,1456.0,4004.766126,0.004005,1112.444
92021000,"String musical instruments played with a b  w (eg Guitars, violins, harps)",PCS,4049.0,11925.420953,0.011925,3600.398
92029000,"String musical instruments, nes   .",PCS,5136.0,18152.033977,0.018152,5448.547
92051000,Brass-wind instruments (eg clarinets and trumpets),PCS,6732.0,104.952061,0.000105,31.45
92059000,Other wind musical instruments (excl brass wind),PCS,45881.0,1700.539844,0.001701,537.613
92060000,"Percussion musical instruments (eg drums,  xylophones, cymbals, etc).",PCS,36188.0,10946.895664,0.010947,3273.317
92071000,Keyboard instruments with electrically pro  uced or amplified sound,PCS,2154.0,14185.046161,0.014185,4327.072
92079000,"Musical instruments, nes, with electrically  produced or amplified sound.",PCS,8063.0,10958.564923,0.010959,3305.908
92081000,Musical boxes  . .,PCS,58.0,4.67761,5e-06,1.402
92089000,"Fairground organs, mechanical street, etc;  decoy calls of all kinds; whistles, e",PCS,19161.0,357.615121,0.000358,106.77
92093000,Musical instrument strings,PCS,2921.0,2616.815702,0.002617,487.464
92099100,Parts and accessories for pianos  .,PCS,13.0,84.83907,8.5e-05,15.825
92099200,Parts and accessories of Musical Instrument of 9202,PCS,3558.0,434.250101,0.000434,80.942
92099400,Parts and accessories for the musical inst  uments of heading 9207,PCS,928.0,222.870009,0.000223,41.627
92099900,"Parts and accessories of musical instrumen  s, nes",PCS,16239.0,3139.430077,0.003139,586.184
93019000,"Other military weapons, other than revolvers, pistols and the arms of heading 93.07",PCS,50.0,136127.504,0.136128,0.0
93040000,"Other arms (eg spring, air or gas guns and  pistols, truncheons).",PCS,6.0,4.62081,5e-06,4.779
93059100,Parts & accessories of millitary weapons o   heading 9301,PCS,406.0,100.839809,0.000101,104.337
93070000,"Swords, cutlasses, bayonets, lances and si  ilar arms and parts thereof",PCS,2.0,2.00729,2e-06,2.077
94011000,Seats of a kind used for aircraft   .,PCS,100.0,125.349898,0.000125,37.543
94012000,Seats of a kind used for motor vehicles   .,PCS,5350.0,10129.957919,0.01013,5410.643
94013100,Swivel seats with variable height adjustment Of wood,PCS,95.0,465.207548,0.000465,279.486
94013900,Swivel seats with variable height adjustment of Other (Excl wood),PCS,11561.0,47876.626166,0.047877,22430.675
94014100,"Seats other than garden seats or camping  equipment, convertible into beds Of wood",PCS,433.0,1437.201459,0.001437,551.551
94014900,"Seats oth than garden seats or camping  equi,convertible into beds of Other(exel wood",PCS,21.0,661.261973,0.000661,407.416
94015200,"Seats of cane, osier, bamboo or similar materials Of bamboo",PCS,23.0,5229.794313,0.00523,1890.05
94015300,"Seats of cane, osier, bamboo or similar materials Of rattan",PCS,1.0,3.203,3e-06,1.974
94016100,"Upholstered seats, with wooden frames   .",PCS,1834.0,20782.357068,0.020782,12071.867
94016900,"Seats with wooden frames, not upholstered   .",PCS,1887.0,3246.701655,0.003247,2000.133
94017100,"Upholstered seats, with metal frames  . .",PCS,7686.0,13566.459895,0.013566,7521.341
94017900,"Seats with metal frames, not upholstered  . .",PCS,17231.0,35398.952974,0.035399,18144.777
94018010,Commode chair of a kind used by people with physical impairment,PCS,1556.0,2579.969854,0.00258,0.195
94018090,"Other Seats, nes   .",PCS,8075.0,11169.601005,0.01117,4686.542
94019100,Seats parts Of wood,PCS,1030.0,136.543231,0.000137,67.647
94019900,Seats parts of other materials (excel wood),PCS,121018.0,27119.970247,0.02712,9100.375
94021010,Dentistis' Chair,PCS,82.0,13945.81735,0.013946,2601.369
94021020,Barbers' chairs and similar chairs,PCS,840.0,7059.599104,0.00706,1330.347
94021090,"Dentists', barbers' or similar chairs parts thereof",PCS,362.0,2438.83131,0.002439,453.718
94029010,ICU Bed,PCS,599.0,22729.904279,0.02273,4272.355
94029020,Other Bed Used in Hospital,PCS,4351.0,24797.010509,0.024797,4625.825
94029090,"Other, parts thereoff",PCS,4975.0,126863.365865,0.126863,5336.829
94031000,Metal furniture of a kind used in offices   excl seats),PCS,9039.0,83125.174066,0.083125,34379.919
94032010,Metal walker use by physically disable person,PCS,946.0,1084.598178,0.001085,0.13
94032090,"Metal furniture, nes (excl seats and iron i g table).",PCS,59295.0,90245.999468,0.090246,50903.291
94033000,Wooden furniture of a kind used in offices  (excl seats).,PCS,5804.52,48688.998066,0.048689,13951.949
94034000,Wooden furniture of a kind used in the kit  hen (excl seats).,PCS,1246.0,6467.7463,0.006468,3755.663
94035000,Wooden furniture of a kind used in the bed  oom (excl seats).,PCS,5525.0,47339.341244,0.047339,12064.267
94036000,"Wooden furniture, nes   .",PCS,22042.4,79640.517793,0.079641,43019.042
94037010,Plastics Walker of a kind used by people with physical impairment,PCS,97.0,143.957049,0.000144,0.0
94037020,Baby walker of plastics,PCS,8656.0,3732.290914,0.003732,1626.684
94037090,Furniture of plastic,PCS,22976.0,24957.807276,0.024958,9140.835
94038200,furniture Of bamboo,PCS,46.0,222.025686,0.000222,136.84
94038900,"Furniture of other materials, (excel bamboo & rattan)",PCS,46579.0,41947.530223,0.041948,26168.17
94039100,Furniture parts of wood,PCS,11767.0,3243.776032,0.003244,1523.739
94039900,Furniture parts of other materials (excel wood),PCS,262742.200001,42067.900808,0.042068,17322.69
94041000,Mattress supports   .,PCS,6655.0,6093.405637,0.006093,2151.612
94042100,Mattresses of cellular rubber or plastics   .,PCS,378.0,2071.689199,0.002072,889.776
94042900,"Mattresses of other materials, nes   .",PCS,11126.0,46512.827269,0.046513,18450.844
94043000,Sleeping bags  . .,PCS,6350.0,28955.392538,0.028955,109.068
94044000,"Quilts, bedspreads, eiderdowns and duvets (comforters)",PCS,30029.0,20860.375987,0.02086,7719.13
94049000,"Articles of bedding, stuffed, etc (excl m a tresses and sleeping bags)",PCS,55774.0,19887.953704,0.019888,9851.207
94051100,Designed for use solely with light-emitting diode (LED) light sources,PCS,557300.0,129337.056339,0.129337,43142.537
94051900,Other chandeliers and other electric ceiling or wall lighting fittings,PCS,522607.0,51720.601423,0.051721,17354.044
94052100,"Electric table, desk, bedside or floor-standing Designed for use solely with(LED) light",PCS,66752.0,19775.534006,0.019776,7250.442
94052900,"Other Electric table, desk, bedside or floor-standing luminaires",PCS,233262.0,43855.523353,0.043856,16298.482
94053100,"Lighting strings, used for Christmas trees Designed for use solely with(LED) light",PCS,18598.0,729.245692,0.000729,354.675
94053900,Other Lighting strings of a kind used for Christmas trees,PCS,85625.0,17582.599523,0.017583,6178.98
94054100,"Other electric luminaires Photovoltaic,designed for use solely with LED) light sources",PCS,241364.0,67681.638983,0.067682,23384.585
94054200,"Other electric luminaires, designed for use solely with (LED) light sources",PCS,349686.0,92766.149032,0.092766,31091.762
94054900,Other Other electric luminaires and lighting fittings,PCS,242021.0,118936.576857,0.118937,35209.303
94055000,None-electrical luminaires and lighting fittings,PCS,2528.0,441.627475,0.000442,82.289
94056100,"Illuminated signs, illuminated name-plates Designed for use solely with (LED) light",PCS,17729.0,1786.85024,0.001787,641.586
94056900,"Other Illuminated signs, illuminated name-plates and the like",PCS,35246.0,28750.753802,0.028751,3625.86
94059190,Parts of glass for other lamps,PCS,2532.0,289.600408,0.00029,71.259
94059290,Parts of plastic for other lamps  .,PCS,51230.0,1604.226303,0.001604,390.378
94059900,"Parts (excl of glass or plastics) of lamp s and lighting fittings, etc",PCS,5681899.0,141342.289892,0.141342,33384.029
94061090,Fabricated building of wood,PCS,5.0,1832.926375,0.001833,1128.902
94062000,"Modular building units, of steel",PCS,38986.0,41351.476,0.041351,22806.603
94069010,Green house of other meterials (excel wood),PCS,19.0,249.665578,0.00025,117.161
94069090,Fabricated buildings of others,PCS,6637.0,50580.469382,0.05058,21726.156
95030000,"Tricycles, scooters, pedal cars and simila   wheeled toys; dolls' carriages; doll",PCS,4082383.0,225597.862594,0.225598,87625.162
95042000,Articles and accessories for billiards of  all kinds.,PCS,1333.0,12876.575874,0.012877,4733.745
95043000,"Other games, operated by coins, banknotes,  ankcards, tokens or by any other mean",PCS,7438.0,43247.493943,0.043247,15885.549
95044000,Playing cards,PCS,1992265.0,51836.242806,0.051836,31158.655
95045000,"Video game consoles and machines, other tha  those of subheading 950430",PCS,827.0,4778.027301,0.004778,1769.044
95049000,"Other rticles for funfair, table or parlou   games, nes",PCS,159022.0,13639.29181,0.013639,4951.678
95051010,Articles for Christmas festivities of felt (Jamoth),Kg,92.8,54.749238,5.5e-05,31.044
95051090,Articles for christmas festivities of other (excel felt),Kg,322.66,155.249762,0.000155,76.789
95059000,"Festive, carnival or other entertainment a  ticles, nes",Kg,129600.864185,31270.684365,0.031271,11826.916
95061200,Ski-fastenings (ski-bindings)   .,PCS,15.0,37.640828,3.8e-05,9.148
95061900,"Snow-ski equipment, nes   .",PCS,7410.0,823.81503,0.000824,200.231
95062900,"Water-skis, surf-boards and other water-sp  rt equipment.",PCS,712.0,2324.871049,0.002325,84.124
95063100,"Golf clubs, complete  . .",PCS,3.0,86.413883,8.6e-05,21.131
95063200,Golf balls   .,PCS,1762.0,280.419018,0.00028,68.213
95063900,"Golf equipment, nes",PCS,15.0,55.756191,5.6e-05,13.683
95064000,Articles and equipment for table-tennis,PCS,100759.0,2864.434686,0.002864,714.557
95065100,Lawn-tennis rackets   .,PCS,16104.0,7304.11104,0.007304,1830.825
95065900,"Tennis batminton or similar rackets, nes  . .",PCS,241452.0,52888.447193,0.052888,13412.203
95066100,Lawn-tennis balls   .,PCS,38805.0,1286.635172,0.001287,312.962
95066200,Inflatable balls  . .,PCS,205982.0,44409.819796,0.04441,11604.108
95066900,"Balls (excl golf, table-tennis, lawn tenn i  and inflatable).",PCS,250724.0,20834.484195,0.020834,5406.577
95067000,"Ice skates and roller skates, including sk  ting boots with skates attached[NPR]. [NPR]",PAIR,4888.0,11781.926698,0.011782,2944.645
95069100,"Articles and equipment for general physica   exercise, gymnastics or athletics",PCS,231987.0,174040.995149,0.174041,42466.819
95069900,"Other articles and equipment for sport, ne   & article of swimming pools&padding",PCS,252216.0,48220.314948,0.04822,11945.624
95071000,Fishing rods   .,PCS,679.0,198.401441,0.000198,39.698
95072000,Fish-hooks,Kg,60.7,25.47416,2.5e-05,4.959
95073000,Fishing reels  . .,PCS,21.0,3.38217,3e-06,0.793
95079000,"Line fishing tackle, fish landing nets, bu  terfly and similar nets, decoy birds.",PCS,241894.0,2015.086445,0.002015,380.809
95081000,Travelling circuses and travelling menageries,PCS,1.0,0.06953,0.0,0.027
95082100,Roller coasters,PCS,1.0,25.11892,2.5e-05,9.293
95082200,"Carousels, swings and roundabouts",PCS,3.0,373.934307,0.000374,137.352
95082400,Motion simulators and moving theatres,PCS,1.0,3325.08,0.003325,1221.368
95082600,Water park amusements,PCS,81.0,33.463852,3.3e-05,12.294
95082900,Other Amusement park rides & water park amusements (Excl subheading 950821 to 950826),PCS,67.0,471.419404,0.000471,173.288
95083000,Fairground amusements,PCS,1.0,138.241734,0.000138,50.778
96019000,"Worked bone, tortoise-shell, horn antler,   oral, and articles thereof, nes",Kg,1442.595,709.478388,0.000709,252.616
96020000,"Worked vegetable or mineral; moulded  ariti les of wax, sterin, etc",Kg,9788.420004,6142.868477,0.006143,1947.879
96031000,"Brooms and brushes, of twigs or other vege  able materials bound together",PCS,818282.0,32602.635154,0.032603,9769.345
96032100,Tooth brushes including dental-plate brush  s,PCS,3613947.0,75421.045627,0.075421,22759.907
96032900,"Shaving, hair, nail, eyelash, toilet brush  s for use on the person & parts",PCS,835456.0,14578.010219,0.014578,4417.493
96033000,"Artists', writing brushes and brushes for   he application of cosmetics",PCS,511469.0,2974.182188,0.002974,971.853
96034000,"Paint, distemper, varnish or similar brush  s; paint pads and rollers",PCS,554837.0,12109.847444,0.01211,3823.284
96035000,"Brushes constituting parts of machines, ap  liances or vehicles, nes.",PCS,176188.0,3644.243529,0.003644,1089.698
96039000,"Hand-operated floor sweepers, mops, feathe   dusters, etc, nes",PCS,1631676.0,64759.553784,0.06476,19150.25
96040000,Hand sieves and hand riddles  . .,PCS,53961.0,1545.284239,0.001545,285.349
96050000,"Travel sets for personal toilet, sewing or  shoe or clothes cleaning.",PCS,34739.0,8080.089024,0.00808,63.097
96061000,"Press-fasteners, snap-fasteners and press-  tuds and parts therefor",Kg,1648.75,1107.580226,0.001108,329.675
96062100,"Buttons of plastics, not covered with text  le material.",Kg,15547.925387,8970.379634,0.00897,2586.976
96062200,"Buttons of base metal, not covered with te  tile material",Kg,2275.205996,2921.500218,0.002922,633.596
96062900,"Buttons, nes",Kg,9175.24,3404.658454,0.003405,1039.811
96063000,Button moulds and other parts of buttons;   utton blanks,Kg,1836.02,441.736429,0.000442,113.07
96071100,Slide fasteners fitted with chain scoops o   base metal.,Kg,21307.942373,19959.99286,0.01996,4673.724
96071900,Slide fasteners not fitted with chain scoo  s of base metal.,Kg,104437.984775,54377.072035,0.054377,15714.804
96072000,Slide fastener parts  .,Kg,66535.333876,34038.586696,0.034039,6314.765
96081000,Ball-point pens   .,PCS,14755145.0,110160.185872,0.11016,33049.612
96082010,Felt-tipped and other porous-tipped pens a  d markers,PCS,671708.0,12161.874249,0.012162,2457.646
96082090,Other - Pens and markers  . .,PCS,744993.0,12728.072983,0.012728,2550.696
96083000,"Fountain pens, stylograph pens and other pe s",PCS,268018.0,5679.744611,0.00568,1060.029
96084000,Propelling or sliding pencils   .,PCS,19540.0,262.398228,0.000262,48.943
96085000,Sets of articles from two or more of subhe  dings 9608,PCS,37127.0,1349.866749,0.00135,251.776
96086000,Refills for ball point pens comprising the  ball point and the ink reservoir.,PCS,711873.0,3136.608967,0.003137,593.154
96089100,Pen nibs and nib points   .,PCS,4683023.0,4413.064551,0.004413,859.692
96089900,"Duplicating stylos; pen/pencil holders; pa  ts of pens, nes.",PCS,26951872.0,12392.21207,0.012392,2315.094
96091000,"Pencils and crayons, with leads encased in a sheath",PCS,5317144.0,28798.232785,0.028798,5392.165
96092000,"Pencil leads, black or coloured",PCS,980762.0,3121.106561,0.003121,583.022
96099000,"Crayons, nes; drawing charcoals, pastels a  d chalks (incl tailors' chalks)",Kg,9816.359995,2414.123709,0.002414,470.537
96100000,"Slates and boards, with writing or drawing  surfaces",PCS,86500.0,10639.389957,0.010639,2002.606
96110000,"Date, sealing or numbering stamps, etc, fo   use in the hand",PCS,5770.0,1503.644059,0.001504,280.793
96121000,Typewriter or similar ribbons inked or oth  rwise prepared,PCS,77317.0,11244.442482,0.011244,2103.93
96122000,Ink-pads   .,PCS,22405.0,572.453541,0.000572,106.905
96131000,"Pocket lighters, gas fuelled, non-refillable",PCS,1600300.0,12918.650071,0.012919,6071.063
96132000,"Pocket lighters, gas fuelled, refillable  . .",PCS,6019.0,52.55239,5.3e-05,24.716
96138000,Lighters etc   .,PCS,54109.0,1625.350781,0.001625,605.741
96139000,Parts of lighters  (excl flint and wicks) .,PCS,101419352.0,77460.118892,0.07746,19960.882
96140000,"Smoking pipes (including pipe  bowls) and   igar or cigarette holders, and parts",PCS,37163.0,3341.606424,0.003342,2416.893
96151100,"Combs, hair-slides and the like of hard ru  ber or plastics",PCS,529803.0,5840.992095,0.005841,2099.572
96151900,"Combs, hair-slides and the like of other m  terials, nes.",PCS,4982532.0,47419.237476,0.047419,17380.698
96159000,"Hairpins; curling pins, curling grips, etc   and parts thereof",PCS,468421.0,7191.046055,0.007191,2665.484
96161000,"Scent sprays and similar toilet sprays, an   mounts and heads therefor",Kg,8469.454311,6464.391162,0.006464,2776.957
96162000,"Powder-puffs and pads for the application   f cosmetics, or toilet preparation",Kg,3738.770307,4149.675894,0.00415,2313.53
96170010,Vaccum Flask complete,PCS,287259.0,75510.266362,0.07551,27538.364
96170020,Vaccum Vessels complete,PCS,53913.0,16722.149986,0.016722,6095.474
96170090,"Vacuum flask & vessels Parts, other than glass inners",PCS,1162.0,466.230163,0.000466,222.81
96180000,"Tailors' dummies, etc; automata and other   nimated displays.",PCS,30010.0,12464.22361,0.012464,6342.079
96190010,Sanitary towel (Pad),PCS,21515959.0,175299.167299,0.175299,32701.021
96190020,Napkins (Diapers),Kg,194595.008755,97849.630341,0.09785,29312.687
96190030,Napkins liners,PCS,16196730.0,232920.03387,0.23292,69764.794
96190040,Tampons & Menstrubal Cup,PCS,8516.0,1750.167341,0.00175,326.785
96190090,"Others similar articles (excel sanitary towel, diapers, liners)",Kg,33679.820285,12373.122953,0.012373,3728.618
96200010,Selfi stick for Smart phone,PCS,6158.0,9427.217668,0.009427,2833.777
96200090,"Monopods, bipods, tripods and similar articles",PCS,96498.0,12728.156236,0.012728,4091.755
97012100,"Paintings, drawings and pastels of an age exceeding 100 years",PCS,16.0,10.0017,1e-05,4.647
97012900,Other than hand-painted or decorated manufactured articles >=100 years,PCS,778.0,115.860569,0.000116,28.179
97019100,"Other Paintings, drawings and pastels (excel >=100 years)",PCS,65.0,25.4846,2.5e-05,6.209
97019900,Other than hand-painted or decorated manufactured articles (excel >=100 years),PCS,8.0,8.85152,9e-06,2.153
97029000,"Other original engravings, prints and lithographs (excl >=100 years)",PCS,90.0,35.235,3.5e-05,8.628
97030000,"Original sculptures and statuary, in any m  terial",PCS,60.0,4.03579,4e-06,0.982
97031000,"Original sculptures and statuary, in any material Of an age exceeding 100 years",PCS,50.0,50.56369,5.1e-05,12.353
97039000,Other original sculptures and statuary in any materials excel >=100 years),PCS,154.0,146.580518,0.000147,35.754
97040000,"Collectors' postage or revenue stamps,  fir t-day covers, etc",Kg,4.132,20.96099,2.1e-05,3.922
97050000,"Collections and collector's pieces of zool  gical, botanical, mineralogical Int",Kg,100.0,173.982344,0.000174,0.065
97053900,Other Collections and collectors' pieces of numismatic interest  (excel >=100 Yrs),Kg,3.0,0.85397,1e-06,0.91
